cik,date,value,component
9534,2001-01-01,1,adoption_domestic
9749,2001-01-01,1,adoption_domestic
796534,2001-01-01,1,adoption_domestic
813828,2001-01-01,1,adoption_domestic
881695,2001-01-01,1,adoption_domestic
895730,2001-01-01,1,adoption_domestic
924101,2001-01-01,1,adoption_domestic
1005229,2001-01-01,1,adoption_domestic
1045014,2001-01-01,1,adoption_domestic
1062622,2001-01-01,1,adoption_domestic
1062623,2001-01-01,1,adoption_domestic
1062624,2001-01-01,1,adoption_domestic
1064435,2001-01-01,1,adoption_domestic
1071598,2001-01-01,1,adoption_domestic
1085475,2001-01-01,1,adoption_domestic
1085476,2001-01-01,1,adoption_domestic
1085537,2001-01-01,1,adoption_domestic
1089341,2001-01-01,1,adoption_domestic
1091667,2001-01-01,1,adoption_domestic
1092935,2001-01-01,1,adoption_domestic
1113948,2001-01-01,1,adoption_domestic
9534,2002-01-01,1,adoption_domestic
9749,2002-01-01,1,adoption_domestic
318378,2002-01-01,1,adoption_domestic
352789,2002-01-01,1,adoption_domestic
796534,2002-01-01,1,adoption_domestic
805792,2002-01-01,1,adoption_domestic
813298,2002-01-01,1,adoption_domestic
895730,2002-01-01,1,adoption_domestic
943605,2002-01-01,1,adoption_domestic
1045014,2002-01-01,1,adoption_domestic
1064435,2002-01-01,1,adoption_domestic
1071598,2002-01-01,1,adoption_domestic
1083663,2002-01-01,1,adoption_domestic
1094816,2002-01-01,1,adoption_domestic
1124653,2002-01-01,1,adoption_domestic
9534,2003-01-01,1,adoption_domestic
318378,2003-01-01,1,adoption_domestic
352789,2003-01-01,1,adoption_domestic
716039,2003-01-01,1,adoption_domestic
773468,2003-01-01,1,adoption_domestic
777491,2003-01-01,1,adoption_domestic
785786,2003-01-01,1,adoption_domestic
796534,2003-01-01,1,adoption_domestic
813298,2003-01-01,1,adoption_domestic
817473,2003-01-01,1,adoption_domestic
865752,2003-01-01,1,adoption_domestic
889057,2003-01-01,1,adoption_domestic
895421,2003-01-01,1,adoption_domestic
895730,2003-01-01,1,adoption_domestic
931784,2003-01-01,1,adoption_domestic
1003815,2003-01-01,1,adoption_domestic
1034842,2003-01-01,1,adoption_domestic
1045014,2003-01-01,1,adoption_domestic
1071598,2003-01-01,1,adoption_domestic
1083663,2003-01-01,1,adoption_domestic
1090012,2003-01-01,1,adoption_domestic
1111590,2003-01-01,1,adoption_domestic
1124653,2003-01-01,1,adoption_domestic
1163165,2003-01-01,1,adoption_domestic
1195454,2003-01-01,1,adoption_domestic
318378,2004-01-01,1,adoption_domestic
352789,2004-01-01,1,adoption_domestic
716039,2004-01-01,1,adoption_domestic
723527,2004-01-01,1,adoption_domestic
773468,2004-01-01,1,adoption_domestic
777491,2004-01-01,1,adoption_domestic
796534,2004-01-01,1,adoption_domestic
813298,2004-01-01,1,adoption_domestic
889057,2004-01-01,1,adoption_domestic
895730,2004-01-01,1,adoption_domestic
931784,2004-01-01,1,adoption_domestic
1034842,2004-01-01,1,adoption_domestic
1045014,2004-01-01,1,adoption_domestic
1066026,2004-01-01,1,adoption_domestic
1083663,2004-01-01,1,adoption_domestic
1086467,2004-01-01,1,adoption_domestic
1111590,2004-01-01,1,adoption_domestic
1124653,2004-01-01,1,adoption_domestic
1163165,2004-01-01,1,adoption_domestic
4447,2005-01-01,1,adoption_domestic
105744,2005-01-01,1,adoption_domestic
318378,2005-01-01,1,adoption_domestic
716039,2005-01-01,1,adoption_domestic
773468,2005-01-01,1,adoption_domestic
777491,2005-01-01,1,adoption_domestic
796534,2005-01-01,1,adoption_domestic
805792,2005-01-01,1,adoption_domestic
916235,2005-01-01,1,adoption_domestic
931784,2005-01-01,1,adoption_domestic
1034842,2005-01-01,1,adoption_domestic
1045014,2005-01-01,1,adoption_domestic
1066026,2005-01-01,1,adoption_domestic
1083663,2005-01-01,1,adoption_domestic
1086467,2005-01-01,1,adoption_domestic
1124653,2005-01-01,1,adoption_domestic
1163165,2005-01-01,1,adoption_domestic
1288359,2005-01-01,1,adoption_domestic
4447,2006-01-01,1,adoption_domestic
93410,2006-01-01,1,adoption_domestic
318378,2006-01-01,1,adoption_domestic
777491,2006-01-01,1,adoption_domestic
778426,2006-01-01,1,adoption_domestic
796534,2006-01-01,1,adoption_domestic
899629,2006-01-01,1,adoption_domestic
916235,2006-01-01,1,adoption_domestic
931784,2006-01-01,1,adoption_domestic
1034842,2006-01-01,1,adoption_domestic
1045014,2006-01-01,1,adoption_domestic
1048422,2006-01-01,1,adoption_domestic
1066026,2006-01-01,1,adoption_domestic
1083663,2006-01-01,1,adoption_domestic
1086467,2006-01-01,1,adoption_domestic
1124653,2006-01-01,1,adoption_domestic
1163165,2006-01-01,1,adoption_domestic
1288359,2006-01-01,1,adoption_domestic
4447,2007-01-01,1,adoption_domestic
75208,2007-01-01,1,adoption_domestic
93410,2007-01-01,1,adoption_domestic
318378,2007-01-01,1,adoption_domestic
796534,2007-01-01,1,adoption_domestic
899629,2007-01-01,1,adoption_domestic
931784,2007-01-01,1,adoption_domestic
1034842,2007-01-01,1,adoption_domestic
1045014,2007-01-01,1,adoption_domestic
1066026,2007-01-01,1,adoption_domestic
1083663,2007-01-01,1,adoption_domestic
1086467,2007-01-01,1,adoption_domestic
1124653,2007-01-01,1,adoption_domestic
1163165,2007-01-01,1,adoption_domestic
1171298,2007-01-01,1,adoption_domestic
1288359,2007-01-01,1,adoption_domestic
1323648,2007-01-01,1,adoption_domestic
1338520,2007-01-01,1,adoption_domestic
1347022,2007-01-01,1,adoption_domestic
4447,2008-01-01,1,adoption_domestic
93410,2008-01-01,1,adoption_domestic
820096,2008-01-01,1,adoption_domestic
870398,2008-01-01,1,adoption_domestic
899629,2008-01-01,1,adoption_domestic
916235,2008-01-01,1,adoption_domestic
931784,2008-01-01,1,adoption_domestic
1034842,2008-01-01,1,adoption_domestic
1045014,2008-01-01,1,adoption_domestic
1066026,2008-01-01,1,adoption_domestic
1083663,2008-01-01,1,adoption_domestic
1086467,2008-01-01,1,adoption_domestic
1089874,2008-01-01,1,adoption_domestic
1094238,2008-01-01,1,adoption_domestic
1124653,2008-01-01,1,adoption_domestic
1163165,2008-01-01,1,adoption_domestic
1171298,2008-01-01,1,adoption_domestic
1182129,2008-01-01,1,adoption_domestic
1192494,2008-01-01,1,adoption_domestic
1288359,2008-01-01,1,adoption_domestic
1323648,2008-01-01,1,adoption_domestic
1338520,2008-01-01,1,adoption_domestic
1347022,2008-01-01,1,adoption_domestic
1399215,2008-01-01,1,adoption_domestic
1406391,2008-01-01,1,adoption_domestic
4447,2009-01-01,1,adoption_domestic
93410,2009-01-01,1,adoption_domestic
820096,2009-01-01,1,adoption_domestic
899629,2009-01-01,1,adoption_domestic
910832,2009-01-01,1,adoption_domestic
931799,2009-01-01,1,adoption_domestic
1034842,2009-01-01,1,adoption_domestic
1066026,2009-01-01,1,adoption_domestic
1083663,2009-01-01,1,adoption_domestic
1084448,2009-01-01,1,adoption_domestic
1094238,2009-01-01,1,adoption_domestic
1163165,2009-01-01,1,adoption_domestic
1192494,2009-01-01,1,adoption_domestic
1288359,2009-01-01,1,adoption_domestic
1323648,2009-01-01,1,adoption_domestic
1338520,2009-01-01,1,adoption_domestic
1345840,2009-01-01,1,adoption_domestic
1376567,2009-01-01,1,adoption_domestic
1406391,2009-01-01,1,adoption_domestic
93410,2010-01-01,1,adoption_domestic
713676,2010-01-01,1,adoption_domestic
721994,2010-01-01,1,adoption_domestic
765880,2010-01-01,1,adoption_domestic
899629,2010-01-01,1,adoption_domestic
910832,2010-01-01,1,adoption_domestic
931799,2010-01-01,1,adoption_domestic
1034842,2010-01-01,1,adoption_domestic
1066026,2010-01-01,1,adoption_domestic
1083663,2010-01-01,1,adoption_domestic
1084448,2010-01-01,1,adoption_domestic
1192494,2010-01-01,1,adoption_domestic
1288359,2010-01-01,1,adoption_domestic
1323648,2010-01-01,1,adoption_domestic
1332174,2010-01-01,1,adoption_domestic
1345840,2010-01-01,1,adoption_domestic
1346616,2010-01-01,1,adoption_domestic
1364742,2010-01-01,1,adoption_domestic
1376567,2010-01-01,1,adoption_domestic
1428205,2010-01-01,1,adoption_domestic
93410,2011-01-01,1,adoption_domestic
713676,2011-01-01,1,adoption_domestic
899629,2011-01-01,1,adoption_domestic
910832,2011-01-01,1,adoption_domestic
931799,2011-01-01,1,adoption_domestic
1034842,2011-01-01,1,adoption_domestic
1066026,2011-01-01,1,adoption_domestic
1083663,2011-01-01,1,adoption_domestic
1163165,2011-01-01,1,adoption_domestic
1182129,2011-01-01,1,adoption_domestic
1288359,2011-01-01,1,adoption_domestic
1323648,2011-01-01,1,adoption_domestic
1332174,2011-01-01,1,adoption_domestic
1335732,2011-01-01,1,adoption_domestic
1345840,2011-01-01,1,adoption_domestic
1346616,2011-01-01,1,adoption_domestic
1364742,2011-01-01,1,adoption_domestic
1376567,2011-01-01,1,adoption_domestic
1428205,2011-01-01,1,adoption_domestic
93410,2012-01-01,1,adoption_domestic
356213,2012-01-01,1,adoption_domestic
713676,2012-01-01,1,adoption_domestic
899629,2012-01-01,1,adoption_domestic
910832,2012-01-01,1,adoption_domestic
1034842,2012-01-01,1,adoption_domestic
1066026,2012-01-01,1,adoption_domestic
1163165,2012-01-01,1,adoption_domestic
1288359,2012-01-01,1,adoption_domestic
1323648,2012-01-01,1,adoption_domestic
1332174,2012-01-01,1,adoption_domestic
1335732,2012-01-01,1,adoption_domestic
1346616,2012-01-01,1,adoption_domestic
1364742,2012-01-01,1,adoption_domestic
4447,2013-01-01,1,adoption_domestic
93410,2013-01-01,1,adoption_domestic
101390,2013-01-01,1,adoption_domestic
713676,2013-01-01,1,adoption_domestic
783005,2013-01-01,1,adoption_domestic
870398,2013-01-01,1,adoption_domestic
875622,2013-01-01,1,adoption_domestic
899629,2013-01-01,1,adoption_domestic
1034842,2013-01-01,1,adoption_domestic
1163165,2013-01-01,1,adoption_domestic
1288359,2013-01-01,1,adoption_domestic
1323648,2013-01-01,1,adoption_domestic
1332174,2013-01-01,1,adoption_domestic
1335732,2013-01-01,1,adoption_domestic
1346616,2013-01-01,1,adoption_domestic
1364742,2013-01-01,1,adoption_domestic
1532961,2013-01-01,1,adoption_domestic
1961,2014-01-01,1,adoption_domestic
4447,2014-01-01,1,adoption_domestic
93410,2014-01-01,1,adoption_domestic
101390,2014-01-01,1,adoption_domestic
713676,2014-01-01,1,adoption_domestic
719739,2014-01-01,1,adoption_domestic
860518,2014-01-01,1,adoption_domestic
899629,2014-01-01,1,adoption_domestic
1022899,2014-01-01,1,adoption_domestic
1034842,2014-01-01,1,adoption_domestic
1065088,2014-01-01,1,adoption_domestic
1083712,2014-01-01,1,adoption_domestic
1086745,2014-01-01,1,adoption_domestic
1096555,2014-01-01,1,adoption_domestic
1130713,2014-01-01,1,adoption_domestic
1163165,2014-01-01,1,adoption_domestic
1273988,2014-01-01,1,adoption_domestic
1277856,2014-01-01,1,adoption_domestic
1288359,2014-01-01,1,adoption_domestic
1323648,2014-01-01,1,adoption_domestic
1329136,2014-01-01,1,adoption_domestic
1332174,2014-01-01,1,adoption_domestic
1335732,2014-01-01,1,adoption_domestic
1364742,2014-01-01,1,adoption_domestic
1380393,2014-01-01,1,adoption_domestic
1410428,2014-01-01,1,adoption_domestic
1436229,2014-01-01,1,adoption_domestic
1437925,2014-01-01,1,adoption_domestic
1456857,2014-01-01,1,adoption_domestic
1504464,2014-01-01,1,adoption_domestic
1522767,2014-01-01,1,adoption_domestic
1527531,2014-01-01,1,adoption_domestic
1528503,2014-01-01,1,adoption_domestic
1529658,2014-01-01,1,adoption_domestic
1530219,2014-01-01,1,adoption_domestic
1532826,2014-01-01,1,adoption_domestic
1532961,2014-01-01,1,adoption_domestic
1535456,2014-01-01,1,adoption_domestic
1535706,2014-01-01,1,adoption_domestic
1536226,2014-01-01,1,adoption_domestic
1541451,2014-01-01,1,adoption_domestic
1542830,2014-01-01,1,adoption_domestic
1543042,2014-01-01,1,adoption_domestic
1544629,2014-01-01,1,adoption_domestic
1545018,2014-01-01,1,adoption_domestic
1548266,2014-01-01,1,adoption_domestic
1548599,2014-01-01,1,adoption_domestic
1550120,2014-01-01,1,adoption_domestic
1550221,2014-01-01,1,adoption_domestic
1552164,2014-01-01,1,adoption_domestic
1552327,2014-01-01,1,adoption_domestic
1552328,2014-01-01,1,adoption_domestic
1553817,2014-01-01,1,adoption_domestic
1554776,2014-01-01,1,adoption_domestic
1556487,2014-01-01,1,adoption_domestic
1556601,2014-01-01,1,adoption_domestic
1556811,2014-01-01,1,adoption_domestic
1556965,2014-01-01,1,adoption_domestic
1557805,2014-01-01,1,adoption_domestic
1558013,2014-01-01,1,adoption_domestic
1558546,2014-01-01,1,adoption_domestic
1559450,2014-01-01,1,adoption_domestic
1560456,2014-01-01,1,adoption_domestic
1561726,2014-01-01,1,adoption_domestic
1561727,2014-01-01,1,adoption_domestic
1566053,2014-01-01,1,adoption_domestic
1566140,2014-01-01,1,adoption_domestic
1566543,2014-01-01,1,adoption_domestic
1566544,2014-01-01,1,adoption_domestic
1567572,2014-01-01,1,adoption_domestic
1569414,2014-01-01,1,adoption_domestic
1571236,2014-01-01,1,adoption_domestic
1572493,2014-01-01,1,adoption_domestic
1573946,2014-01-01,1,adoption_domestic
1575190,2014-01-01,1,adoption_domestic
1575686,2014-01-01,1,adoption_domestic
1576047,2014-01-01,1,adoption_domestic
1577545,2014-01-01,1,adoption_domestic
1578422,2014-01-01,1,adoption_domestic
1578423,2014-01-01,1,adoption_domestic
1578533,2014-01-01,1,adoption_domestic
1579306,2014-01-01,1,adoption_domestic
1580013,2014-01-01,1,adoption_domestic
1580891,2014-01-01,1,adoption_domestic
1581653,2014-01-01,1,adoption_domestic
1582037,2014-01-01,1,adoption_domestic
1582605,2014-01-01,1,adoption_domestic
1584492,2014-01-01,1,adoption_domestic
1585067,2014-01-01,1,adoption_domestic
1585673,2014-01-01,1,adoption_domestic
1586883,2014-01-01,1,adoption_domestic
1587234,2014-01-01,1,adoption_domestic
1587497,2014-01-01,1,adoption_domestic
1587980,2014-01-01,1,adoption_domestic
1587981,2014-01-01,1,adoption_domestic
1588251,2014-01-01,1,adoption_domestic
1589802,2014-01-01,1,adoption_domestic
1589803,2014-01-01,1,adoption_domestic
1589804,2014-01-01,1,adoption_domestic
1590058,2014-01-01,1,adoption_domestic
1590231,2014-01-01,1,adoption_domestic
1590757,2014-01-01,1,adoption_domestic
1593269,2014-01-01,1,adoption_domestic
1961,2015-01-01,1,adoption_domestic
4447,2015-01-01,1,adoption_domestic
93410,2015-01-01,1,adoption_domestic
101390,2015-01-01,1,adoption_domestic
713676,2015-01-01,1,adoption_domestic
719739,2015-01-01,1,adoption_domestic
783005,2015-01-01,1,adoption_domestic
863895,2015-01-01,1,adoption_domestic
878802,2015-01-01,1,adoption_domestic
899629,2015-01-01,1,adoption_domestic
1022899,2015-01-01,1,adoption_domestic
1034842,2015-01-01,1,adoption_domestic
1061169,2015-01-01,1,adoption_domestic
1065088,2015-01-01,1,adoption_domestic
1083712,2015-01-01,1,adoption_domestic
1086745,2015-01-01,1,adoption_domestic
1108046,2015-01-01,1,adoption_domestic
1126003,2015-01-01,1,adoption_domestic
1130713,2015-01-01,1,adoption_domestic
1138724,2015-01-01,1,adoption_domestic
1163165,2015-01-01,1,adoption_domestic
1277856,2015-01-01,1,adoption_domestic
1288359,2015-01-01,1,adoption_domestic
1301075,2015-01-01,1,adoption_domestic
1323648,2015-01-01,1,adoption_domestic
1332174,2015-01-01,1,adoption_domestic
1335732,2015-01-01,1,adoption_domestic
1337298,2015-01-01,1,adoption_domestic
1364742,2015-01-01,1,adoption_domestic
1380393,2015-01-01,1,adoption_domestic
1411059,2015-01-01,1,adoption_domestic
1436229,2015-01-01,1,adoption_domestic
1436549,2015-01-01,1,adoption_domestic
1437925,2015-01-01,1,adoption_domestic
1451448,2015-01-01,1,adoption_domestic
1463258,2015-01-01,1,adoption_domestic
1504464,2015-01-01,1,adoption_domestic
1506503,2015-01-01,1,adoption_domestic
1522767,2015-01-01,1,adoption_domestic
1527531,2015-01-01,1,adoption_domestic
1527795,2015-01-01,1,adoption_domestic
1528503,2015-01-01,1,adoption_domestic
1529658,2015-01-01,1,adoption_domestic
1530219,2015-01-01,1,adoption_domestic
1532826,2015-01-01,1,adoption_domestic
1532961,2015-01-01,1,adoption_domestic
1533106,2015-01-01,1,adoption_domestic
1535456,2015-01-01,1,adoption_domestic
1535706,2015-01-01,1,adoption_domestic
1536226,2015-01-01,1,adoption_domestic
1541451,2015-01-01,1,adoption_domestic
1542830,2015-01-01,1,adoption_domestic
1543042,2015-01-01,1,adoption_domestic
1544629,2015-01-01,1,adoption_domestic
1545018,2015-01-01,1,adoption_domestic
1548266,2015-01-01,1,adoption_domestic
1548599,2015-01-01,1,adoption_domestic
1550120,2015-01-01,1,adoption_domestic
1550221,2015-01-01,1,adoption_domestic
1551906,2015-01-01,1,adoption_domestic
1552164,2015-01-01,1,adoption_domestic
1552328,2015-01-01,1,adoption_domestic
1553817,2015-01-01,1,adoption_domestic
1554776,2015-01-01,1,adoption_domestic
1556487,2015-01-01,1,adoption_domestic
1556601,2015-01-01,1,adoption_domestic
1556811,2015-01-01,1,adoption_domestic
1556965,2015-01-01,1,adoption_domestic
1557805,2015-01-01,1,adoption_domestic
1558013,2015-01-01,1,adoption_domestic
1558441,2015-01-01,1,adoption_domestic
1558546,2015-01-01,1,adoption_domestic
1559450,2015-01-01,1,adoption_domestic
1560456,2015-01-01,1,adoption_domestic
1561726,2015-01-01,1,adoption_domestic
1561727,2015-01-01,1,adoption_domestic
1566053,2015-01-01,1,adoption_domestic
1566543,2015-01-01,1,adoption_domestic
1566544,2015-01-01,1,adoption_domestic
1567572,2015-01-01,1,adoption_domestic
1569414,2015-01-01,1,adoption_domestic
1571236,2015-01-01,1,adoption_domestic
1572493,2015-01-01,1,adoption_domestic
1573946,2015-01-01,1,adoption_domestic
1575190,2015-01-01,1,adoption_domestic
1576047,2015-01-01,1,adoption_domestic
1577545,2015-01-01,1,adoption_domestic
1578422,2015-01-01,1,adoption_domestic
1578423,2015-01-01,1,adoption_domestic
1578533,2015-01-01,1,adoption_domestic
1578731,2015-01-01,1,adoption_domestic
1579306,2015-01-01,1,adoption_domestic
1580013,2015-01-01,1,adoption_domestic
1580891,2015-01-01,1,adoption_domestic
1581653,2015-01-01,1,adoption_domestic
1582037,2015-01-01,1,adoption_domestic
1582605,2015-01-01,1,adoption_domestic
1584492,2015-01-01,1,adoption_domestic
1585067,2015-01-01,1,adoption_domestic
1585673,2015-01-01,1,adoption_domestic
1586883,2015-01-01,1,adoption_domestic
1587234,2015-01-01,1,adoption_domestic
1587497,2015-01-01,1,adoption_domestic
1587980,2015-01-01,1,adoption_domestic
1587981,2015-01-01,1,adoption_domestic
1588251,2015-01-01,1,adoption_domestic
1589802,2015-01-01,1,adoption_domestic
1589803,2015-01-01,1,adoption_domestic
1589804,2015-01-01,1,adoption_domestic
1590058,2015-01-01,1,adoption_domestic
1590231,2015-01-01,1,adoption_domestic
1590757,2015-01-01,1,adoption_domestic
1593269,2015-01-01,1,adoption_domestic
1594100,2015-01-01,1,adoption_domestic
1594136,2015-01-01,1,adoption_domestic
1595710,2015-01-01,1,adoption_domestic
1595726,2015-01-01,1,adoption_domestic
1596958,2015-01-01,1,adoption_domestic
1597339,2015-01-01,1,adoption_domestic
1599714,2015-01-01,1,adoption_domestic
1600823,2015-01-01,1,adoption_domestic
1600824,2015-01-01,1,adoption_domestic
1600831,2015-01-01,1,adoption_domestic
1601617,2015-01-01,1,adoption_domestic
1601705,2015-01-01,1,adoption_domestic
1601744,2015-01-01,1,adoption_domestic
1603578,2015-01-01,1,adoption_domestic
1603669,2015-01-01,1,adoption_domestic
1604083,2015-01-01,1,adoption_domestic
1604119,2015-01-01,1,adoption_domestic
1605257,2015-01-01,1,adoption_domestic
1606442,2015-01-01,1,adoption_domestic
1607484,2015-01-01,1,adoption_domestic
1607641,2015-01-01,1,adoption_domestic
1607865,2015-01-01,1,adoption_domestic
1609671,2015-01-01,1,adoption_domestic
1610486,2015-01-01,1,adoption_domestic
1610796,2015-01-01,1,adoption_domestic
1612124,2015-01-01,1,adoption_domestic
1612126,2015-01-01,1,adoption_domestic
1612518,2015-01-01,1,adoption_domestic
1614033,2015-01-01,1,adoption_domestic
1616666,2015-01-01,1,adoption_domestic
1617760,2015-01-01,1,adoption_domestic
1617959,2015-01-01,1,adoption_domestic
1618150,2015-01-01,1,adoption_domestic
1618713,2015-01-01,1,adoption_domestic
1619511,2015-01-01,1,adoption_domestic
1619616,2015-01-01,1,adoption_domestic
1620305,2015-01-01,1,adoption_domestic
1621368,2015-01-01,1,adoption_domestic
1621379,2015-01-01,1,adoption_domestic
1621466,2015-01-01,1,adoption_domestic
1622413,2015-01-01,1,adoption_domestic
1622765,2015-01-01,1,adoption_domestic
1623838,2015-01-01,1,adoption_domestic
1623916,2015-01-01,1,adoption_domestic
1625123,2015-01-01,1,adoption_domestic
1625426,2015-01-01,1,adoption_domestic
1626745,2015-01-01,1,adoption_domestic
1626941,2015-01-01,1,adoption_domestic
1961,2016-01-01,1,adoption_domestic
4447,2016-01-01,1,adoption_domestic
93410,2016-01-01,1,adoption_domestic
713676,2016-01-01,1,adoption_domestic
719739,2016-01-01,1,adoption_domestic
783005,2016-01-01,1,adoption_domestic
863895,2016-01-01,1,adoption_domestic
878802,2016-01-01,1,adoption_domestic
899629,2016-01-01,1,adoption_domestic
920760,2016-01-01,1,adoption_domestic
933141,2016-01-01,1,adoption_domestic
1034842,2016-01-01,1,adoption_domestic
1126003,2016-01-01,1,adoption_domestic
1130713,2016-01-01,1,adoption_domestic
1138724,2016-01-01,1,adoption_domestic
1163165,2016-01-01,1,adoption_domestic
1277856,2016-01-01,1,adoption_domestic
1288359,2016-01-01,1,adoption_domestic
1337298,2016-01-01,1,adoption_domestic
1360442,2016-01-01,1,adoption_domestic
1364742,2016-01-01,1,adoption_domestic
1380393,2016-01-01,1,adoption_domestic
1436229,2016-01-01,1,adoption_domestic
1438461,2016-01-01,1,adoption_domestic
1458962,2016-01-01,1,adoption_domestic
1463258,2016-01-01,1,adoption_domestic
1504464,2016-01-01,1,adoption_domestic
1527531,2016-01-01,1,adoption_domestic
1527795,2016-01-01,1,adoption_domestic
1528503,2016-01-01,1,adoption_domestic
1529658,2016-01-01,1,adoption_domestic
1530219,2016-01-01,1,adoption_domestic
1532826,2016-01-01,1,adoption_domestic
1532961,2016-01-01,1,adoption_domestic
1533106,2016-01-01,1,adoption_domestic
1535456,2016-01-01,1,adoption_domestic
1535706,2016-01-01,1,adoption_domestic
1536226,2016-01-01,1,adoption_domestic
1541451,2016-01-01,1,adoption_domestic
1542830,2016-01-01,1,adoption_domestic
1543042,2016-01-01,1,adoption_domestic
1544629,2016-01-01,1,adoption_domestic
1545018,2016-01-01,1,adoption_domestic
1548266,2016-01-01,1,adoption_domestic
1548599,2016-01-01,1,adoption_domestic
1550120,2016-01-01,1,adoption_domestic
1550221,2016-01-01,1,adoption_domestic
1552327,2016-01-01,1,adoption_domestic
1552328,2016-01-01,1,adoption_domestic
1553817,2016-01-01,1,adoption_domestic
1554776,2016-01-01,1,adoption_domestic
1556487,2016-01-01,1,adoption_domestic
1556601,2016-01-01,1,adoption_domestic
1556811,2016-01-01,1,adoption_domestic
1556965,2016-01-01,1,adoption_domestic
1557805,2016-01-01,1,adoption_domestic
1558013,2016-01-01,1,adoption_domestic
1558441,2016-01-01,1,adoption_domestic
1558546,2016-01-01,1,adoption_domestic
1559450,2016-01-01,1,adoption_domestic
1560456,2016-01-01,1,adoption_domestic
1561726,2016-01-01,1,adoption_domestic
1561727,2016-01-01,1,adoption_domestic
1566053,2016-01-01,1,adoption_domestic
1566140,2016-01-01,1,adoption_domestic
1566543,2016-01-01,1,adoption_domestic
1566544,2016-01-01,1,adoption_domestic
1567572,2016-01-01,1,adoption_domestic
1569414,2016-01-01,1,adoption_domestic
1571236,2016-01-01,1,adoption_domestic
1572493,2016-01-01,1,adoption_domestic
1573946,2016-01-01,1,adoption_domestic
1575190,2016-01-01,1,adoption_domestic
1575686,2016-01-01,1,adoption_domestic
1576047,2016-01-01,1,adoption_domestic
1577545,2016-01-01,1,adoption_domestic
1578422,2016-01-01,1,adoption_domestic
1578423,2016-01-01,1,adoption_domestic
1578533,2016-01-01,1,adoption_domestic
1579306,2016-01-01,1,adoption_domestic
1580013,2016-01-01,1,adoption_domestic
1580891,2016-01-01,1,adoption_domestic
1581653,2016-01-01,1,adoption_domestic
1582037,2016-01-01,1,adoption_domestic
1582605,2016-01-01,1,adoption_domestic
1584492,2016-01-01,1,adoption_domestic
1585067,2016-01-01,1,adoption_domestic
1585673,2016-01-01,1,adoption_domestic
1586883,2016-01-01,1,adoption_domestic
1587234,2016-01-01,1,adoption_domestic
1587497,2016-01-01,1,adoption_domestic
1587980,2016-01-01,1,adoption_domestic
1587981,2016-01-01,1,adoption_domestic
1588251,2016-01-01,1,adoption_domestic
1589802,2016-01-01,1,adoption_domestic
1589803,2016-01-01,1,adoption_domestic
1589804,2016-01-01,1,adoption_domestic
1590058,2016-01-01,1,adoption_domestic
1590231,2016-01-01,1,adoption_domestic
1590757,2016-01-01,1,adoption_domestic
1593034,2016-01-01,1,adoption_domestic
1593269,2016-01-01,1,adoption_domestic
1594100,2016-01-01,1,adoption_domestic
1594136,2016-01-01,1,adoption_domestic
1595710,2016-01-01,1,adoption_domestic
1595726,2016-01-01,1,adoption_domestic
1596958,2016-01-01,1,adoption_domestic
1597339,2016-01-01,1,adoption_domestic
1599714,2016-01-01,1,adoption_domestic
1600823,2016-01-01,1,adoption_domestic
1600824,2016-01-01,1,adoption_domestic
1600831,2016-01-01,1,adoption_domestic
1601617,2016-01-01,1,adoption_domestic
1601705,2016-01-01,1,adoption_domestic
1601744,2016-01-01,1,adoption_domestic
1603578,2016-01-01,1,adoption_domestic
1603669,2016-01-01,1,adoption_domestic
1604083,2016-01-01,1,adoption_domestic
1604119,2016-01-01,1,adoption_domestic
1605257,2016-01-01,1,adoption_domestic
1606442,2016-01-01,1,adoption_domestic
1607484,2016-01-01,1,adoption_domestic
1607641,2016-01-01,1,adoption_domestic
1607865,2016-01-01,1,adoption_domestic
1609671,2016-01-01,1,adoption_domestic
1610486,2016-01-01,1,adoption_domestic
1610796,2016-01-01,1,adoption_domestic
1612124,2016-01-01,1,adoption_domestic
1612126,2016-01-01,1,adoption_domestic
1612518,2016-01-01,1,adoption_domestic
1614033,2016-01-01,1,adoption_domestic
1616666,2016-01-01,1,adoption_domestic
1617760,2016-01-01,1,adoption_domestic
1617959,2016-01-01,1,adoption_domestic
1618150,2016-01-01,1,adoption_domestic
1618713,2016-01-01,1,adoption_domestic
1619511,2016-01-01,1,adoption_domestic
1619616,2016-01-01,1,adoption_domestic
1620305,2016-01-01,1,adoption_domestic
1621368,2016-01-01,1,adoption_domestic
1621379,2016-01-01,1,adoption_domestic
1621466,2016-01-01,1,adoption_domestic
1622413,2016-01-01,1,adoption_domestic
1622765,2016-01-01,1,adoption_domestic
1623838,2016-01-01,1,adoption_domestic
1623916,2016-01-01,1,adoption_domestic
1625123,2016-01-01,1,adoption_domestic
1625426,2016-01-01,1,adoption_domestic
1626745,2016-01-01,1,adoption_domestic
1626941,2016-01-01,1,adoption_domestic
1628112,2016-01-01,1,adoption_domestic
1629069,2016-01-01,1,adoption_domestic
1629716,2016-01-01,1,adoption_domestic
1630477,2016-01-01,1,adoption_domestic
1630513,2016-01-01,1,adoption_domestic
1631406,2016-01-01,1,adoption_domestic
1632814,2016-01-01,1,adoption_domestic
1633533,2016-01-01,1,adoption_domestic
1633917,2016-01-01,1,adoption_domestic
1634172,2016-01-01,1,adoption_domestic
1634976,2016-01-01,1,adoption_domestic
1635569,2016-01-01,1,adoption_domestic
1636513,2016-01-01,1,adoption_domestic
1636708,2016-01-01,1,adoption_domestic
1637008,2016-01-01,1,adoption_domestic
1638227,2016-01-01,1,adoption_domestic
1638933,2016-01-01,1,adoption_domestic
1639353,2016-01-01,1,adoption_domestic
1640052,2016-01-01,1,adoption_domestic
1640584,2016-01-01,1,adoption_domestic
1640775,2016-01-01,1,adoption_domestic
1642727,2016-01-01,1,adoption_domestic
1643293,2016-01-01,1,adoption_domestic
1643550,2016-01-01,1,adoption_domestic
1643661,2016-01-01,1,adoption_domestic
1643873,2016-01-01,1,adoption_domestic
1644697,2016-01-01,1,adoption_domestic
1644943,2016-01-01,1,adoption_domestic
1645384,2016-01-01,1,adoption_domestic
1646736,2016-01-01,1,adoption_domestic
1646924,2016-01-01,1,adoption_domestic
1647587,2016-01-01,1,adoption_domestic
1647980,2016-01-01,1,adoption_domestic
1648195,2016-01-01,1,adoption_domestic
1648439,2016-01-01,1,adoption_domestic
1648858,2016-01-01,1,adoption_domestic
1649184,2016-01-01,1,adoption_domestic
1651164,2016-01-01,1,adoption_domestic
1651588,2016-01-01,1,adoption_domestic
1651790,2016-01-01,1,adoption_domestic
1652031,2016-01-01,1,adoption_domestic
1652672,2016-01-01,1,adoption_domestic
1652884,2016-01-01,1,adoption_domestic
1652982,2016-01-01,1,adoption_domestic
1653323,2016-01-01,1,adoption_domestic
1653542,2016-01-01,1,adoption_domestic
1654330,2016-01-01,1,adoption_domestic
1654734,2016-01-01,1,adoption_domestic
1655153,2016-01-01,1,adoption_domestic
1655591,2016-01-01,1,adoption_domestic
1656047,2016-01-01,1,adoption_domestic
1656088,2016-01-01,1,adoption_domestic
1656681,2016-01-01,1,adoption_domestic
1656839,2016-01-01,1,adoption_domestic
1657325,2016-01-01,1,adoption_domestic
1659329,2016-01-01,1,adoption_domestic
1659981,2016-01-01,1,adoption_domestic
1961,2017-01-01,1,adoption_domestic
93410,2017-01-01,1,adoption_domestic
315189,2017-01-01,1,adoption_domestic
713676,2017-01-01,1,adoption_domestic
783005,2017-01-01,1,adoption_domestic
899629,2017-01-01,1,adoption_domestic
920760,2017-01-01,1,adoption_domestic
933141,2017-01-01,1,adoption_domestic
1001601,2017-01-01,1,adoption_domestic
1034842,2017-01-01,1,adoption_domestic
1130713,2017-01-01,1,adoption_domestic
1138724,2017-01-01,1,adoption_domestic
1288359,2017-01-01,1,adoption_domestic
1337298,2017-01-01,1,adoption_domestic
1360442,2017-01-01,1,adoption_domestic
1364742,2017-01-01,1,adoption_domestic
1380393,2017-01-01,1,adoption_domestic
1403853,2017-01-01,1,adoption_domestic
1436229,2017-01-01,1,adoption_domestic
1438461,2017-01-01,1,adoption_domestic
1458962,2017-01-01,1,adoption_domestic
1463258,2017-01-01,1,adoption_domestic
1527531,2017-01-01,1,adoption_domestic
1527795,2017-01-01,1,adoption_domestic
1528503,2017-01-01,1,adoption_domestic
1529658,2017-01-01,1,adoption_domestic
1530219,2017-01-01,1,adoption_domestic
1532826,2017-01-01,1,adoption_domestic
1532961,2017-01-01,1,adoption_domestic
1533932,2017-01-01,1,adoption_domestic
1535456,2017-01-01,1,adoption_domestic
1535706,2017-01-01,1,adoption_domestic
1536226,2017-01-01,1,adoption_domestic
1541451,2017-01-01,1,adoption_domestic
1542830,2017-01-01,1,adoption_domestic
1543042,2017-01-01,1,adoption_domestic
1544629,2017-01-01,1,adoption_domestic
1545018,2017-01-01,1,adoption_domestic
1548266,2017-01-01,1,adoption_domestic
1548599,2017-01-01,1,adoption_domestic
1550120,2017-01-01,1,adoption_domestic
1550221,2017-01-01,1,adoption_domestic
1552164,2017-01-01,1,adoption_domestic
1552327,2017-01-01,1,adoption_domestic
1552328,2017-01-01,1,adoption_domestic
1553817,2017-01-01,1,adoption_domestic
1554776,2017-01-01,1,adoption_domestic
1556487,2017-01-01,1,adoption_domestic
1556601,2017-01-01,1,adoption_domestic
1556811,2017-01-01,1,adoption_domestic
1556965,2017-01-01,1,adoption_domestic
1557805,2017-01-01,1,adoption_domestic
1558013,2017-01-01,1,adoption_domestic
1558441,2017-01-01,1,adoption_domestic
1558546,2017-01-01,1,adoption_domestic
1559053,2017-01-01,1,adoption_domestic
1559450,2017-01-01,1,adoption_domestic
1560456,2017-01-01,1,adoption_domestic
1561726,2017-01-01,1,adoption_domestic
1561727,2017-01-01,1,adoption_domestic
1566053,2017-01-01,1,adoption_domestic
1566140,2017-01-01,1,adoption_domestic
1566543,2017-01-01,1,adoption_domestic
1566544,2017-01-01,1,adoption_domestic
1567572,2017-01-01,1,adoption_domestic
1570585,2017-01-01,1,adoption_domestic
1571236,2017-01-01,1,adoption_domestic
1572493,2017-01-01,1,adoption_domestic
1573946,2017-01-01,1,adoption_domestic
1575190,2017-01-01,1,adoption_domestic
1575686,2017-01-01,1,adoption_domestic
1576047,2017-01-01,1,adoption_domestic
1577545,2017-01-01,1,adoption_domestic
1578422,2017-01-01,1,adoption_domestic
1578533,2017-01-01,1,adoption_domestic
1580013,2017-01-01,1,adoption_domestic
1580891,2017-01-01,1,adoption_domestic
1581653,2017-01-01,1,adoption_domestic
1582605,2017-01-01,1,adoption_domestic
1584492,2017-01-01,1,adoption_domestic
1585067,2017-01-01,1,adoption_domestic
1585673,2017-01-01,1,adoption_domestic
1586883,2017-01-01,1,adoption_domestic
1587234,2017-01-01,1,adoption_domestic
1587497,2017-01-01,1,adoption_domestic
1587980,2017-01-01,1,adoption_domestic
1588251,2017-01-01,1,adoption_domestic
1589802,2017-01-01,1,adoption_domestic
1589803,2017-01-01,1,adoption_domestic
1589804,2017-01-01,1,adoption_domestic
1590058,2017-01-01,1,adoption_domestic
1590231,2017-01-01,1,adoption_domestic
1590757,2017-01-01,1,adoption_domestic
1594100,2017-01-01,1,adoption_domestic
1594136,2017-01-01,1,adoption_domestic
1595710,2017-01-01,1,adoption_domestic
1595726,2017-01-01,1,adoption_domestic
1596958,2017-01-01,1,adoption_domestic
1597339,2017-01-01,1,adoption_domestic
1599714,2017-01-01,1,adoption_domestic
1600823,2017-01-01,1,adoption_domestic
1600824,2017-01-01,1,adoption_domestic
1600831,2017-01-01,1,adoption_domestic
1601617,2017-01-01,1,adoption_domestic
1601705,2017-01-01,1,adoption_domestic
1601744,2017-01-01,1,adoption_domestic
1603578,2017-01-01,1,adoption_domestic
1603669,2017-01-01,1,adoption_domestic
1604083,2017-01-01,1,adoption_domestic
1604119,2017-01-01,1,adoption_domestic
1605257,2017-01-01,1,adoption_domestic
1606442,2017-01-01,1,adoption_domestic
1607484,2017-01-01,1,adoption_domestic
1607641,2017-01-01,1,adoption_domestic
1609671,2017-01-01,1,adoption_domestic
1610486,2017-01-01,1,adoption_domestic
1610796,2017-01-01,1,adoption_domestic
1612124,2017-01-01,1,adoption_domestic
1612126,2017-01-01,1,adoption_domestic
1612518,2017-01-01,1,adoption_domestic
1614033,2017-01-01,1,adoption_domestic
1614818,2017-01-01,1,adoption_domestic
1616666,2017-01-01,1,adoption_domestic
1617760,2017-01-01,1,adoption_domestic
1617959,2017-01-01,1,adoption_domestic
1618150,2017-01-01,1,adoption_domestic
1618713,2017-01-01,1,adoption_domestic
1619511,2017-01-01,1,adoption_domestic
1619616,2017-01-01,1,adoption_domestic
1620305,2017-01-01,1,adoption_domestic
1621368,2017-01-01,1,adoption_domestic
1621379,2017-01-01,1,adoption_domestic
1621466,2017-01-01,1,adoption_domestic
1622413,2017-01-01,1,adoption_domestic
1622765,2017-01-01,1,adoption_domestic
1623838,2017-01-01,1,adoption_domestic
1623916,2017-01-01,1,adoption_domestic
1625123,2017-01-01,1,adoption_domestic
1625426,2017-01-01,1,adoption_domestic
1625941,2017-01-01,1,adoption_domestic
1626941,2017-01-01,1,adoption_domestic
1628112,2017-01-01,1,adoption_domestic
1629069,2017-01-01,1,adoption_domestic
1629716,2017-01-01,1,adoption_domestic
1630477,2017-01-01,1,adoption_domestic
1630513,2017-01-01,1,adoption_domestic
1631406,2017-01-01,1,adoption_domestic
1632814,2017-01-01,1,adoption_domestic
1633533,2017-01-01,1,adoption_domestic
1633917,2017-01-01,1,adoption_domestic
1634172,2017-01-01,1,adoption_domestic
1634976,2017-01-01,1,adoption_domestic
1635569,2017-01-01,1,adoption_domestic
1636513,2017-01-01,1,adoption_domestic
1636708,2017-01-01,1,adoption_domestic
1637008,2017-01-01,1,adoption_domestic
1638227,2017-01-01,1,adoption_domestic
1638933,2017-01-01,1,adoption_domestic
1639353,2017-01-01,1,adoption_domestic
1640052,2017-01-01,1,adoption_domestic
1640584,2017-01-01,1,adoption_domestic
1640775,2017-01-01,1,adoption_domestic
1642727,2017-01-01,1,adoption_domestic
1643293,2017-01-01,1,adoption_domestic
1643550,2017-01-01,1,adoption_domestic
1643661,2017-01-01,1,adoption_domestic
1643873,2017-01-01,1,adoption_domestic
1644697,2017-01-01,1,adoption_domestic
1644943,2017-01-01,1,adoption_domestic
1645384,2017-01-01,1,adoption_domestic
1646736,2017-01-01,1,adoption_domestic
1646924,2017-01-01,1,adoption_domestic
1647587,2017-01-01,1,adoption_domestic
1647980,2017-01-01,1,adoption_domestic
1648195,2017-01-01,1,adoption_domestic
1648439,2017-01-01,1,adoption_domestic
1648858,2017-01-01,1,adoption_domestic
1651164,2017-01-01,1,adoption_domestic
1651588,2017-01-01,1,adoption_domestic
1651790,2017-01-01,1,adoption_domestic
1652031,2017-01-01,1,adoption_domestic
1652672,2017-01-01,1,adoption_domestic
1652884,2017-01-01,1,adoption_domestic
1652982,2017-01-01,1,adoption_domestic
1653323,2017-01-01,1,adoption_domestic
1653542,2017-01-01,1,adoption_domestic
1654330,2017-01-01,1,adoption_domestic
1654734,2017-01-01,1,adoption_domestic
1655153,2017-01-01,1,adoption_domestic
1655591,2017-01-01,1,adoption_domestic
1656047,2017-01-01,1,adoption_domestic
1656088,2017-01-01,1,adoption_domestic
1656681,2017-01-01,1,adoption_domestic
1656839,2017-01-01,1,adoption_domestic
1657325,2017-01-01,1,adoption_domestic
1657889,2017-01-01,1,adoption_domestic
1659329,2017-01-01,1,adoption_domestic
1659981,2017-01-01,1,adoption_domestic
1661136,2017-01-01,1,adoption_domestic
1661589,2017-01-01,1,adoption_domestic
1662784,2017-01-01,1,adoption_domestic
1663239,2017-01-01,1,adoption_domestic
1663244,2017-01-01,1,adoption_domestic
1663645,2017-01-01,1,adoption_domestic
1664682,2017-01-01,1,adoption_domestic
1665081,2017-01-01,1,adoption_domestic
1666156,2017-01-01,1,adoption_domestic
1668738,2017-01-01,1,adoption_domestic
1668931,2017-01-01,1,adoption_domestic
1669393,2017-01-01,1,adoption_domestic
1669990,2017-01-01,1,adoption_domestic
1670601,2017-01-01,1,adoption_domestic
1671013,2017-01-01,1,adoption_domestic
1671048,2017-01-01,1,adoption_domestic
1671520,2017-01-01,1,adoption_domestic
1671740,2017-01-01,1,adoption_domestic
1672587,2017-01-01,1,adoption_domestic
1672609,2017-01-01,1,adoption_domestic
1673255,2017-01-01,1,adoption_domestic
1673542,2017-01-01,1,adoption_domestic
1675928,2017-01-01,1,adoption_domestic
1676734,2017-01-01,1,adoption_domestic
1677390,2017-01-01,1,adoption_domestic
1677913,2017-01-01,1,adoption_domestic
1678038,2017-01-01,1,adoption_domestic
1678740,2017-01-01,1,adoption_domestic
1679327,2017-01-01,1,adoption_domestic
1679420,2017-01-01,1,adoption_domestic
1681031,2017-01-01,1,adoption_domestic
1681906,2017-01-01,1,adoption_domestic
1682405,2017-01-01,1,adoption_domestic
1682860,2017-01-01,1,adoption_domestic
1683300,2017-01-01,1,adoption_domestic
1683489,2017-01-01,1,adoption_domestic
1684093,2017-01-01,1,adoption_domestic
1685054,2017-01-01,1,adoption_domestic
1685212,2017-01-01,1,adoption_domestic
1685854,2017-01-01,1,adoption_domestic
1686150,2017-01-01,1,adoption_domestic
1687031,2017-01-01,1,adoption_domestic
1687202,2017-01-01,1,adoption_domestic
1687374,2017-01-01,1,adoption_domestic
1687605,2017-01-01,1,adoption_domestic
1687955,2017-01-01,1,adoption_domestic
1688149,2017-01-01,1,adoption_domestic
1688451,2017-01-01,1,adoption_domestic
1689111,2017-01-01,1,adoption_domestic
1689417,2017-01-01,1,adoption_domestic
1690110,2017-01-01,1,adoption_domestic
1690255,2017-01-01,1,adoption_domestic
1690577,2017-01-01,1,adoption_domestic
1691198,2017-01-01,1,adoption_domestic
1961,2018-01-01,1,adoption_domestic
7323,2018-01-01,1,adoption_domestic
65984,2018-01-01,1,adoption_domestic
66901,2018-01-01,1,adoption_domestic
71508,2018-01-01,1,adoption_domestic
91440,2018-01-01,1,adoption_domestic
93410,2018-01-01,1,adoption_domestic
202584,2018-01-01,1,adoption_domestic
706129,2018-01-01,1,adoption_domestic
713676,2018-01-01,1,adoption_domestic
748268,2018-01-01,1,adoption_domestic
765880,2018-01-01,1,adoption_domestic
783005,2018-01-01,1,adoption_domestic
880631,2018-01-01,1,adoption_domestic
894871,2018-01-01,1,adoption_domestic
896493,2018-01-01,1,adoption_domestic
899629,2018-01-01,1,adoption_domestic
920760,2018-01-01,1,adoption_domestic
933141,2018-01-01,1,adoption_domestic
1001601,2018-01-01,1,adoption_domestic
1021604,2018-01-01,1,adoption_domestic
1034842,2018-01-01,1,adoption_domestic
1041588,2018-01-01,1,adoption_domestic
1065598,2018-01-01,1,adoption_domestic
1078099,2018-01-01,1,adoption_domestic
1084370,2018-01-01,1,adoption_domestic
1120193,2018-01-01,1,adoption_domestic
1130713,2018-01-01,1,adoption_domestic
1138724,2018-01-01,1,adoption_domestic
1142790,2018-01-01,1,adoption_domestic
1156375,2018-01-01,1,adoption_domestic
1167419,2018-01-01,1,adoption_domestic
1288359,2018-01-01,1,adoption_domestic
1327978,2018-01-01,1,adoption_domestic
1337298,2018-01-01,1,adoption_domestic
1348952,2018-01-01,1,adoption_domestic
1355839,2018-01-01,1,adoption_domestic
1364742,2018-01-01,1,adoption_domestic
1374310,2018-01-01,1,adoption_domestic
1376321,2018-01-01,1,adoption_domestic
1392694,2018-01-01,1,adoption_domestic
1427437,2018-01-01,1,adoption_domestic
1436229,2018-01-01,1,adoption_domestic
1438461,2018-01-01,1,adoption_domestic
1444363,2018-01-01,1,adoption_domestic
1458962,2018-01-01,1,adoption_domestic
1459482,2018-01-01,1,adoption_domestic
1463258,2018-01-01,1,adoption_domestic
1471727,2018-01-01,1,adoption_domestic
1483646,2018-01-01,1,adoption_domestic
1495584,2018-01-01,1,adoption_domestic
1507605,2018-01-01,1,adoption_domestic
1512673,2018-01-01,1,adoption_domestic
1515139,2018-01-01,1,adoption_domestic
1520118,2018-01-01,1,adoption_domestic
1526689,2018-01-01,1,adoption_domestic
1527531,2018-01-01,1,adoption_domestic
1528503,2018-01-01,1,adoption_domestic
1529658,2018-01-01,1,adoption_domestic
1530219,2018-01-01,1,adoption_domestic
1532826,2018-01-01,1,adoption_domestic
1532961,2018-01-01,1,adoption_domestic
1535456,2018-01-01,1,adoption_domestic
1535706,2018-01-01,1,adoption_domestic
1536226,2018-01-01,1,adoption_domestic
1541451,2018-01-01,1,adoption_domestic
1542830,2018-01-01,1,adoption_domestic
1543042,2018-01-01,1,adoption_domestic
1544629,2018-01-01,1,adoption_domestic
1545018,2018-01-01,1,adoption_domestic
1548266,2018-01-01,1,adoption_domestic
1548599,2018-01-01,1,adoption_domestic
1550120,2018-01-01,1,adoption_domestic
1550221,2018-01-01,1,adoption_domestic
1552327,2018-01-01,1,adoption_domestic
1552328,2018-01-01,1,adoption_domestic
1553817,2018-01-01,1,adoption_domestic
1554776,2018-01-01,1,adoption_domestic
1556487,2018-01-01,1,adoption_domestic
1556601,2018-01-01,1,adoption_domestic
1556801,2018-01-01,1,adoption_domestic
1556811,2018-01-01,1,adoption_domestic
1556965,2018-01-01,1,adoption_domestic
1557805,2018-01-01,1,adoption_domestic
1558013,2018-01-01,1,adoption_domestic
1558441,2018-01-01,1,adoption_domestic
1558546,2018-01-01,1,adoption_domestic
1559053,2018-01-01,1,adoption_domestic
1559450,2018-01-01,1,adoption_domestic
1560456,2018-01-01,1,adoption_domestic
1561726,2018-01-01,1,adoption_domestic
1561727,2018-01-01,1,adoption_domestic
1566053,2018-01-01,1,adoption_domestic
1566140,2018-01-01,1,adoption_domestic
1566543,2018-01-01,1,adoption_domestic
1566544,2018-01-01,1,adoption_domestic
1566826,2018-01-01,1,adoption_domestic
1567572,2018-01-01,1,adoption_domestic
1569414,2018-01-01,1,adoption_domestic
1571236,2018-01-01,1,adoption_domestic
1572493,2018-01-01,1,adoption_domestic
1573946,2018-01-01,1,adoption_domestic
1575190,2018-01-01,1,adoption_domestic
1575659,2018-01-01,1,adoption_domestic
1575686,2018-01-01,1,adoption_domestic
1576047,2018-01-01,1,adoption_domestic
1577545,2018-01-01,1,adoption_domestic
1577882,2018-01-01,1,adoption_domestic
1578422,2018-01-01,1,adoption_domestic
1578423,2018-01-01,1,adoption_domestic
1578533,2018-01-01,1,adoption_domestic
1579306,2018-01-01,1,adoption_domestic
1580013,2018-01-01,1,adoption_domestic
1580485,2018-01-01,1,adoption_domestic
1580891,2018-01-01,1,adoption_domestic
1581653,2018-01-01,1,adoption_domestic
1582037,2018-01-01,1,adoption_domestic
1582605,2018-01-01,1,adoption_domestic
1582962,2018-01-01,1,adoption_domestic
1584492,2018-01-01,1,adoption_domestic
1585067,2018-01-01,1,adoption_domestic
1585673,2018-01-01,1,adoption_domestic
1586883,2018-01-01,1,adoption_domestic
1587234,2018-01-01,1,adoption_domestic
1587497,2018-01-01,1,adoption_domestic
1587980,2018-01-01,1,adoption_domestic
1587981,2018-01-01,1,adoption_domestic
1588251,2018-01-01,1,adoption_domestic
1589802,2018-01-01,1,adoption_domestic
1589803,2018-01-01,1,adoption_domestic
1589804,2018-01-01,1,adoption_domestic
1590058,2018-01-01,1,adoption_domestic
1590231,2018-01-01,1,adoption_domestic
1590496,2018-01-01,1,adoption_domestic
1590757,2018-01-01,1,adoption_domestic
1593269,2018-01-01,1,adoption_domestic
1594100,2018-01-01,1,adoption_domestic
1594136,2018-01-01,1,adoption_domestic
1595710,2018-01-01,1,adoption_domestic
1595726,2018-01-01,1,adoption_domestic
1596958,2018-01-01,1,adoption_domestic
1597339,2018-01-01,1,adoption_domestic
1597929,2018-01-01,1,adoption_domestic
1599714,2018-01-01,1,adoption_domestic
1600823,2018-01-01,1,adoption_domestic
1600824,2018-01-01,1,adoption_domestic
1600831,2018-01-01,1,adoption_domestic
1601617,2018-01-01,1,adoption_domestic
1601705,2018-01-01,1,adoption_domestic
1601744,2018-01-01,1,adoption_domestic
1603578,2018-01-01,1,adoption_domestic
1603669,2018-01-01,1,adoption_domestic
1604083,2018-01-01,1,adoption_domestic
1604119,2018-01-01,1,adoption_domestic
1605257,2018-01-01,1,adoption_domestic
1605331,2018-01-01,1,adoption_domestic
1606442,2018-01-01,1,adoption_domestic
1607450,2018-01-01,1,adoption_domestic
1607484,2018-01-01,1,adoption_domestic
1607641,2018-01-01,1,adoption_domestic
1607865,2018-01-01,1,adoption_domestic
1609139,2018-01-01,1,adoption_domestic
1609671,2018-01-01,1,adoption_domestic
1610486,2018-01-01,1,adoption_domestic
1610796,2018-01-01,1,adoption_domestic
1611277,2018-01-01,1,adoption_domestic
1612124,2018-01-01,1,adoption_domestic
1612126,2018-01-01,1,adoption_domestic
1612518,2018-01-01,1,adoption_domestic
1614033,2018-01-01,1,adoption_domestic
1616156,2018-01-01,1,adoption_domestic
1616666,2018-01-01,1,adoption_domestic
1617760,2018-01-01,1,adoption_domestic
1617959,2018-01-01,1,adoption_domestic
1618150,2018-01-01,1,adoption_domestic
1618713,2018-01-01,1,adoption_domestic
1619174,2018-01-01,1,adoption_domestic
1619511,2018-01-01,1,adoption_domestic
1619616,2018-01-01,1,adoption_domestic
1620179,2018-01-01,1,adoption_domestic
1620305,2018-01-01,1,adoption_domestic
1621368,2018-01-01,1,adoption_domestic
1621379,2018-01-01,1,adoption_domestic
1621466,2018-01-01,1,adoption_domestic
1622413,2018-01-01,1,adoption_domestic
1622765,2018-01-01,1,adoption_domestic
1623838,2018-01-01,1,adoption_domestic
1623916,2018-01-01,1,adoption_domestic
1625123,2018-01-01,1,adoption_domestic
1625426,2018-01-01,1,adoption_domestic
1625941,2018-01-01,1,adoption_domestic
1626941,2018-01-01,1,adoption_domestic
1628112,2018-01-01,1,adoption_domestic
1629069,2018-01-01,1,adoption_domestic
1629261,2018-01-01,1,adoption_domestic
1629716,2018-01-01,1,adoption_domestic
1630477,2018-01-01,1,adoption_domestic
1630513,2018-01-01,1,adoption_domestic
1631406,2018-01-01,1,adoption_domestic
1632814,2018-01-01,1,adoption_domestic
1633533,2018-01-01,1,adoption_domestic
1634172,2018-01-01,1,adoption_domestic
1634976,2018-01-01,1,adoption_domestic
1635569,2018-01-01,1,adoption_domestic
1636513,2018-01-01,1,adoption_domestic
1636708,2018-01-01,1,adoption_domestic
1637008,2018-01-01,1,adoption_domestic
1638227,2018-01-01,1,adoption_domestic
1638933,2018-01-01,1,adoption_domestic
1639353,2018-01-01,1,adoption_domestic
1640052,2018-01-01,1,adoption_domestic
1640584,2018-01-01,1,adoption_domestic
1640775,2018-01-01,1,adoption_domestic
1642727,2018-01-01,1,adoption_domestic
1643293,2018-01-01,1,adoption_domestic
1643550,2018-01-01,1,adoption_domestic
1643661,2018-01-01,1,adoption_domestic
1643873,2018-01-01,1,adoption_domestic
1644697,2018-01-01,1,adoption_domestic
1644943,2018-01-01,1,adoption_domestic
1645384,2018-01-01,1,adoption_domestic
1646736,2018-01-01,1,adoption_domestic
1646924,2018-01-01,1,adoption_domestic
1647587,2018-01-01,1,adoption_domestic
1647980,2018-01-01,1,adoption_domestic
1648195,2018-01-01,1,adoption_domestic
1648439,2018-01-01,1,adoption_domestic
1648858,2018-01-01,1,adoption_domestic
1649184,2018-01-01,1,adoption_domestic
1651164,2018-01-01,1,adoption_domestic
1651588,2018-01-01,1,adoption_domestic
1651790,2018-01-01,1,adoption_domestic
1652031,2018-01-01,1,adoption_domestic
1652672,2018-01-01,1,adoption_domestic
1652884,2018-01-01,1,adoption_domestic
1652958,2018-01-01,1,adoption_domestic
1652982,2018-01-01,1,adoption_domestic
1653323,2018-01-01,1,adoption_domestic
1653542,2018-01-01,1,adoption_domestic
1654330,2018-01-01,1,adoption_domestic
1654734,2018-01-01,1,adoption_domestic
1655153,2018-01-01,1,adoption_domestic
1655591,2018-01-01,1,adoption_domestic
1656047,2018-01-01,1,adoption_domestic
1656088,2018-01-01,1,adoption_domestic
1656681,2018-01-01,1,adoption_domestic
1656839,2018-01-01,1,adoption_domestic
1657325,2018-01-01,1,adoption_domestic
1657889,2018-01-01,1,adoption_domestic
1659329,2018-01-01,1,adoption_domestic
1659981,2018-01-01,1,adoption_domestic
1661136,2018-01-01,1,adoption_domestic
1661589,2018-01-01,1,adoption_domestic
1662784,2018-01-01,1,adoption_domestic
1663239,2018-01-01,1,adoption_domestic
1663240,2018-01-01,1,adoption_domestic
1663244,2018-01-01,1,adoption_domestic
1663645,2018-01-01,1,adoption_domestic
1664682,2018-01-01,1,adoption_domestic
1665081,2018-01-01,1,adoption_domestic
1666156,2018-01-01,1,adoption_domestic
1668738,2018-01-01,1,adoption_domestic
1668931,2018-01-01,1,adoption_domestic
1669393,2018-01-01,1,adoption_domestic
1669990,2018-01-01,1,adoption_domestic
1670601,2018-01-01,1,adoption_domestic
1671013,2018-01-01,1,adoption_domestic
1671048,2018-01-01,1,adoption_domestic
1671520,2018-01-01,1,adoption_domestic
1671740,2018-01-01,1,adoption_domestic
1672587,2018-01-01,1,adoption_domestic
1672609,2018-01-01,1,adoption_domestic
1673255,2018-01-01,1,adoption_domestic
1673542,2018-01-01,1,adoption_domestic
1675928,2018-01-01,1,adoption_domestic
1676734,2018-01-01,1,adoption_domestic
1676852,2018-01-01,1,adoption_domestic
1677390,2018-01-01,1,adoption_domestic
1677913,2018-01-01,1,adoption_domestic
1678038,2018-01-01,1,adoption_domestic
1678740,2018-01-01,1,adoption_domestic
1679327,2018-01-01,1,adoption_domestic
1679420,2018-01-01,1,adoption_domestic
1681031,2018-01-01,1,adoption_domestic
1681906,2018-01-01,1,adoption_domestic
1682405,2018-01-01,1,adoption_domestic
1682860,2018-01-01,1,adoption_domestic
1683300,2018-01-01,1,adoption_domestic
1683489,2018-01-01,1,adoption_domestic
1684093,2018-01-01,1,adoption_domestic
1685054,2018-01-01,1,adoption_domestic
1685212,2018-01-01,1,adoption_domestic
1685854,2018-01-01,1,adoption_domestic
1686150,2018-01-01,1,adoption_domestic
1687031,2018-01-01,1,adoption_domestic
1687202,2018-01-01,1,adoption_domestic
1687374,2018-01-01,1,adoption_domestic
1687605,2018-01-01,1,adoption_domestic
1687955,2018-01-01,1,adoption_domestic
1688126,2018-01-01,1,adoption_domestic
1688149,2018-01-01,1,adoption_domestic
1688451,2018-01-01,1,adoption_domestic
1688957,2018-01-01,1,adoption_domestic
1689111,2018-01-01,1,adoption_domestic
1689417,2018-01-01,1,adoption_domestic
1690110,2018-01-01,1,adoption_domestic
1690255,2018-01-01,1,adoption_domestic
1690577,2018-01-01,1,adoption_domestic
1691198,2018-01-01,1,adoption_domestic
1693368,2018-01-01,1,adoption_domestic
1693737,2018-01-01,1,adoption_domestic
1694649,2018-01-01,1,adoption_domestic
1695154,2018-01-01,1,adoption_domestic
1695924,2018-01-01,1,adoption_domestic
1696707,2018-01-01,1,adoption_domestic
1698685,2018-01-01,1,adoption_domestic
1699099,2018-01-01,1,adoption_domestic
1699462,2018-01-01,1,adoption_domestic
1699683,2018-01-01,1,adoption_domestic
1700668,2018-01-01,1,adoption_domestic
1701638,2018-01-01,1,adoption_domestic
1702015,2018-01-01,1,adoption_domestic
1702745,2018-01-01,1,adoption_domestic
1702746,2018-01-01,1,adoption_domestic
1703075,2018-01-01,1,adoption_domestic
1704459,2018-01-01,1,adoption_domestic
1705163,2018-01-01,1,adoption_domestic
1706060,2018-01-01,1,adoption_domestic
1706303,2018-01-01,1,adoption_domestic
1706403,2018-01-01,1,adoption_domestic
1707817,2018-01-01,1,adoption_domestic
1708131,2018-01-01,1,adoption_domestic
1709967,2018-01-01,1,adoption_domestic
1710261,2018-01-01,1,adoption_domestic
1710360,2018-01-01,1,adoption_domestic
1710765,2018-01-01,1,adoption_domestic
1710798,2018-01-01,1,adoption_domestic
1711142,2018-01-01,1,adoption_domestic
1712184,2018-01-01,1,adoption_domestic
1713226,2018-01-01,1,adoption_domestic
1713393,2018-01-01,1,adoption_domestic
1714154,2018-01-01,1,adoption_domestic
1714679,2018-01-01,1,adoption_domestic
1715824,2018-01-01,1,adoption_domestic
1715846,2018-01-01,1,adoption_domestic
1716186,2018-01-01,1,adoption_domestic
1716187,2018-01-01,1,adoption_domestic
1716263,2018-01-01,1,adoption_domestic
1716602,2018-01-01,1,adoption_domestic
1718304,2018-01-01,1,adoption_domestic
1718322,2018-01-01,1,adoption_domestic
1718483,2018-01-01,1,adoption_domestic
1719195,2018-01-01,1,adoption_domestic
1719199,2018-01-01,1,adoption_domestic
1719959,2018-01-01,1,adoption_domestic
1720474,2018-01-01,1,adoption_domestic
1720748,2018-01-01,1,adoption_domestic
1721373,2018-01-01,1,adoption_domestic
1721905,2018-01-01,1,adoption_domestic
1723291,2018-01-01,1,adoption_domestic
1723306,2018-01-01,1,adoption_domestic
1724177,2018-01-01,1,adoption_domestic
91440,2019-01-01,1,adoption_domestic
93410,2019-01-01,1,adoption_domestic
706129,2019-01-01,1,adoption_domestic
709283,2019-01-01,1,adoption_domestic
713676,2019-01-01,1,adoption_domestic
748268,2019-01-01,1,adoption_domestic
765880,2019-01-01,1,adoption_domestic
783005,2019-01-01,1,adoption_domestic
823546,2019-01-01,1,adoption_domestic
837852,2019-01-01,1,adoption_domestic
842013,2019-01-01,1,adoption_domestic
862651,2019-01-01,1,adoption_domestic
896493,2019-01-01,1,adoption_domestic
899629,2019-01-01,1,adoption_domestic
920448,2019-01-01,1,adoption_domestic
920760,2019-01-01,1,adoption_domestic
933141,2019-01-01,1,adoption_domestic
1001601,2019-01-01,1,adoption_domestic
1032033,2019-01-01,1,adoption_domestic
1034842,2019-01-01,1,adoption_domestic
1078099,2019-01-01,1,adoption_domestic
1130713,2019-01-01,1,adoption_domestic
1138724,2019-01-01,1,adoption_domestic
1142790,2019-01-01,1,adoption_domestic
1156375,2019-01-01,1,adoption_domestic
1167419,2019-01-01,1,adoption_domestic
1288359,2019-01-01,1,adoption_domestic
1327978,2019-01-01,1,adoption_domestic
1337298,2019-01-01,1,adoption_domestic
1355839,2019-01-01,1,adoption_domestic
1364742,2019-01-01,1,adoption_domestic
1374310,2019-01-01,1,adoption_domestic
1376321,2019-01-01,1,adoption_domestic
1392694,2019-01-01,1,adoption_domestic
1411059,2019-01-01,1,adoption_domestic
1423824,2019-01-01,1,adoption_domestic
1434110,2019-01-01,1,adoption_domestic
1436229,2019-01-01,1,adoption_domestic
1437283,2019-01-01,1,adoption_domestic
1443611,2019-01-01,1,adoption_domestic
1444363,2019-01-01,1,adoption_domestic
1459482,2019-01-01,1,adoption_domestic
1463258,2019-01-01,1,adoption_domestic
1495584,2019-01-01,1,adoption_domestic
1507605,2019-01-01,1,adoption_domestic
1512673,2019-01-01,1,adoption_domestic
1515139,2019-01-01,1,adoption_domestic
1520118,2019-01-01,1,adoption_domestic
1527531,2019-01-01,1,adoption_domestic
1528503,2019-01-01,1,adoption_domestic
1529658,2019-01-01,1,adoption_domestic
1532826,2019-01-01,1,adoption_domestic
1532961,2019-01-01,1,adoption_domestic
1535456,2019-01-01,1,adoption_domestic
1535706,2019-01-01,1,adoption_domestic
1536226,2019-01-01,1,adoption_domestic
1541451,2019-01-01,1,adoption_domestic
1542830,2019-01-01,1,adoption_domestic
1543042,2019-01-01,1,adoption_domestic
1544629,2019-01-01,1,adoption_domestic
1545018,2019-01-01,1,adoption_domestic
1548266,2019-01-01,1,adoption_domestic
1548599,2019-01-01,1,adoption_domestic
1550120,2019-01-01,1,adoption_domestic
1550221,2019-01-01,1,adoption_domestic
1552164,2019-01-01,1,adoption_domestic
1552327,2019-01-01,1,adoption_domestic
1552328,2019-01-01,1,adoption_domestic
1553817,2019-01-01,1,adoption_domestic
1554776,2019-01-01,1,adoption_domestic
1556601,2019-01-01,1,adoption_domestic
1556811,2019-01-01,1,adoption_domestic
1556965,2019-01-01,1,adoption_domestic
1557805,2019-01-01,1,adoption_domestic
1558013,2019-01-01,1,adoption_domestic
1558441,2019-01-01,1,adoption_domestic
1558546,2019-01-01,1,adoption_domestic
1559053,2019-01-01,1,adoption_domestic
1559450,2019-01-01,1,adoption_domestic
1560456,2019-01-01,1,adoption_domestic
1561180,2019-01-01,1,adoption_domestic
1561726,2019-01-01,1,adoption_domestic
1561727,2019-01-01,1,adoption_domestic
1566053,2019-01-01,1,adoption_domestic
1566543,2019-01-01,1,adoption_domestic
1566544,2019-01-01,1,adoption_domestic
1566826,2019-01-01,1,adoption_domestic
1567572,2019-01-01,1,adoption_domestic
1569414,2019-01-01,1,adoption_domestic
1571236,2019-01-01,1,adoption_domestic
1571949,2019-01-01,1,adoption_domestic
1572493,2019-01-01,1,adoption_domestic
1575190,2019-01-01,1,adoption_domestic
1575659,2019-01-01,1,adoption_domestic
1576047,2019-01-01,1,adoption_domestic
1577545,2019-01-01,1,adoption_domestic
1578422,2019-01-01,1,adoption_domestic
1578423,2019-01-01,1,adoption_domestic
1578533,2019-01-01,1,adoption_domestic
1579306,2019-01-01,1,adoption_domestic
1580013,2019-01-01,1,adoption_domestic
1580891,2019-01-01,1,adoption_domestic
1581653,2019-01-01,1,adoption_domestic
1582037,2019-01-01,1,adoption_domestic
1582605,2019-01-01,1,adoption_domestic
1582962,2019-01-01,1,adoption_domestic
1585067,2019-01-01,1,adoption_domestic
1585673,2019-01-01,1,adoption_domestic
1587234,2019-01-01,1,adoption_domestic
1587980,2019-01-01,1,adoption_domestic
1587981,2019-01-01,1,adoption_domestic
1588251,2019-01-01,1,adoption_domestic
1589802,2019-01-01,1,adoption_domestic
1589803,2019-01-01,1,adoption_domestic
1589804,2019-01-01,1,adoption_domestic
1590058,2019-01-01,1,adoption_domestic
1590231,2019-01-01,1,adoption_domestic
1590757,2019-01-01,1,adoption_domestic
1593269,2019-01-01,1,adoption_domestic
1594136,2019-01-01,1,adoption_domestic
1595710,2019-01-01,1,adoption_domestic
1595726,2019-01-01,1,adoption_domestic
1596958,2019-01-01,1,adoption_domestic
1597339,2019-01-01,1,adoption_domestic
1599714,2019-01-01,1,adoption_domestic
1600823,2019-01-01,1,adoption_domestic
1600831,2019-01-01,1,adoption_domestic
1601617,2019-01-01,1,adoption_domestic
1601705,2019-01-01,1,adoption_domestic
1601744,2019-01-01,1,adoption_domestic
1602658,2019-01-01,1,adoption_domestic
1603578,2019-01-01,1,adoption_domestic
1603669,2019-01-01,1,adoption_domestic
1604083,2019-01-01,1,adoption_domestic
1604119,2019-01-01,1,adoption_domestic
1605257,2019-01-01,1,adoption_domestic
1605331,2019-01-01,1,adoption_domestic
1606442,2019-01-01,1,adoption_domestic
1607484,2019-01-01,1,adoption_domestic
1607641,2019-01-01,1,adoption_domestic
1607865,2019-01-01,1,adoption_domestic
1609139,2019-01-01,1,adoption_domestic
1609671,2019-01-01,1,adoption_domestic
1610486,2019-01-01,1,adoption_domestic
1610796,2019-01-01,1,adoption_domestic
1611277,2019-01-01,1,adoption_domestic
1612124,2019-01-01,1,adoption_domestic
1612126,2019-01-01,1,adoption_domestic
1612518,2019-01-01,1,adoption_domestic
1614033,2019-01-01,1,adoption_domestic
1616156,2019-01-01,1,adoption_domestic
1617760,2019-01-01,1,adoption_domestic
1617959,2019-01-01,1,adoption_domestic
1618150,2019-01-01,1,adoption_domestic
1618713,2019-01-01,1,adoption_domestic
1619511,2019-01-01,1,adoption_domestic
1619616,2019-01-01,1,adoption_domestic
1620179,2019-01-01,1,adoption_domestic
1620305,2019-01-01,1,adoption_domestic
1621368,2019-01-01,1,adoption_domestic
1621379,2019-01-01,1,adoption_domestic
1621466,2019-01-01,1,adoption_domestic
1622413,2019-01-01,1,adoption_domestic
1622765,2019-01-01,1,adoption_domestic
1623838,2019-01-01,1,adoption_domestic
1623916,2019-01-01,1,adoption_domestic
1625426,2019-01-01,1,adoption_domestic
1625941,2019-01-01,1,adoption_domestic
1626941,2019-01-01,1,adoption_domestic
1628112,2019-01-01,1,adoption_domestic
1629069,2019-01-01,1,adoption_domestic
1629716,2019-01-01,1,adoption_domestic
1630477,2019-01-01,1,adoption_domestic
1630513,2019-01-01,1,adoption_domestic
1631406,2019-01-01,1,adoption_domestic
1632814,2019-01-01,1,adoption_domestic
1633533,2019-01-01,1,adoption_domestic
1634172,2019-01-01,1,adoption_domestic
1634976,2019-01-01,1,adoption_domestic
1635569,2019-01-01,1,adoption_domestic
1636513,2019-01-01,1,adoption_domestic
1636708,2019-01-01,1,adoption_domestic
1637008,2019-01-01,1,adoption_domestic
1638227,2019-01-01,1,adoption_domestic
1638933,2019-01-01,1,adoption_domestic
1639353,2019-01-01,1,adoption_domestic
1640052,2019-01-01,1,adoption_domestic
1640584,2019-01-01,1,adoption_domestic
1640775,2019-01-01,1,adoption_domestic
1642727,2019-01-01,1,adoption_domestic
1643293,2019-01-01,1,adoption_domestic
1643550,2019-01-01,1,adoption_domestic
1643661,2019-01-01,1,adoption_domestic
1643873,2019-01-01,1,adoption_domestic
1644697,2019-01-01,1,adoption_domestic
1644943,2019-01-01,1,adoption_domestic
1645384,2019-01-01,1,adoption_domestic
1646736,2019-01-01,1,adoption_domestic
1646924,2019-01-01,1,adoption_domestic
1647170,2019-01-01,1,adoption_domestic
1647587,2019-01-01,1,adoption_domestic
1647980,2019-01-01,1,adoption_domestic
1648195,2019-01-01,1,adoption_domestic
1648439,2019-01-01,1,adoption_domestic
1648858,2019-01-01,1,adoption_domestic
1649184,2019-01-01,1,adoption_domestic
1651164,2019-01-01,1,adoption_domestic
1651588,2019-01-01,1,adoption_domestic
1651790,2019-01-01,1,adoption_domestic
1652031,2019-01-01,1,adoption_domestic
1652672,2019-01-01,1,adoption_domestic
1652884,2019-01-01,1,adoption_domestic
1652982,2019-01-01,1,adoption_domestic
1653323,2019-01-01,1,adoption_domestic
1653542,2019-01-01,1,adoption_domestic
1654330,2019-01-01,1,adoption_domestic
1654734,2019-01-01,1,adoption_domestic
1655153,2019-01-01,1,adoption_domestic
1655591,2019-01-01,1,adoption_domestic
1656047,2019-01-01,1,adoption_domestic
1656088,2019-01-01,1,adoption_domestic
1656681,2019-01-01,1,adoption_domestic
1656839,2019-01-01,1,adoption_domestic
1657325,2019-01-01,1,adoption_domestic
1657889,2019-01-01,1,adoption_domestic
1658304,2019-01-01,1,adoption_domestic
1659329,2019-01-01,1,adoption_domestic
1659981,2019-01-01,1,adoption_domestic
1661136,2019-01-01,1,adoption_domestic
1661589,2019-01-01,1,adoption_domestic
1662784,2019-01-01,1,adoption_domestic
1663239,2019-01-01,1,adoption_domestic
1663240,2019-01-01,1,adoption_domestic
1663244,2019-01-01,1,adoption_domestic
1663645,2019-01-01,1,adoption_domestic
1664682,2019-01-01,1,adoption_domestic
1665081,2019-01-01,1,adoption_domestic
1666156,2019-01-01,1,adoption_domestic
1668738,2019-01-01,1,adoption_domestic
1668931,2019-01-01,1,adoption_domestic
1669393,2019-01-01,1,adoption_domestic
1669990,2019-01-01,1,adoption_domestic
1670601,2019-01-01,1,adoption_domestic
1671013,2019-01-01,1,adoption_domestic
1671048,2019-01-01,1,adoption_domestic
1671520,2019-01-01,1,adoption_domestic
1672587,2019-01-01,1,adoption_domestic
1672609,2019-01-01,1,adoption_domestic
1673255,2019-01-01,1,adoption_domestic
1673542,2019-01-01,1,adoption_domestic
1675928,2019-01-01,1,adoption_domestic
1676734,2019-01-01,1,adoption_domestic
1676852,2019-01-01,1,adoption_domestic
1677390,2019-01-01,1,adoption_domestic
1677913,2019-01-01,1,adoption_domestic
1678038,2019-01-01,1,adoption_domestic
1678740,2019-01-01,1,adoption_domestic
1679327,2019-01-01,1,adoption_domestic
1679420,2019-01-01,1,adoption_domestic
1681031,2019-01-01,1,adoption_domestic
1681906,2019-01-01,1,adoption_domestic
1682405,2019-01-01,1,adoption_domestic
1683300,2019-01-01,1,adoption_domestic
1683489,2019-01-01,1,adoption_domestic
1684093,2019-01-01,1,adoption_domestic
1685054,2019-01-01,1,adoption_domestic
1685212,2019-01-01,1,adoption_domestic
1685854,2019-01-01,1,adoption_domestic
1686150,2019-01-01,1,adoption_domestic
1687031,2019-01-01,1,adoption_domestic
1687202,2019-01-01,1,adoption_domestic
1687374,2019-01-01,1,adoption_domestic
1687605,2019-01-01,1,adoption_domestic
1687955,2019-01-01,1,adoption_domestic
1688126,2019-01-01,1,adoption_domestic
1688149,2019-01-01,1,adoption_domestic
1688451,2019-01-01,1,adoption_domestic
1688957,2019-01-01,1,adoption_domestic
1689111,2019-01-01,1,adoption_domestic
1689417,2019-01-01,1,adoption_domestic
1690110,2019-01-01,1,adoption_domestic
1690255,2019-01-01,1,adoption_domestic
1690577,2019-01-01,1,adoption_domestic
1691198,2019-01-01,1,adoption_domestic
1693368,2019-01-01,1,adoption_domestic
1693737,2019-01-01,1,adoption_domestic
1694649,2019-01-01,1,adoption_domestic
1695154,2019-01-01,1,adoption_domestic
1695473,2019-01-01,1,adoption_domestic
1695924,2019-01-01,1,adoption_domestic
1696707,2019-01-01,1,adoption_domestic
1698685,2019-01-01,1,adoption_domestic
1699099,2019-01-01,1,adoption_domestic
1699462,2019-01-01,1,adoption_domestic
1700668,2019-01-01,1,adoption_domestic
1701638,2019-01-01,1,adoption_domestic
1702015,2019-01-01,1,adoption_domestic
1702745,2019-01-01,1,adoption_domestic
1702746,2019-01-01,1,adoption_domestic
1703075,2019-01-01,1,adoption_domestic
1704459,2019-01-01,1,adoption_domestic
1705163,2019-01-01,1,adoption_domestic
1706060,2019-01-01,1,adoption_domestic
1706303,2019-01-01,1,adoption_domestic
1706403,2019-01-01,1,adoption_domestic
1707817,2019-01-01,1,adoption_domestic
1708131,2019-01-01,1,adoption_domestic
1709967,2019-01-01,1,adoption_domestic
1710261,2019-01-01,1,adoption_domestic
1710360,2019-01-01,1,adoption_domestic
1710765,2019-01-01,1,adoption_domestic
1710798,2019-01-01,1,adoption_domestic
1711142,2019-01-01,1,adoption_domestic
1711786,2019-01-01,1,adoption_domestic
1712184,2019-01-01,1,adoption_domestic
1713226,2019-01-01,1,adoption_domestic
1713393,2019-01-01,1,adoption_domestic
1714154,2019-01-01,1,adoption_domestic
1714679,2019-01-01,1,adoption_domestic
1715824,2019-01-01,1,adoption_domestic
1715846,2019-01-01,1,adoption_domestic
1716186,2019-01-01,1,adoption_domestic
1716187,2019-01-01,1,adoption_domestic
1716263,2019-01-01,1,adoption_domestic
1716602,2019-01-01,1,adoption_domestic
1718304,2019-01-01,1,adoption_domestic
1718322,2019-01-01,1,adoption_domestic
1718483,2019-01-01,1,adoption_domestic
1719195,2019-01-01,1,adoption_domestic
1719199,2019-01-01,1,adoption_domestic
1719959,2019-01-01,1,adoption_domestic
1720474,2019-01-01,1,adoption_domestic
1720592,2019-01-01,1,adoption_domestic
1720748,2019-01-01,1,adoption_domestic
1721905,2019-01-01,1,adoption_domestic
1722194,2019-01-01,1,adoption_domestic
1723291,2019-01-01,1,adoption_domestic
1723306,2019-01-01,1,adoption_domestic
1724177,2019-01-01,1,adoption_domestic
1728085,2019-01-01,1,adoption_domestic
1728339,2019-01-01,1,adoption_domestic
1729832,2019-01-01,1,adoption_domestic
1730869,2019-01-01,1,adoption_domestic
1731044,2019-01-01,1,adoption_domestic
1731056,2019-01-01,1,adoption_domestic
1731627,2019-01-01,1,adoption_domestic
1732963,2019-01-01,1,adoption_domestic
1734103,2019-01-01,1,adoption_domestic
1735646,2019-01-01,1,adoption_domestic
1735733,2019-01-01,1,adoption_domestic
1736659,2019-01-01,1,adoption_domestic
1736862,2019-01-01,1,adoption_domestic
1739423,2019-01-01,1,adoption_domestic
1740040,2019-01-01,1,adoption_domestic
1740450,2019-01-01,1,adoption_domestic
1740849,2019-01-01,1,adoption_domestic
1741690,2019-01-01,1,adoption_domestic
1742373,2019-01-01,1,adoption_domestic
1742383,2019-01-01,1,adoption_domestic
1744982,2019-01-01,1,adoption_domestic
1745511,2019-01-01,1,adoption_domestic
1745529,2019-01-01,1,adoption_domestic
1746406,2019-01-01,1,adoption_domestic
1748940,2019-01-01,1,adoption_domestic
1749360,2019-01-01,1,adoption_domestic
1749973,2019-01-01,1,adoption_domestic
1751743,2019-01-01,1,adoption_domestic
1751874,2019-01-01,1,adoption_domestic
1752363,2019-01-01,1,adoption_domestic
1752594,2019-01-01,1,adoption_domestic
1753233,2019-01-01,1,adoption_domestic
1754913,2019-01-01,1,adoption_domestic
1756271,2019-01-01,1,adoption_domestic
1757018,2019-01-01,1,adoption_domestic
1757925,2019-01-01,1,adoption_domestic
1757928,2019-01-01,1,adoption_domestic
1758292,2019-01-01,1,adoption_domestic
1758882,2019-01-01,1,adoption_domestic
1758901,2019-01-01,1,adoption_domestic
1760337,2019-01-01,1,adoption_domestic
28823,2020-01-01,1,adoption_domestic
91440,2020-01-01,1,adoption_domestic
93410,2020-01-01,1,adoption_domestic
706129,2020-01-01,1,adoption_domestic
709283,2020-01-01,1,adoption_domestic
713676,2020-01-01,1,adoption_domestic
748268,2020-01-01,1,adoption_domestic
765880,2020-01-01,1,adoption_domestic
783005,2020-01-01,1,adoption_domestic
823546,2020-01-01,1,adoption_domestic
827876,2020-01-01,1,adoption_domestic
837852,2020-01-01,1,adoption_domestic
862651,2020-01-01,1,adoption_domestic
880631,2020-01-01,1,adoption_domestic
899629,2020-01-01,1,adoption_domestic
913760,2020-01-01,1,adoption_domestic
920760,2020-01-01,1,adoption_domestic
933141,2020-01-01,1,adoption_domestic
1001601,2020-01-01,1,adoption_domestic
1032033,2020-01-01,1,adoption_domestic
1034842,2020-01-01,1,adoption_domestic
1130713,2020-01-01,1,adoption_domestic
1136294,2020-01-01,1,adoption_domestic
1138724,2020-01-01,1,adoption_domestic
1142790,2020-01-01,1,adoption_domestic
1156375,2020-01-01,1,adoption_domestic
1167419,2020-01-01,1,adoption_domestic
1312109,2020-01-01,1,adoption_domestic
1327978,2020-01-01,1,adoption_domestic
1337298,2020-01-01,1,adoption_domestic
1346022,2020-01-01,1,adoption_domestic
1355839,2020-01-01,1,adoption_domestic
1364742,2020-01-01,1,adoption_domestic
1376321,2020-01-01,1,adoption_domestic
1394319,2020-01-01,1,adoption_domestic
1403752,2020-01-01,1,adoption_domestic
1412408,2020-01-01,1,adoption_domestic
1436229,2020-01-01,1,adoption_domestic
1437283,2020-01-01,1,adoption_domestic
1444363,2020-01-01,1,adoption_domestic
1448705,2020-01-01,1,adoption_domestic
1463258,2020-01-01,1,adoption_domestic
1471727,2020-01-01,1,adoption_domestic
1507605,2020-01-01,1,adoption_domestic
1512673,2020-01-01,1,adoption_domestic
1515139,2020-01-01,1,adoption_domestic
1520118,2020-01-01,1,adoption_domestic
1527531,2020-01-01,1,adoption_domestic
1528503,2020-01-01,1,adoption_domestic
1529658,2020-01-01,1,adoption_domestic
1530219,2020-01-01,1,adoption_domestic
1532826,2020-01-01,1,adoption_domestic
1532961,2020-01-01,1,adoption_domestic
1535456,2020-01-01,1,adoption_domestic
1535706,2020-01-01,1,adoption_domestic
1536226,2020-01-01,1,adoption_domestic
1538217,2020-01-01,1,adoption_domestic
1541451,2020-01-01,1,adoption_domestic
1542830,2020-01-01,1,adoption_domestic
1543042,2020-01-01,1,adoption_domestic
1544629,2020-01-01,1,adoption_domestic
1545018,2020-01-01,1,adoption_domestic
1548266,2020-01-01,1,adoption_domestic
1548599,2020-01-01,1,adoption_domestic
1550120,2020-01-01,1,adoption_domestic
1550221,2020-01-01,1,adoption_domestic
1552327,2020-01-01,1,adoption_domestic
1552328,2020-01-01,1,adoption_domestic
1553817,2020-01-01,1,adoption_domestic
1554776,2020-01-01,1,adoption_domestic
1556487,2020-01-01,1,adoption_domestic
1556601,2020-01-01,1,adoption_domestic
1556811,2020-01-01,1,adoption_domestic
1556965,2020-01-01,1,adoption_domestic
1557805,2020-01-01,1,adoption_domestic
1558013,2020-01-01,1,adoption_domestic
1558441,2020-01-01,1,adoption_domestic
1558546,2020-01-01,1,adoption_domestic
1559053,2020-01-01,1,adoption_domestic
1559450,2020-01-01,1,adoption_domestic
1560456,2020-01-01,1,adoption_domestic
1561180,2020-01-01,1,adoption_domestic
1561726,2020-01-01,1,adoption_domestic
1561727,2020-01-01,1,adoption_domestic
1566053,2020-01-01,1,adoption_domestic
1566140,2020-01-01,1,adoption_domestic
1566543,2020-01-01,1,adoption_domestic
1566544,2020-01-01,1,adoption_domestic
1567572,2020-01-01,1,adoption_domestic
1569414,2020-01-01,1,adoption_domestic
1571236,2020-01-01,1,adoption_domestic
1571949,2020-01-01,1,adoption_domestic
1572493,2020-01-01,1,adoption_domestic
1573946,2020-01-01,1,adoption_domestic
1575190,2020-01-01,1,adoption_domestic
1575659,2020-01-01,1,adoption_domestic
1575686,2020-01-01,1,adoption_domestic
1576047,2020-01-01,1,adoption_domestic
1577545,2020-01-01,1,adoption_domestic
1577882,2020-01-01,1,adoption_domestic
1578422,2020-01-01,1,adoption_domestic
1578423,2020-01-01,1,adoption_domestic
1578533,2020-01-01,1,adoption_domestic
1579306,2020-01-01,1,adoption_domestic
1580013,2020-01-01,1,adoption_domestic
1580891,2020-01-01,1,adoption_domestic
1581653,2020-01-01,1,adoption_domestic
1582037,2020-01-01,1,adoption_domestic
1582605,2020-01-01,1,adoption_domestic
1584492,2020-01-01,1,adoption_domestic
1585067,2020-01-01,1,adoption_domestic
1585673,2020-01-01,1,adoption_domestic
1586883,2020-01-01,1,adoption_domestic
1587234,2020-01-01,1,adoption_domestic
1587497,2020-01-01,1,adoption_domestic
1587980,2020-01-01,1,adoption_domestic
1587981,2020-01-01,1,adoption_domestic
1588251,2020-01-01,1,adoption_domestic
1588489,2020-01-01,1,adoption_domestic
1589802,2020-01-01,1,adoption_domestic
1589803,2020-01-01,1,adoption_domestic
1589804,2020-01-01,1,adoption_domestic
1590058,2020-01-01,1,adoption_domestic
1590231,2020-01-01,1,adoption_domestic
1590496,2020-01-01,1,adoption_domestic
1590757,2020-01-01,1,adoption_domestic
1592782,2020-01-01,1,adoption_domestic
1593269,2020-01-01,1,adoption_domestic
1594100,2020-01-01,1,adoption_domestic
1594136,2020-01-01,1,adoption_domestic
1595710,2020-01-01,1,adoption_domestic
1595726,2020-01-01,1,adoption_domestic
1596958,2020-01-01,1,adoption_domestic
1597339,2020-01-01,1,adoption_domestic
1599714,2020-01-01,1,adoption_domestic
1600823,2020-01-01,1,adoption_domestic
1600824,2020-01-01,1,adoption_domestic
1600831,2020-01-01,1,adoption_domestic
1601617,2020-01-01,1,adoption_domestic
1601705,2020-01-01,1,adoption_domestic
1601744,2020-01-01,1,adoption_domestic
1602658,2020-01-01,1,adoption_domestic
1603578,2020-01-01,1,adoption_domestic
1603669,2020-01-01,1,adoption_domestic
1604083,2020-01-01,1,adoption_domestic
1604119,2020-01-01,1,adoption_domestic
1605257,2020-01-01,1,adoption_domestic
1605331,2020-01-01,1,adoption_domestic
1606442,2020-01-01,1,adoption_domestic
1607484,2020-01-01,1,adoption_domestic
1607641,2020-01-01,1,adoption_domestic
1607865,2020-01-01,1,adoption_domestic
1609671,2020-01-01,1,adoption_domestic
1610486,2020-01-01,1,adoption_domestic
1610796,2020-01-01,1,adoption_domestic
1611277,2020-01-01,1,adoption_domestic
1612124,2020-01-01,1,adoption_domestic
1612126,2020-01-01,1,adoption_domestic
1612518,2020-01-01,1,adoption_domestic
1614033,2020-01-01,1,adoption_domestic
1616156,2020-01-01,1,adoption_domestic
1616666,2020-01-01,1,adoption_domestic
1617760,2020-01-01,1,adoption_domestic
1617959,2020-01-01,1,adoption_domestic
1618150,2020-01-01,1,adoption_domestic
1618713,2020-01-01,1,adoption_domestic
1619511,2020-01-01,1,adoption_domestic
1619616,2020-01-01,1,adoption_domestic
1620179,2020-01-01,1,adoption_domestic
1620305,2020-01-01,1,adoption_domestic
1621368,2020-01-01,1,adoption_domestic
1621379,2020-01-01,1,adoption_domestic
1621466,2020-01-01,1,adoption_domestic
1622413,2020-01-01,1,adoption_domestic
1622765,2020-01-01,1,adoption_domestic
1623838,2020-01-01,1,adoption_domestic
1623916,2020-01-01,1,adoption_domestic
1625426,2020-01-01,1,adoption_domestic
1625941,2020-01-01,1,adoption_domestic
1626941,2020-01-01,1,adoption_domestic
1628112,2020-01-01,1,adoption_domestic
1629716,2020-01-01,1,adoption_domestic
1630477,2020-01-01,1,adoption_domestic
1630513,2020-01-01,1,adoption_domestic
1631406,2020-01-01,1,adoption_domestic
1632814,2020-01-01,1,adoption_domestic
1633533,2020-01-01,1,adoption_domestic
1634172,2020-01-01,1,adoption_domestic
1634976,2020-01-01,1,adoption_domestic
1635569,2020-01-01,1,adoption_domestic
1636513,2020-01-01,1,adoption_domestic
1636708,2020-01-01,1,adoption_domestic
1637008,2020-01-01,1,adoption_domestic
1638227,2020-01-01,1,adoption_domestic
1638933,2020-01-01,1,adoption_domestic
1639353,2020-01-01,1,adoption_domestic
1640052,2020-01-01,1,adoption_domestic
1640584,2020-01-01,1,adoption_domestic
1640775,2020-01-01,1,adoption_domestic
1642727,2020-01-01,1,adoption_domestic
1643293,2020-01-01,1,adoption_domestic
1643550,2020-01-01,1,adoption_domestic
1643661,2020-01-01,1,adoption_domestic
1643873,2020-01-01,1,adoption_domestic
1644697,2020-01-01,1,adoption_domestic
1644943,2020-01-01,1,adoption_domestic
1645384,2020-01-01,1,adoption_domestic
1646736,2020-01-01,1,adoption_domestic
1646924,2020-01-01,1,adoption_domestic
1647587,2020-01-01,1,adoption_domestic
1647980,2020-01-01,1,adoption_domestic
1648195,2020-01-01,1,adoption_domestic
1648439,2020-01-01,1,adoption_domestic
1648858,2020-01-01,1,adoption_domestic
1649184,2020-01-01,1,adoption_domestic
1651164,2020-01-01,1,adoption_domestic
1651588,2020-01-01,1,adoption_domestic
1651790,2020-01-01,1,adoption_domestic
1652031,2020-01-01,1,adoption_domestic
1652672,2020-01-01,1,adoption_domestic
1652884,2020-01-01,1,adoption_domestic
1652982,2020-01-01,1,adoption_domestic
1653323,2020-01-01,1,adoption_domestic
1653542,2020-01-01,1,adoption_domestic
1653710,2020-01-01,1,adoption_domestic
1654330,2020-01-01,1,adoption_domestic
1654734,2020-01-01,1,adoption_domestic
1655153,2020-01-01,1,adoption_domestic
1655591,2020-01-01,1,adoption_domestic
1656047,2020-01-01,1,adoption_domestic
1656088,2020-01-01,1,adoption_domestic
1656681,2020-01-01,1,adoption_domestic
1656839,2020-01-01,1,adoption_domestic
1657325,2020-01-01,1,adoption_domestic
1657889,2020-01-01,1,adoption_domestic
1659329,2020-01-01,1,adoption_domestic
1659981,2020-01-01,1,adoption_domestic
1661136,2020-01-01,1,adoption_domestic
1661589,2020-01-01,1,adoption_domestic
1662784,2020-01-01,1,adoption_domestic
1663239,2020-01-01,1,adoption_domestic
1663240,2020-01-01,1,adoption_domestic
1663244,2020-01-01,1,adoption_domestic
1663645,2020-01-01,1,adoption_domestic
1664682,2020-01-01,1,adoption_domestic
1665081,2020-01-01,1,adoption_domestic
1665300,2020-01-01,1,adoption_domestic
1666156,2020-01-01,1,adoption_domestic
1668738,2020-01-01,1,adoption_domestic
1668931,2020-01-01,1,adoption_domestic
1669393,2020-01-01,1,adoption_domestic
1669990,2020-01-01,1,adoption_domestic
1670601,2020-01-01,1,adoption_domestic
1671013,2020-01-01,1,adoption_domestic
1671048,2020-01-01,1,adoption_domestic
1671520,2020-01-01,1,adoption_domestic
1671740,2020-01-01,1,adoption_domestic
1672587,2020-01-01,1,adoption_domestic
1672609,2020-01-01,1,adoption_domestic
1673255,2020-01-01,1,adoption_domestic
1673542,2020-01-01,1,adoption_domestic
1675928,2020-01-01,1,adoption_domestic
1676734,2020-01-01,1,adoption_domestic
1677390,2020-01-01,1,adoption_domestic
1677913,2020-01-01,1,adoption_domestic
1678038,2020-01-01,1,adoption_domestic
1678740,2020-01-01,1,adoption_domestic
1679327,2020-01-01,1,adoption_domestic
1679420,2020-01-01,1,adoption_domestic
1681031,2020-01-01,1,adoption_domestic
1681906,2020-01-01,1,adoption_domestic
1682405,2020-01-01,1,adoption_domestic
1682860,2020-01-01,1,adoption_domestic
1683300,2020-01-01,1,adoption_domestic
1683489,2020-01-01,1,adoption_domestic
1684093,2020-01-01,1,adoption_domestic
1685054,2020-01-01,1,adoption_domestic
1685212,2020-01-01,1,adoption_domestic
1685854,2020-01-01,1,adoption_domestic
1686150,2020-01-01,1,adoption_domestic
1687031,2020-01-01,1,adoption_domestic
1687202,2020-01-01,1,adoption_domestic
1687374,2020-01-01,1,adoption_domestic
1687605,2020-01-01,1,adoption_domestic
1687955,2020-01-01,1,adoption_domestic
1688126,2020-01-01,1,adoption_domestic
1688149,2020-01-01,1,adoption_domestic
1688451,2020-01-01,1,adoption_domestic
1688957,2020-01-01,1,adoption_domestic
1689111,2020-01-01,1,adoption_domestic
1689417,2020-01-01,1,adoption_domestic
1690110,2020-01-01,1,adoption_domestic
1690255,2020-01-01,1,adoption_domestic
1690577,2020-01-01,1,adoption_domestic
1691198,2020-01-01,1,adoption_domestic
1693368,2020-01-01,1,adoption_domestic
1693577,2020-01-01,1,adoption_domestic
1693737,2020-01-01,1,adoption_domestic
1694426,2020-01-01,1,adoption_domestic
1694649,2020-01-01,1,adoption_domestic
1695154,2020-01-01,1,adoption_domestic
1695473,2020-01-01,1,adoption_domestic
1695924,2020-01-01,1,adoption_domestic
1696707,2020-01-01,1,adoption_domestic
1698685,2020-01-01,1,adoption_domestic
1699099,2020-01-01,1,adoption_domestic
1699462,2020-01-01,1,adoption_domestic
1700668,2020-01-01,1,adoption_domestic
1701638,2020-01-01,1,adoption_domestic
1702015,2020-01-01,1,adoption_domestic
1702745,2020-01-01,1,adoption_domestic
1702746,2020-01-01,1,adoption_domestic
1703075,2020-01-01,1,adoption_domestic
1704459,2020-01-01,1,adoption_domestic
1705163,2020-01-01,1,adoption_domestic
1706060,2020-01-01,1,adoption_domestic
1706303,2020-01-01,1,adoption_domestic
1706403,2020-01-01,1,adoption_domestic
1707817,2020-01-01,1,adoption_domestic
1708131,2020-01-01,1,adoption_domestic
1709967,2020-01-01,1,adoption_domestic
1710261,2020-01-01,1,adoption_domestic
1710360,2020-01-01,1,adoption_domestic
1710765,2020-01-01,1,adoption_domestic
1710798,2020-01-01,1,adoption_domestic
1711142,2020-01-01,1,adoption_domestic
1711786,2020-01-01,1,adoption_domestic
1713226,2020-01-01,1,adoption_domestic
1713393,2020-01-01,1,adoption_domestic
1714154,2020-01-01,1,adoption_domestic
1714679,2020-01-01,1,adoption_domestic
1715824,2020-01-01,1,adoption_domestic
1715846,2020-01-01,1,adoption_domestic
1716186,2020-01-01,1,adoption_domestic
1716187,2020-01-01,1,adoption_domestic
1716263,2020-01-01,1,adoption_domestic
1716602,2020-01-01,1,adoption_domestic
1718304,2020-01-01,1,adoption_domestic
1718322,2020-01-01,1,adoption_domestic
1718483,2020-01-01,1,adoption_domestic
1719195,2020-01-01,1,adoption_domestic
1719199,2020-01-01,1,adoption_domestic
1719959,2020-01-01,1,adoption_domestic
1720474,2020-01-01,1,adoption_domestic
1720748,2020-01-01,1,adoption_domestic
1721373,2020-01-01,1,adoption_domestic
1721905,2020-01-01,1,adoption_domestic
1722194,2020-01-01,1,adoption_domestic
1723291,2020-01-01,1,adoption_domestic
1723306,2020-01-01,1,adoption_domestic
1724177,2020-01-01,1,adoption_domestic
1728085,2020-01-01,1,adoption_domestic
1728339,2020-01-01,1,adoption_domestic
1729832,2020-01-01,1,adoption_domestic
1730869,2020-01-01,1,adoption_domestic
1731044,2020-01-01,1,adoption_domestic
1731056,2020-01-01,1,adoption_domestic
1731627,2020-01-01,1,adoption_domestic
1732963,2020-01-01,1,adoption_domestic
1734103,2020-01-01,1,adoption_domestic
1735646,2020-01-01,1,adoption_domestic
1735733,2020-01-01,1,adoption_domestic
1736659,2020-01-01,1,adoption_domestic
1736862,2020-01-01,1,adoption_domestic
1739423,2020-01-01,1,adoption_domestic
1740040,2020-01-01,1,adoption_domestic
1740450,2020-01-01,1,adoption_domestic
1740849,2020-01-01,1,adoption_domestic
1741690,2020-01-01,1,adoption_domestic
1742373,2020-01-01,1,adoption_domestic
1742383,2020-01-01,1,adoption_domestic
1744707,2020-01-01,1,adoption_domestic
1744982,2020-01-01,1,adoption_domestic
1745511,2020-01-01,1,adoption_domestic
1745529,2020-01-01,1,adoption_domestic
1746406,2020-01-01,1,adoption_domestic
1748940,2020-01-01,1,adoption_domestic
1749360,2020-01-01,1,adoption_domestic
1749973,2020-01-01,1,adoption_domestic
1751743,2020-01-01,1,adoption_domestic
1751874,2020-01-01,1,adoption_domestic
1752363,2020-01-01,1,adoption_domestic
1752594,2020-01-01,1,adoption_domestic
1753233,2020-01-01,1,adoption_domestic
1754913,2020-01-01,1,adoption_domestic
1756271,2020-01-01,1,adoption_domestic
1757018,2020-01-01,1,adoption_domestic
1757925,2020-01-01,1,adoption_domestic
1757928,2020-01-01,1,adoption_domestic
1758292,2020-01-01,1,adoption_domestic
1758882,2020-01-01,1,adoption_domestic
1758901,2020-01-01,1,adoption_domestic
1760337,2020-01-01,1,adoption_domestic
1761612,2020-01-01,1,adoption_domestic
1763001,2020-01-01,1,adoption_domestic
1763207,2020-01-01,1,adoption_domestic
1763333,2020-01-01,1,adoption_domestic
1763501,2020-01-01,1,adoption_domestic
1763502,2020-01-01,1,adoption_domestic
1764759,2020-01-01,1,adoption_domestic
1766352,2020-01-01,1,adoption_domestic
1766367,2020-01-01,1,adoption_domestic
1766660,2020-01-01,1,adoption_domestic
1769318,2020-01-01,1,adoption_domestic
1769961,2020-01-01,1,adoption_domestic
1770572,2020-01-01,1,adoption_domestic
1771200,2020-01-01,1,adoption_domestic
1771501,2020-01-01,1,adoption_domestic
1772527,2020-01-01,1,adoption_domestic
1773339,2020-01-01,1,adoption_domestic
1774962,2020-01-01,1,adoption_domestic
1775756,2020-01-01,1,adoption_domestic
1776086,2020-01-01,1,adoption_domestic
1776721,2020-01-01,1,adoption_domestic
1776903,2020-01-01,1,adoption_domestic
1778232,2020-01-01,1,adoption_domestic
1778749,2020-01-01,1,adoption_domestic
1780131,2020-01-01,1,adoption_domestic
1780678,2020-01-01,1,adoption_domestic
1780859,2020-01-01,1,adoption_domestic
1781089,2020-01-01,1,adoption_domestic
1783287,2020-01-01,1,adoption_domestic
1784958,2020-01-01,1,adoption_domestic
1785812,2020-01-01,1,adoption_domestic
1785881,2020-01-01,1,adoption_domestic
1786008,2020-01-01,1,adoption_domestic
1787000,2020-01-01,1,adoption_domestic
1787001,2020-01-01,1,adoption_domestic
1787490,2020-01-01,1,adoption_domestic
1789307,2020-01-01,1,adoption_domestic
1789356,2020-01-01,1,adoption_domestic
1789954,2020-01-01,1,adoption_domestic
1790013,2020-01-01,1,adoption_domestic
1790441,2020-01-01,1,adoption_domestic
1791183,2020-01-01,1,adoption_domestic
1791239,2020-01-01,1,adoption_domestic
1791295,2020-01-01,1,adoption_domestic
1792157,2020-01-01,1,adoption_domestic
1792158,2020-01-01,1,adoption_domestic
1792414,2020-01-01,1,adoption_domestic
1792905,2020-01-01,1,adoption_domestic
1793165,2020-01-01,1,adoption_domestic
1793651,2020-01-01,1,adoption_domestic
1793744,2020-01-01,1,adoption_domestic
1793856,2020-01-01,1,adoption_domestic
1794303,2020-01-01,1,adoption_domestic
22444,2021-01-01,1,adoption_domestic
28823,2021-01-01,1,adoption_domestic
64463,2021-01-01,1,adoption_domestic
91440,2021-01-01,1,adoption_domestic
93410,2021-01-01,1,adoption_domestic
315189,2021-01-01,1,adoption_domestic
706129,2021-01-01,1,adoption_domestic
709283,2021-01-01,1,adoption_domestic
713676,2021-01-01,1,adoption_domestic
748268,2021-01-01,1,adoption_domestic
765880,2021-01-01,1,adoption_domestic
823546,2021-01-01,1,adoption_domestic
827876,2021-01-01,1,adoption_domestic
837852,2021-01-01,1,adoption_domestic
862651,2021-01-01,1,adoption_domestic
880631,2021-01-01,1,adoption_domestic
894871,2021-01-01,1,adoption_domestic
896493,2021-01-01,1,adoption_domestic
913760,2021-01-01,1,adoption_domestic
916540,2021-01-01,1,adoption_domestic
919864,2021-01-01,1,adoption_domestic
920760,2021-01-01,1,adoption_domestic
1001601,2021-01-01,1,adoption_domestic
1021096,2021-01-01,1,adoption_domestic
1034842,2021-01-01,1,adoption_domestic
1050446,2021-01-01,1,adoption_domestic
1058811,2021-01-01,1,adoption_domestic
1064722,2021-01-01,1,adoption_domestic
1130713,2021-01-01,1,adoption_domestic
1138724,2021-01-01,1,adoption_domestic
1156375,2021-01-01,1,adoption_domestic
1167419,2021-01-01,1,adoption_domestic
1218683,2021-01-01,1,adoption_domestic
1281845,2021-01-01,1,adoption_domestic
1288359,2021-01-01,1,adoption_domestic
1312109,2021-01-01,1,adoption_domestic
1318605,2021-01-01,1,adoption_domestic
1327978,2021-01-01,1,adoption_domestic
1337298,2021-01-01,1,adoption_domestic
1355839,2021-01-01,1,adoption_domestic
1364742,2021-01-01,1,adoption_domestic
1376321,2021-01-01,1,adoption_domestic
1394319,2021-01-01,1,adoption_domestic
1396440,2021-01-01,1,adoption_domestic
1403752,2021-01-01,1,adoption_domestic
1412408,2021-01-01,1,adoption_domestic
1422892,2021-01-01,1,adoption_domestic
1429764,2021-01-01,1,adoption_domestic
1436229,2021-01-01,1,adoption_domestic
1437283,2021-01-01,1,adoption_domestic
1448705,2021-01-01,1,adoption_domestic
1463258,2021-01-01,1,adoption_domestic
1471727,2021-01-01,1,adoption_domestic
1507605,2021-01-01,1,adoption_domestic
1512673,2021-01-01,1,adoption_domestic
1515139,2021-01-01,1,adoption_domestic
1518720,2021-01-01,1,adoption_domestic
1520118,2021-01-01,1,adoption_domestic
1525852,2021-01-01,1,adoption_domestic
1527531,2021-01-01,1,adoption_domestic
1528503,2021-01-01,1,adoption_domestic
1529658,2021-01-01,1,adoption_domestic
1530219,2021-01-01,1,adoption_domestic
1532826,2021-01-01,1,adoption_domestic
1532961,2021-01-01,1,adoption_domestic
1535456,2021-01-01,1,adoption_domestic
1535706,2021-01-01,1,adoption_domestic
1536226,2021-01-01,1,adoption_domestic
1541451,2021-01-01,1,adoption_domestic
1542830,2021-01-01,1,adoption_domestic
1543042,2021-01-01,1,adoption_domestic
1544629,2021-01-01,1,adoption_domestic
1545018,2021-01-01,1,adoption_domestic
1548266,2021-01-01,1,adoption_domestic
1548599,2021-01-01,1,adoption_domestic
1550120,2021-01-01,1,adoption_domestic
1550221,2021-01-01,1,adoption_domestic
1552327,2021-01-01,1,adoption_domestic
1552328,2021-01-01,1,adoption_domestic
1553817,2021-01-01,1,adoption_domestic
1554776,2021-01-01,1,adoption_domestic
1556487,2021-01-01,1,adoption_domestic
1556601,2021-01-01,1,adoption_domestic
1556811,2021-01-01,1,adoption_domestic
1556965,2021-01-01,1,adoption_domestic
1557805,2021-01-01,1,adoption_domestic
1558013,2021-01-01,1,adoption_domestic
1558546,2021-01-01,1,adoption_domestic
1559053,2021-01-01,1,adoption_domestic
1559450,2021-01-01,1,adoption_domestic
1560456,2021-01-01,1,adoption_domestic
1561180,2021-01-01,1,adoption_domestic
1561726,2021-01-01,1,adoption_domestic
1561727,2021-01-01,1,adoption_domestic
1566053,2021-01-01,1,adoption_domestic
1566140,2021-01-01,1,adoption_domestic
1566543,2021-01-01,1,adoption_domestic
1566544,2021-01-01,1,adoption_domestic
1567572,2021-01-01,1,adoption_domestic
1569414,2021-01-01,1,adoption_domestic
1571236,2021-01-01,1,adoption_domestic
1571949,2021-01-01,1,adoption_domestic
1572493,2021-01-01,1,adoption_domestic
1573946,2021-01-01,1,adoption_domestic
1575190,2021-01-01,1,adoption_domestic
1575686,2021-01-01,1,adoption_domestic
1576047,2021-01-01,1,adoption_domestic
1577545,2021-01-01,1,adoption_domestic
1578422,2021-01-01,1,adoption_domestic
1578423,2021-01-01,1,adoption_domestic
1578533,2021-01-01,1,adoption_domestic
1579306,2021-01-01,1,adoption_domestic
1580013,2021-01-01,1,adoption_domestic
1580891,2021-01-01,1,adoption_domestic
1581653,2021-01-01,1,adoption_domestic
1582037,2021-01-01,1,adoption_domestic
1584492,2021-01-01,1,adoption_domestic
1585067,2021-01-01,1,adoption_domestic
1585673,2021-01-01,1,adoption_domestic
1586883,2021-01-01,1,adoption_domestic
1587234,2021-01-01,1,adoption_domestic
1587497,2021-01-01,1,adoption_domestic
1587980,2021-01-01,1,adoption_domestic
1587981,2021-01-01,1,adoption_domestic
1588251,2021-01-01,1,adoption_domestic
1588489,2021-01-01,1,adoption_domestic
1589149,2021-01-01,1,adoption_domestic
1589802,2021-01-01,1,adoption_domestic
1589803,2021-01-01,1,adoption_domestic
1589804,2021-01-01,1,adoption_domestic
1590058,2021-01-01,1,adoption_domestic
1590231,2021-01-01,1,adoption_domestic
1590496,2021-01-01,1,adoption_domestic
1590757,2021-01-01,1,adoption_domestic
1592782,2021-01-01,1,adoption_domestic
1593269,2021-01-01,1,adoption_domestic
1594100,2021-01-01,1,adoption_domestic
1594136,2021-01-01,1,adoption_domestic
1595710,2021-01-01,1,adoption_domestic
1595726,2021-01-01,1,adoption_domestic
1596958,2021-01-01,1,adoption_domestic
1597339,2021-01-01,1,adoption_domestic
1599714,2021-01-01,1,adoption_domestic
1600823,2021-01-01,1,adoption_domestic
1600824,2021-01-01,1,adoption_domestic
1600831,2021-01-01,1,adoption_domestic
1601617,2021-01-01,1,adoption_domestic
1601705,2021-01-01,1,adoption_domestic
1601744,2021-01-01,1,adoption_domestic
1602658,2021-01-01,1,adoption_domestic
1603578,2021-01-01,1,adoption_domestic
1603669,2021-01-01,1,adoption_domestic
1604083,2021-01-01,1,adoption_domestic
1604119,2021-01-01,1,adoption_domestic
1605257,2021-01-01,1,adoption_domestic
1606442,2021-01-01,1,adoption_domestic
1607484,2021-01-01,1,adoption_domestic
1607641,2021-01-01,1,adoption_domestic
1607865,2021-01-01,1,adoption_domestic
1609671,2021-01-01,1,adoption_domestic
1610486,2021-01-01,1,adoption_domestic
1610796,2021-01-01,1,adoption_domestic
1612124,2021-01-01,1,adoption_domestic
1612126,2021-01-01,1,adoption_domestic
1612518,2021-01-01,1,adoption_domestic
1614033,2021-01-01,1,adoption_domestic
1616156,2021-01-01,1,adoption_domestic
1616666,2021-01-01,1,adoption_domestic
1617760,2021-01-01,1,adoption_domestic
1617959,2021-01-01,1,adoption_domestic
1618150,2021-01-01,1,adoption_domestic
1618713,2021-01-01,1,adoption_domestic
1619511,2021-01-01,1,adoption_domestic
1619616,2021-01-01,1,adoption_domestic
1620179,2021-01-01,1,adoption_domestic
1620305,2021-01-01,1,adoption_domestic
1621368,2021-01-01,1,adoption_domestic
1621379,2021-01-01,1,adoption_domestic
1621466,2021-01-01,1,adoption_domestic
1622413,2021-01-01,1,adoption_domestic
1622765,2021-01-01,1,adoption_domestic
1623838,2021-01-01,1,adoption_domestic
1623916,2021-01-01,1,adoption_domestic
1625426,2021-01-01,1,adoption_domestic
1625941,2021-01-01,1,adoption_domestic
1626941,2021-01-01,1,adoption_domestic
1628112,2021-01-01,1,adoption_domestic
1629069,2021-01-01,1,adoption_domestic
1629716,2021-01-01,1,adoption_domestic
1630477,2021-01-01,1,adoption_domestic
1630513,2021-01-01,1,adoption_domestic
1631406,2021-01-01,1,adoption_domestic
1632814,2021-01-01,1,adoption_domestic
1633533,2021-01-01,1,adoption_domestic
1634172,2021-01-01,1,adoption_domestic
1634976,2021-01-01,1,adoption_domestic
1635569,2021-01-01,1,adoption_domestic
1636513,2021-01-01,1,adoption_domestic
1637008,2021-01-01,1,adoption_domestic
1638227,2021-01-01,1,adoption_domestic
1638933,2021-01-01,1,adoption_domestic
1639353,2021-01-01,1,adoption_domestic
1640052,2021-01-01,1,adoption_domestic
1640584,2021-01-01,1,adoption_domestic
1640775,2021-01-01,1,adoption_domestic
1641398,2021-01-01,1,adoption_domestic
1642727,2021-01-01,1,adoption_domestic
1643293,2021-01-01,1,adoption_domestic
1643550,2021-01-01,1,adoption_domestic
1643661,2021-01-01,1,adoption_domestic
1643873,2021-01-01,1,adoption_domestic
1644697,2021-01-01,1,adoption_domestic
1644943,2021-01-01,1,adoption_domestic
1645384,2021-01-01,1,adoption_domestic
1646736,2021-01-01,1,adoption_domestic
1646924,2021-01-01,1,adoption_domestic
1647587,2021-01-01,1,adoption_domestic
1647980,2021-01-01,1,adoption_domestic
1648195,2021-01-01,1,adoption_domestic
1648439,2021-01-01,1,adoption_domestic
1648858,2021-01-01,1,adoption_domestic
1649184,2021-01-01,1,adoption_domestic
1651164,2021-01-01,1,adoption_domestic
1651308,2021-01-01,1,adoption_domestic
1651588,2021-01-01,1,adoption_domestic
1651790,2021-01-01,1,adoption_domestic
1652031,2021-01-01,1,adoption_domestic
1652672,2021-01-01,1,adoption_domestic
1652884,2021-01-01,1,adoption_domestic
1652982,2021-01-01,1,adoption_domestic
1653323,2021-01-01,1,adoption_domestic
1653542,2021-01-01,1,adoption_domestic
1654330,2021-01-01,1,adoption_domestic
1654734,2021-01-01,1,adoption_domestic
1655153,2021-01-01,1,adoption_domestic
1655591,2021-01-01,1,adoption_domestic
1656047,2021-01-01,1,adoption_domestic
1656088,2021-01-01,1,adoption_domestic
1656681,2021-01-01,1,adoption_domestic
1656839,2021-01-01,1,adoption_domestic
1657325,2021-01-01,1,adoption_domestic
1657889,2021-01-01,1,adoption_domestic
1659329,2021-01-01,1,adoption_domestic
1659981,2021-01-01,1,adoption_domestic
1661136,2021-01-01,1,adoption_domestic
1661589,2021-01-01,1,adoption_domestic
1662784,2021-01-01,1,adoption_domestic
1663239,2021-01-01,1,adoption_domestic
1663240,2021-01-01,1,adoption_domestic
1663244,2021-01-01,1,adoption_domestic
1663645,2021-01-01,1,adoption_domestic
1664682,2021-01-01,1,adoption_domestic
1665081,2021-01-01,1,adoption_domestic
1665300,2021-01-01,1,adoption_domestic
1666156,2021-01-01,1,adoption_domestic
1668738,2021-01-01,1,adoption_domestic
1668931,2021-01-01,1,adoption_domestic
1669393,2021-01-01,1,adoption_domestic
1669990,2021-01-01,1,adoption_domestic
1670601,2021-01-01,1,adoption_domestic
1671013,2021-01-01,1,adoption_domestic
1671048,2021-01-01,1,adoption_domestic
1671520,2021-01-01,1,adoption_domestic
1671740,2021-01-01,1,adoption_domestic
1672587,2021-01-01,1,adoption_domestic
1672609,2021-01-01,1,adoption_domestic
1673255,2021-01-01,1,adoption_domestic
1673542,2021-01-01,1,adoption_domestic
1675928,2021-01-01,1,adoption_domestic
1676734,2021-01-01,1,adoption_domestic
1677390,2021-01-01,1,adoption_domestic
1677913,2021-01-01,1,adoption_domestic
1678038,2021-01-01,1,adoption_domestic
1678740,2021-01-01,1,adoption_domestic
1679327,2021-01-01,1,adoption_domestic
1679420,2021-01-01,1,adoption_domestic
1681031,2021-01-01,1,adoption_domestic
1681906,2021-01-01,1,adoption_domestic
1682405,2021-01-01,1,adoption_domestic
1682860,2021-01-01,1,adoption_domestic
1683252,2021-01-01,1,adoption_domestic
1683300,2021-01-01,1,adoption_domestic
1683489,2021-01-01,1,adoption_domestic
1684093,2021-01-01,1,adoption_domestic
1685054,2021-01-01,1,adoption_domestic
1685212,2021-01-01,1,adoption_domestic
1685854,2021-01-01,1,adoption_domestic
1686150,2021-01-01,1,adoption_domestic
1687031,2021-01-01,1,adoption_domestic
1687202,2021-01-01,1,adoption_domestic
1687374,2021-01-01,1,adoption_domestic
1687605,2021-01-01,1,adoption_domestic
1687955,2021-01-01,1,adoption_domestic
1688126,2021-01-01,1,adoption_domestic
1688149,2021-01-01,1,adoption_domestic
1688451,2021-01-01,1,adoption_domestic
1688957,2021-01-01,1,adoption_domestic
1689111,2021-01-01,1,adoption_domestic
1689417,2021-01-01,1,adoption_domestic
1690110,2021-01-01,1,adoption_domestic
1690255,2021-01-01,1,adoption_domestic
1690577,2021-01-01,1,adoption_domestic
1691198,2021-01-01,1,adoption_domestic
1693368,2021-01-01,1,adoption_domestic
1693737,2021-01-01,1,adoption_domestic
1694426,2021-01-01,1,adoption_domestic
1694649,2021-01-01,1,adoption_domestic
1695154,2021-01-01,1,adoption_domestic
1695924,2021-01-01,1,adoption_domestic
1696707,2021-01-01,1,adoption_domestic
1698685,2021-01-01,1,adoption_domestic
1699099,2021-01-01,1,adoption_domestic
1699462,2021-01-01,1,adoption_domestic
1700668,2021-01-01,1,adoption_domestic
1701114,2021-01-01,1,adoption_domestic
1701638,2021-01-01,1,adoption_domestic
1702015,2021-01-01,1,adoption_domestic
1702745,2021-01-01,1,adoption_domestic
1702746,2021-01-01,1,adoption_domestic
1703075,2021-01-01,1,adoption_domestic
1704459,2021-01-01,1,adoption_domestic
1705163,2021-01-01,1,adoption_domestic
1706060,2021-01-01,1,adoption_domestic
1706303,2021-01-01,1,adoption_domestic
1706403,2021-01-01,1,adoption_domestic
1707817,2021-01-01,1,adoption_domestic
1708131,2021-01-01,1,adoption_domestic
1709967,2021-01-01,1,adoption_domestic
1710261,2021-01-01,1,adoption_domestic
1710360,2021-01-01,1,adoption_domestic
1710765,2021-01-01,1,adoption_domestic
1710798,2021-01-01,1,adoption_domestic
1711142,2021-01-01,1,adoption_domestic
1711786,2021-01-01,1,adoption_domestic
1713226,2021-01-01,1,adoption_domestic
1713393,2021-01-01,1,adoption_domestic
1714154,2021-01-01,1,adoption_domestic
1714679,2021-01-01,1,adoption_domestic
1715824,2021-01-01,1,adoption_domestic
1715846,2021-01-01,1,adoption_domestic
1716186,2021-01-01,1,adoption_domestic
1716187,2021-01-01,1,adoption_domestic
1716263,2021-01-01,1,adoption_domestic
1716602,2021-01-01,1,adoption_domestic
1718304,2021-01-01,1,adoption_domestic
1718322,2021-01-01,1,adoption_domestic
1718483,2021-01-01,1,adoption_domestic
1719195,2021-01-01,1,adoption_domestic
1719199,2021-01-01,1,adoption_domestic
1719959,2021-01-01,1,adoption_domestic
1720474,2021-01-01,1,adoption_domestic
1720748,2021-01-01,1,adoption_domestic
1721373,2021-01-01,1,adoption_domestic
1721905,2021-01-01,1,adoption_domestic
1722194,2021-01-01,1,adoption_domestic
1723291,2021-01-01,1,adoption_domestic
1723306,2021-01-01,1,adoption_domestic
1724177,2021-01-01,1,adoption_domestic
1725210,2021-01-01,1,adoption_domestic
1727196,2021-01-01,1,adoption_domestic
1728085,2021-01-01,1,adoption_domestic
1728339,2021-01-01,1,adoption_domestic
1729832,2021-01-01,1,adoption_domestic
1729997,2021-01-01,1,adoption_domestic
1730869,2021-01-01,1,adoption_domestic
1731044,2021-01-01,1,adoption_domestic
1731056,2021-01-01,1,adoption_domestic
1731627,2021-01-01,1,adoption_domestic
1732963,2021-01-01,1,adoption_domestic
1734103,2021-01-01,1,adoption_domestic
1735646,2021-01-01,1,adoption_domestic
1735733,2021-01-01,1,adoption_domestic
1736659,2021-01-01,1,adoption_domestic
1736862,2021-01-01,1,adoption_domestic
1737924,2021-01-01,1,adoption_domestic
1739423,2021-01-01,1,adoption_domestic
1740040,2021-01-01,1,adoption_domestic
1740450,2021-01-01,1,adoption_domestic
1740849,2021-01-01,1,adoption_domestic
1741690,2021-01-01,1,adoption_domestic
1742373,2021-01-01,1,adoption_domestic
1742383,2021-01-01,1,adoption_domestic
1744707,2021-01-01,1,adoption_domestic
1744982,2021-01-01,1,adoption_domestic
1745511,2021-01-01,1,adoption_domestic
1745529,2021-01-01,1,adoption_domestic
1746406,2021-01-01,1,adoption_domestic
1748940,2021-01-01,1,adoption_domestic
1749360,2021-01-01,1,adoption_domestic
1749973,2021-01-01,1,adoption_domestic
1751743,2021-01-01,1,adoption_domestic
1751874,2021-01-01,1,adoption_domestic
1752363,2021-01-01,1,adoption_domestic
1752594,2021-01-01,1,adoption_domestic
1753233,2021-01-01,1,adoption_domestic
1754913,2021-01-01,1,adoption_domestic
1756271,2021-01-01,1,adoption_domestic
1757018,2021-01-01,1,adoption_domestic
1757925,2021-01-01,1,adoption_domestic
1757928,2021-01-01,1,adoption_domestic
1758292,2021-01-01,1,adoption_domestic
1758882,2021-01-01,1,adoption_domestic
1758901,2021-01-01,1,adoption_domestic
1760337,2021-01-01,1,adoption_domestic
1761612,2021-01-01,1,adoption_domestic
1763001,2021-01-01,1,adoption_domestic
1763207,2021-01-01,1,adoption_domestic
1763333,2021-01-01,1,adoption_domestic
1763501,2021-01-01,1,adoption_domestic
1763502,2021-01-01,1,adoption_domestic
1764759,2021-01-01,1,adoption_domestic
1766352,2021-01-01,1,adoption_domestic
1766367,2021-01-01,1,adoption_domestic
1766660,2021-01-01,1,adoption_domestic
1769318,2021-01-01,1,adoption_domestic
1769961,2021-01-01,1,adoption_domestic
1770572,2021-01-01,1,adoption_domestic
1771200,2021-01-01,1,adoption_domestic
1771501,2021-01-01,1,adoption_domestic
1772527,2021-01-01,1,adoption_domestic
1773339,2021-01-01,1,adoption_domestic
1774962,2021-01-01,1,adoption_domestic
1775756,2021-01-01,1,adoption_domestic
1776086,2021-01-01,1,adoption_domestic
1776721,2021-01-01,1,adoption_domestic
1778232,2021-01-01,1,adoption_domestic
1778749,2021-01-01,1,adoption_domestic
1780131,2021-01-01,1,adoption_domestic
1780678,2021-01-01,1,adoption_domestic
1780859,2021-01-01,1,adoption_domestic
1781089,2021-01-01,1,adoption_domestic
1783287,2021-01-01,1,adoption_domestic
1784958,2021-01-01,1,adoption_domestic
1785812,2021-01-01,1,adoption_domestic
1785881,2021-01-01,1,adoption_domestic
1786008,2021-01-01,1,adoption_domestic
1787000,2021-01-01,1,adoption_domestic
1787001,2021-01-01,1,adoption_domestic
1787490,2021-01-01,1,adoption_domestic
1789307,2021-01-01,1,adoption_domestic
1789356,2021-01-01,1,adoption_domestic
1789954,2021-01-01,1,adoption_domestic
1790013,2021-01-01,1,adoption_domestic
1790441,2021-01-01,1,adoption_domestic
1791183,2021-01-01,1,adoption_domestic
1791239,2021-01-01,1,adoption_domestic
1791295,2021-01-01,1,adoption_domestic
1792157,2021-01-01,1,adoption_domestic
1792158,2021-01-01,1,adoption_domestic
1792414,2021-01-01,1,adoption_domestic
1792905,2021-01-01,1,adoption_domestic
1793165,2021-01-01,1,adoption_domestic
1793651,2021-01-01,1,adoption_domestic
1793744,2021-01-01,1,adoption_domestic
1793856,2021-01-01,1,adoption_domestic
1794303,2021-01-01,1,adoption_domestic
1797056,2021-01-01,1,adoption_domestic
1797288,2021-01-01,1,adoption_domestic
1797679,2021-01-01,1,adoption_domestic
1798388,2021-01-01,1,adoption_domestic
1799385,2021-01-01,1,adoption_domestic
1799463,2021-01-01,1,adoption_domestic
1800294,2021-01-01,1,adoption_domestic
1801338,2021-01-01,1,adoption_domestic
1802215,2021-01-01,1,adoption_domestic
1803308,2021-01-01,1,adoption_domestic
1803858,2021-01-01,1,adoption_domestic
1806944,2021-01-01,1,adoption_domestic
1810050,2021-01-01,1,adoption_domestic
1812604,2021-01-01,1,adoption_domestic
1813793,2021-01-01,1,adoption_domestic
1814389,2021-01-01,1,adoption_domestic
1815302,2021-01-01,1,adoption_domestic
1816114,2021-01-01,1,adoption_domestic
1816147,2021-01-01,1,adoption_domestic
1816861,2021-01-01,1,adoption_domestic
1817825,2021-01-01,1,adoption_domestic
1818254,2021-01-01,1,adoption_domestic
1818346,2021-01-01,1,adoption_domestic
1818654,2021-01-01,1,adoption_domestic
1821946,2021-01-01,1,adoption_domestic
1822166,2021-01-01,1,adoption_domestic
1823000,2021-01-01,1,adoption_domestic
1823722,2021-01-01,1,adoption_domestic
1824482,2021-01-01,1,adoption_domestic
1827054,2021-01-01,1,adoption_domestic
1827183,2021-01-01,1,adoption_domestic
1829311,2021-01-01,1,adoption_domestic
1829966,2021-01-01,1,adoption_domestic
1830315,2021-01-01,1,adoption_domestic
1832874,2021-01-01,1,adoption_domestic
1833522,2021-01-01,1,adoption_domestic
1833563,2021-01-01,1,adoption_domestic
22444,2022-01-01,1,adoption_domestic
28823,2022-01-01,1,adoption_domestic
52428,2022-01-01,1,adoption_domestic
64463,2022-01-01,1,adoption_domestic
70866,2022-01-01,1,adoption_domestic
91440,2022-01-01,1,adoption_domestic
202058,2022-01-01,1,adoption_domestic
356590,2022-01-01,1,adoption_domestic
706129,2022-01-01,1,adoption_domestic
709283,2022-01-01,1,adoption_domestic
748268,2022-01-01,1,adoption_domestic
748790,2022-01-01,1,adoption_domestic
765880,2022-01-01,1,adoption_domestic
823546,2022-01-01,1,adoption_domestic
827876,2022-01-01,1,adoption_domestic
837852,2022-01-01,1,adoption_domestic
860131,2022-01-01,1,adoption_domestic
879169,2022-01-01,1,adoption_domestic
880631,2022-01-01,1,adoption_domestic
894556,2022-01-01,1,adoption_domestic
896493,2022-01-01,1,adoption_domestic
913760,2022-01-01,1,adoption_domestic
919864,2022-01-01,1,adoption_domestic
920760,2022-01-01,1,adoption_domestic
923139,2022-01-01,1,adoption_domestic
924095,2022-01-01,1,adoption_domestic
924396,2022-01-01,1,adoption_domestic
1001601,2022-01-01,1,adoption_domestic
1009759,2022-01-01,1,adoption_domestic
1034842,2022-01-01,1,adoption_domestic
1036848,2022-01-01,1,adoption_domestic
1050446,2022-01-01,1,adoption_domestic
1056288,2022-01-01,1,adoption_domestic
1058811,2022-01-01,1,adoption_domestic
1064722,2022-01-01,1,adoption_domestic
1066923,2022-01-01,1,adoption_domestic
1083301,2022-01-01,1,adoption_domestic
1094831,2022-01-01,1,adoption_domestic
1099590,2022-01-01,1,adoption_domestic
1120970,2022-01-01,1,adoption_domestic
1130713,2022-01-01,1,adoption_domestic
1138724,2022-01-01,1,adoption_domestic
1144879,2022-01-01,1,adoption_domestic
1156375,2022-01-01,1,adoption_domestic
1162896,2022-01-01,1,adoption_domestic
1167419,2022-01-01,1,adoption_domestic
1174891,2022-01-01,1,adoption_domestic
1210618,2022-01-01,1,adoption_domestic
1218683,2022-01-01,1,adoption_domestic
1273931,2022-01-01,1,adoption_domestic
1277902,2022-01-01,1,adoption_domestic
1281845,2022-01-01,1,adoption_domestic
1299709,2022-01-01,1,adoption_domestic
1312109,2022-01-01,1,adoption_domestic
1314196,2022-01-01,1,adoption_domestic
1318605,2022-01-01,1,adoption_domestic
1355839,2022-01-01,1,adoption_domestic
1364742,2022-01-01,1,adoption_domestic
1376321,2022-01-01,1,adoption_domestic
1381197,2022-01-01,1,adoption_domestic
1394319,2022-01-01,1,adoption_domestic
1396440,2022-01-01,1,adoption_domestic
1403256,2022-01-01,1,adoption_domestic
1403752,2022-01-01,1,adoption_domestic
1409446,2022-01-01,1,adoption_domestic
1411579,2022-01-01,1,adoption_domestic
1418091,2022-01-01,1,adoption_domestic
1429764,2022-01-01,1,adoption_domestic
1435387,2022-01-01,1,adoption_domestic
1436229,2022-01-01,1,adoption_domestic
1437283,2022-01-01,1,adoption_domestic
1437491,2022-01-01,1,adoption_domestic
1437750,2022-01-01,1,adoption_domestic
1439264,2022-01-01,1,adoption_domestic
1463258,2022-01-01,1,adoption_domestic
1469115,2022-01-01,1,adoption_domestic
1471824,2022-01-01,1,adoption_domestic
1496671,2022-01-01,1,adoption_domestic
1507605,2022-01-01,1,adoption_domestic
1512673,2022-01-01,1,adoption_domestic
1515139,2022-01-01,1,adoption_domestic
1520118,2022-01-01,1,adoption_domestic
1522540,2022-01-01,1,adoption_domestic
1523486,2022-01-01,1,adoption_domestic
1527102,2022-01-01,1,adoption_domestic
1532961,2022-01-01,1,adoption_domestic
1535079,2022-01-01,1,adoption_domestic
1536226,2022-01-01,1,adoption_domestic
1543042,2022-01-01,1,adoption_domestic
1544629,2022-01-01,1,adoption_domestic
1545018,2022-01-01,1,adoption_domestic
1548266,2022-01-01,1,adoption_domestic
1548599,2022-01-01,1,adoption_domestic
1550120,2022-01-01,1,adoption_domestic
1550221,2022-01-01,1,adoption_domestic
1552327,2022-01-01,1,adoption_domestic
1552328,2022-01-01,1,adoption_domestic
1553817,2022-01-01,1,adoption_domestic
1554776,2022-01-01,1,adoption_domestic
1555074,2022-01-01,1,adoption_domestic
1556487,2022-01-01,1,adoption_domestic
1556601,2022-01-01,1,adoption_domestic
1556811,2022-01-01,1,adoption_domestic
1556965,2022-01-01,1,adoption_domestic
1557805,2022-01-01,1,adoption_domestic
1558013,2022-01-01,1,adoption_domestic
1558546,2022-01-01,1,adoption_domestic
1559053,2022-01-01,1,adoption_domestic
1559450,2022-01-01,1,adoption_domestic
1560456,2022-01-01,1,adoption_domestic
1561726,2022-01-01,1,adoption_domestic
1561727,2022-01-01,1,adoption_domestic
1566053,2022-01-01,1,adoption_domestic
1566140,2022-01-01,1,adoption_domestic
1566543,2022-01-01,1,adoption_domestic
1566544,2022-01-01,1,adoption_domestic
1567572,2022-01-01,1,adoption_domestic
1569414,2022-01-01,1,adoption_domestic
1571236,2022-01-01,1,adoption_domestic
1571949,2022-01-01,1,adoption_domestic
1572493,2022-01-01,1,adoption_domestic
1573946,2022-01-01,1,adoption_domestic
1575190,2022-01-01,1,adoption_domestic
1575659,2022-01-01,1,adoption_domestic
1575686,2022-01-01,1,adoption_domestic
1576047,2022-01-01,1,adoption_domestic
1577545,2022-01-01,1,adoption_domestic
1578422,2022-01-01,1,adoption_domestic
1578423,2022-01-01,1,adoption_domestic
1578533,2022-01-01,1,adoption_domestic
1579306,2022-01-01,1,adoption_domestic
1580013,2022-01-01,1,adoption_domestic
1580891,2022-01-01,1,adoption_domestic
1581653,2022-01-01,1,adoption_domestic
1582037,2022-01-01,1,adoption_domestic
1584492,2022-01-01,1,adoption_domestic
1585067,2022-01-01,1,adoption_domestic
1585673,2022-01-01,1,adoption_domestic
1586883,2022-01-01,1,adoption_domestic
1587234,2022-01-01,1,adoption_domestic
1587497,2022-01-01,1,adoption_domestic
1587980,2022-01-01,1,adoption_domestic
1587981,2022-01-01,1,adoption_domestic
1588251,2022-01-01,1,adoption_domestic
1588489,2022-01-01,1,adoption_domestic
1589802,2022-01-01,1,adoption_domestic
1589803,2022-01-01,1,adoption_domestic
1589804,2022-01-01,1,adoption_domestic
1590058,2022-01-01,1,adoption_domestic
1590231,2022-01-01,1,adoption_domestic
1590496,2022-01-01,1,adoption_domestic
1590757,2022-01-01,1,adoption_domestic
1593269,2022-01-01,1,adoption_domestic
1594100,2022-01-01,1,adoption_domestic
1594136,2022-01-01,1,adoption_domestic
1595710,2022-01-01,1,adoption_domestic
1595726,2022-01-01,1,adoption_domestic
1596958,2022-01-01,1,adoption_domestic
1597339,2022-01-01,1,adoption_domestic
1599714,2022-01-01,1,adoption_domestic
1600823,2022-01-01,1,adoption_domestic
1600824,2022-01-01,1,adoption_domestic
1600831,2022-01-01,1,adoption_domestic
1601617,2022-01-01,1,adoption_domestic
1601705,2022-01-01,1,adoption_domestic
1601744,2022-01-01,1,adoption_domestic
1602658,2022-01-01,1,adoption_domestic
1603578,2022-01-01,1,adoption_domestic
1603669,2022-01-01,1,adoption_domestic
1604083,2022-01-01,1,adoption_domestic
1604119,2022-01-01,1,adoption_domestic
1605057,2022-01-01,1,adoption_domestic
1605257,2022-01-01,1,adoption_domestic
1605331,2022-01-01,1,adoption_domestic
1606442,2022-01-01,1,adoption_domestic
1607484,2022-01-01,1,adoption_domestic
1607641,2022-01-01,1,adoption_domestic
1607865,2022-01-01,1,adoption_domestic
1609671,2022-01-01,1,adoption_domestic
1610486,2022-01-01,1,adoption_domestic
1610796,2022-01-01,1,adoption_domestic
1610820,2022-01-01,1,adoption_domestic
1612124,2022-01-01,1,adoption_domestic
1612126,2022-01-01,1,adoption_domestic
1612518,2022-01-01,1,adoption_domestic
1614033,2022-01-01,1,adoption_domestic
1616156,2022-01-01,1,adoption_domestic
1616666,2022-01-01,1,adoption_domestic
1617760,2022-01-01,1,adoption_domestic
1617959,2022-01-01,1,adoption_domestic
1618150,2022-01-01,1,adoption_domestic
1618713,2022-01-01,1,adoption_domestic
1619511,2022-01-01,1,adoption_domestic
1619616,2022-01-01,1,adoption_domestic
1620179,2022-01-01,1,adoption_domestic
1620305,2022-01-01,1,adoption_domestic
1621368,2022-01-01,1,adoption_domestic
1621379,2022-01-01,1,adoption_domestic
1621466,2022-01-01,1,adoption_domestic
1622413,2022-01-01,1,adoption_domestic
1622765,2022-01-01,1,adoption_domestic
1623838,2022-01-01,1,adoption_domestic
1623916,2022-01-01,1,adoption_domestic
1625426,2022-01-01,1,adoption_domestic
1625941,2022-01-01,1,adoption_domestic
1626941,2022-01-01,1,adoption_domestic
1628112,2022-01-01,1,adoption_domestic
1629069,2022-01-01,1,adoption_domestic
1629716,2022-01-01,1,adoption_domestic
1630477,2022-01-01,1,adoption_domestic
1630513,2022-01-01,1,adoption_domestic
1631406,2022-01-01,1,adoption_domestic
1632814,2022-01-01,1,adoption_domestic
1633533,2022-01-01,1,adoption_domestic
1634172,2022-01-01,1,adoption_domestic
1634976,2022-01-01,1,adoption_domestic
1635569,2022-01-01,1,adoption_domestic
1636513,2022-01-01,1,adoption_domestic
1636708,2022-01-01,1,adoption_domestic
1637008,2022-01-01,1,adoption_domestic
1638227,2022-01-01,1,adoption_domestic
1638933,2022-01-01,1,adoption_domestic
1639353,2022-01-01,1,adoption_domestic
1640052,2022-01-01,1,adoption_domestic
1640384,2022-01-01,1,adoption_domestic
1640584,2022-01-01,1,adoption_domestic
1640775,2022-01-01,1,adoption_domestic
1641398,2022-01-01,1,adoption_domestic
1642727,2022-01-01,1,adoption_domestic
1643293,2022-01-01,1,adoption_domestic
1643550,2022-01-01,1,adoption_domestic
1643661,2022-01-01,1,adoption_domestic
1643873,2022-01-01,1,adoption_domestic
1644697,2022-01-01,1,adoption_domestic
1644943,2022-01-01,1,adoption_domestic
1645384,2022-01-01,1,adoption_domestic
1646736,2022-01-01,1,adoption_domestic
1646924,2022-01-01,1,adoption_domestic
1647587,2022-01-01,1,adoption_domestic
1647980,2022-01-01,1,adoption_domestic
1648195,2022-01-01,1,adoption_domestic
1648439,2022-01-01,1,adoption_domestic
1648858,2022-01-01,1,adoption_domestic
1649184,2022-01-01,1,adoption_domestic
1651164,2022-01-01,1,adoption_domestic
1651308,2022-01-01,1,adoption_domestic
1651588,2022-01-01,1,adoption_domestic
1651790,2022-01-01,1,adoption_domestic
1652031,2022-01-01,1,adoption_domestic
1652672,2022-01-01,1,adoption_domestic
1652884,2022-01-01,1,adoption_domestic
1652958,2022-01-01,1,adoption_domestic
1652982,2022-01-01,1,adoption_domestic
1653323,2022-01-01,1,adoption_domestic
1653542,2022-01-01,1,adoption_domestic
1654330,2022-01-01,1,adoption_domestic
1654734,2022-01-01,1,adoption_domestic
1655153,2022-01-01,1,adoption_domestic
1655591,2022-01-01,1,adoption_domestic
1655887,2022-01-01,1,adoption_domestic
1655888,2022-01-01,1,adoption_domestic
1656047,2022-01-01,1,adoption_domestic
1656088,2022-01-01,1,adoption_domestic
1656681,2022-01-01,1,adoption_domestic
1656839,2022-01-01,1,adoption_domestic
1657325,2022-01-01,1,adoption_domestic
1657889,2022-01-01,1,adoption_domestic
1659329,2022-01-01,1,adoption_domestic
1659981,2022-01-01,1,adoption_domestic
1661136,2022-01-01,1,adoption_domestic
1661589,2022-01-01,1,adoption_domestic
1662784,2022-01-01,1,adoption_domestic
1663239,2022-01-01,1,adoption_domestic
1663240,2022-01-01,1,adoption_domestic
1663244,2022-01-01,1,adoption_domestic
1663645,2022-01-01,1,adoption_domestic
1664682,2022-01-01,1,adoption_domestic
1665081,2022-01-01,1,adoption_domestic
1665300,2022-01-01,1,adoption_domestic
1666156,2022-01-01,1,adoption_domestic
1668738,2022-01-01,1,adoption_domestic
1668931,2022-01-01,1,adoption_domestic
1669393,2022-01-01,1,adoption_domestic
1669990,2022-01-01,1,adoption_domestic
1670601,2022-01-01,1,adoption_domestic
1671048,2022-01-01,1,adoption_domestic
1671520,2022-01-01,1,adoption_domestic
1672587,2022-01-01,1,adoption_domestic
1672609,2022-01-01,1,adoption_domestic
1673255,2022-01-01,1,adoption_domestic
1673542,2022-01-01,1,adoption_domestic
1675928,2022-01-01,1,adoption_domestic
1676734,2022-01-01,1,adoption_domestic
1677390,2022-01-01,1,adoption_domestic
1677913,2022-01-01,1,adoption_domestic
1678038,2022-01-01,1,adoption_domestic
1678740,2022-01-01,1,adoption_domestic
1679327,2022-01-01,1,adoption_domestic
1679420,2022-01-01,1,adoption_domestic
1679788,2022-01-01,1,adoption_domestic
1681031,2022-01-01,1,adoption_domestic
1681906,2022-01-01,1,adoption_domestic
1682405,2022-01-01,1,adoption_domestic
1682860,2022-01-01,1,adoption_domestic
1683252,2022-01-01,1,adoption_domestic
1683300,2022-01-01,1,adoption_domestic
1683489,2022-01-01,1,adoption_domestic
1684093,2022-01-01,1,adoption_domestic
1685054,2022-01-01,1,adoption_domestic
1685212,2022-01-01,1,adoption_domestic
1685854,2022-01-01,1,adoption_domestic
1686150,2022-01-01,1,adoption_domestic
1686400,2022-01-01,1,adoption_domestic
1687031,2022-01-01,1,adoption_domestic
1687202,2022-01-01,1,adoption_domestic
1687374,2022-01-01,1,adoption_domestic
1687605,2022-01-01,1,adoption_domestic
1687955,2022-01-01,1,adoption_domestic
1688126,2022-01-01,1,adoption_domestic
1688149,2022-01-01,1,adoption_domestic
1688451,2022-01-01,1,adoption_domestic
1688957,2022-01-01,1,adoption_domestic
1689111,2022-01-01,1,adoption_domestic
1689417,2022-01-01,1,adoption_domestic
1690110,2022-01-01,1,adoption_domestic
1690255,2022-01-01,1,adoption_domestic
1690577,2022-01-01,1,adoption_domestic
1691198,2022-01-01,1,adoption_domestic
1693368,2022-01-01,1,adoption_domestic
1693737,2022-01-01,1,adoption_domestic
1694426,2022-01-01,1,adoption_domestic
1694649,2022-01-01,1,adoption_domestic
1695154,2022-01-01,1,adoption_domestic
1695924,2022-01-01,1,adoption_domestic
1696707,2022-01-01,1,adoption_domestic
1697412,2022-01-01,1,adoption_domestic
1698685,2022-01-01,1,adoption_domestic
1699099,2022-01-01,1,adoption_domestic
1699462,2022-01-01,1,adoption_domestic
1700668,2022-01-01,1,adoption_domestic
1701638,2022-01-01,1,adoption_domestic
1702015,2022-01-01,1,adoption_domestic
1702745,2022-01-01,1,adoption_domestic
1702746,2022-01-01,1,adoption_domestic
1703075,2022-01-01,1,adoption_domestic
1704459,2022-01-01,1,adoption_domestic
1705163,2022-01-01,1,adoption_domestic
1705181,2022-01-01,1,adoption_domestic
1706060,2022-01-01,1,adoption_domestic
1706303,2022-01-01,1,adoption_domestic
1706403,2022-01-01,1,adoption_domestic
1706509,2022-01-01,1,adoption_domestic
1707817,2022-01-01,1,adoption_domestic
1708131,2022-01-01,1,adoption_domestic
1709967,2022-01-01,1,adoption_domestic
1710261,2022-01-01,1,adoption_domestic
1710360,2022-01-01,1,adoption_domestic
1710765,2022-01-01,1,adoption_domestic
1710798,2022-01-01,1,adoption_domestic
1711142,2022-01-01,1,adoption_domestic
1711786,2022-01-01,1,adoption_domestic
1712184,2022-01-01,1,adoption_domestic
1713226,2022-01-01,1,adoption_domestic
1713393,2022-01-01,1,adoption_domestic
1714154,2022-01-01,1,adoption_domestic
1714679,2022-01-01,1,adoption_domestic
1715824,2022-01-01,1,adoption_domestic
1715846,2022-01-01,1,adoption_domestic
1716186,2022-01-01,1,adoption_domestic
1716187,2022-01-01,1,adoption_domestic
1716263,2022-01-01,1,adoption_domestic
1716602,2022-01-01,1,adoption_domestic
1717556,2022-01-01,1,adoption_domestic
1718304,2022-01-01,1,adoption_domestic
1718322,2022-01-01,1,adoption_domestic
1718483,2022-01-01,1,adoption_domestic
1719195,2022-01-01,1,adoption_domestic
1719199,2022-01-01,1,adoption_domestic
1719959,2022-01-01,1,adoption_domestic
1720474,2022-01-01,1,adoption_domestic
1720748,2022-01-01,1,adoption_domestic
1721373,2022-01-01,1,adoption_domestic
1721905,2022-01-01,1,adoption_domestic
1722194,2022-01-01,1,adoption_domestic
1722731,2022-01-01,1,adoption_domestic
1723291,2022-01-01,1,adoption_domestic
1723306,2022-01-01,1,adoption_domestic
1723788,2022-01-01,1,adoption_domestic
1724177,2022-01-01,1,adoption_domestic
1725210,2022-01-01,1,adoption_domestic
1728085,2022-01-01,1,adoption_domestic
1728339,2022-01-01,1,adoption_domestic
1729832,2022-01-01,1,adoption_domestic
1729997,2022-01-01,1,adoption_domestic
1730869,2022-01-01,1,adoption_domestic
1731044,2022-01-01,1,adoption_domestic
1731056,2022-01-01,1,adoption_domestic
1732406,2022-01-01,1,adoption_domestic
1732409,2022-01-01,1,adoption_domestic
1732963,2022-01-01,1,adoption_domestic
1734103,2022-01-01,1,adoption_domestic
1735646,2022-01-01,1,adoption_domestic
1735733,2022-01-01,1,adoption_domestic
1736659,2022-01-01,1,adoption_domestic
1736862,2022-01-01,1,adoption_domestic
1737372,2022-01-01,1,adoption_domestic
1737924,2022-01-01,1,adoption_domestic
1738021,2022-01-01,1,adoption_domestic
1739423,2022-01-01,1,adoption_domestic
1740040,2022-01-01,1,adoption_domestic
1740450,2022-01-01,1,adoption_domestic
1740742,2022-01-01,1,adoption_domestic
1740849,2022-01-01,1,adoption_domestic
1741690,2022-01-01,1,adoption_domestic
1742373,2022-01-01,1,adoption_domestic
1742383,2022-01-01,1,adoption_domestic
1744707,2022-01-01,1,adoption_domestic
1744982,2022-01-01,1,adoption_domestic
1745511,2022-01-01,1,adoption_domestic
1745529,2022-01-01,1,adoption_domestic
1746406,2022-01-01,1,adoption_domestic
1747777,2022-01-01,1,adoption_domestic
1748940,2022-01-01,1,adoption_domestic
1748945,2022-01-01,1,adoption_domestic
1749360,2022-01-01,1,adoption_domestic
1749973,2022-01-01,1,adoption_domestic
1751743,2022-01-01,1,adoption_domestic
1751874,2022-01-01,1,adoption_domestic
1752363,2022-01-01,1,adoption_domestic
1752474,2022-01-01,1,adoption_domestic
1752594,2022-01-01,1,adoption_domestic
1753233,2022-01-01,1,adoption_domestic
1754913,2022-01-01,1,adoption_domestic
1756271,2022-01-01,1,adoption_domestic
1757018,2022-01-01,1,adoption_domestic
1757925,2022-01-01,1,adoption_domestic
1757928,2022-01-01,1,adoption_domestic
1758292,2022-01-01,1,adoption_domestic
1758882,2022-01-01,1,adoption_domestic
1758901,2022-01-01,1,adoption_domestic
1760337,2022-01-01,1,adoption_domestic
1761325,2022-01-01,1,adoption_domestic
1761612,2022-01-01,1,adoption_domestic
1763001,2022-01-01,1,adoption_domestic
1763207,2022-01-01,1,adoption_domestic
1763333,2022-01-01,1,adoption_domestic
1763501,2022-01-01,1,adoption_domestic
1763502,2022-01-01,1,adoption_domestic
1764759,2022-01-01,1,adoption_domestic
1766352,2022-01-01,1,adoption_domestic
1766367,2022-01-01,1,adoption_domestic
1766660,2022-01-01,1,adoption_domestic
1767057,2022-01-01,1,adoption_domestic
1769961,2022-01-01,1,adoption_domestic
1770572,2022-01-01,1,adoption_domestic
1771200,2022-01-01,1,adoption_domestic
1771501,2022-01-01,1,adoption_domestic
1772527,2022-01-01,1,adoption_domestic
1773339,2022-01-01,1,adoption_domestic
1774962,2022-01-01,1,adoption_domestic
1775756,2022-01-01,1,adoption_domestic
1776086,2022-01-01,1,adoption_domestic
1776721,2022-01-01,1,adoption_domestic
1778232,2022-01-01,1,adoption_domestic
1778749,2022-01-01,1,adoption_domestic
1778784,2022-01-01,1,adoption_domestic
1780131,2022-01-01,1,adoption_domestic
1780678,2022-01-01,1,adoption_domestic
1780859,2022-01-01,1,adoption_domestic
1781089,2022-01-01,1,adoption_domestic
1783287,2022-01-01,1,adoption_domestic
1783879,2022-01-01,1,adoption_domestic
1784958,2022-01-01,1,adoption_domestic
1785812,2022-01-01,1,adoption_domestic
1785881,2022-01-01,1,adoption_domestic
1786008,2022-01-01,1,adoption_domestic
1787000,2022-01-01,1,adoption_domestic
1787001,2022-01-01,1,adoption_domestic
1787400,2022-01-01,1,adoption_domestic
1787490,2022-01-01,1,adoption_domestic
1789307,2022-01-01,1,adoption_domestic
1789356,2022-01-01,1,adoption_domestic
1789954,2022-01-01,1,adoption_domestic
1790013,2022-01-01,1,adoption_domestic
1790441,2022-01-01,1,adoption_domestic
1791183,2022-01-01,1,adoption_domestic
1791239,2022-01-01,1,adoption_domestic
1791295,2022-01-01,1,adoption_domestic
1791325,2022-01-01,1,adoption_domestic
1792157,2022-01-01,1,adoption_domestic
1792158,2022-01-01,1,adoption_domestic
1792414,2022-01-01,1,adoption_domestic
1792905,2022-01-01,1,adoption_domestic
1793165,2022-01-01,1,adoption_domestic
1793651,2022-01-01,1,adoption_domestic
1793744,2022-01-01,1,adoption_domestic
1793856,2022-01-01,1,adoption_domestic
1794303,2022-01-01,1,adoption_domestic
1797056,2022-01-01,1,adoption_domestic
1797288,2022-01-01,1,adoption_domestic
1797679,2022-01-01,1,adoption_domestic
1798388,2022-01-01,1,adoption_domestic
1799385,2022-01-01,1,adoption_domestic
1799463,2022-01-01,1,adoption_domestic
1800294,2022-01-01,1,adoption_domestic
1801338,2022-01-01,1,adoption_domestic
1802215,2022-01-01,1,adoption_domestic
1803308,2022-01-01,1,adoption_domestic
1803858,2022-01-01,1,adoption_domestic
1806944,2022-01-01,1,adoption_domestic
1807427,2022-01-01,1,adoption_domestic
1807846,2022-01-01,1,adoption_domestic
1810050,2022-01-01,1,adoption_domestic
1812554,2022-01-01,1,adoption_domestic
1812604,2022-01-01,1,adoption_domestic
1813793,2022-01-01,1,adoption_domestic
1814389,2022-01-01,1,adoption_domestic
1815753,2022-01-01,1,adoption_domestic
1816147,2022-01-01,1,adoption_domestic
1816431,2022-01-01,1,adoption_domestic
1816861,2022-01-01,1,adoption_domestic
1818254,2022-01-01,1,adoption_domestic
1818346,2022-01-01,1,adoption_domestic
1818654,2022-01-01,1,adoption_domestic
1818874,2022-01-01,1,adoption_domestic
1819035,2022-01-01,1,adoption_domestic
1819881,2022-01-01,1,adoption_domestic
1819989,2022-01-01,1,adoption_domestic
1820302,2022-01-01,1,adoption_domestic
1820953,2022-01-01,1,adoption_domestic
1821159,2022-01-01,1,adoption_domestic
1821946,2022-01-01,1,adoption_domestic
1822166,2022-01-01,1,adoption_domestic
1823000,2022-01-01,1,adoption_domestic
1823144,2022-01-01,1,adoption_domestic
1823722,2022-01-01,1,adoption_domestic
1824482,2022-01-01,1,adoption_domestic
1827054,2022-01-01,1,adoption_domestic
1827183,2022-01-01,1,adoption_domestic
1829311,2022-01-01,1,adoption_domestic
1830315,2022-01-01,1,adoption_domestic
1832161,2022-01-01,1,adoption_domestic
1832873,2022-01-01,1,adoption_domestic
1832874,2022-01-01,1,adoption_domestic
1833522,2022-01-01,1,adoption_domestic
1833563,2022-01-01,1,adoption_domestic
1837344,2022-01-01,1,adoption_domestic
1839341,2022-01-01,1,adoption_domestic
1840121,2022-01-01,1,adoption_domestic
1840644,2022-01-01,1,adoption_domestic
1841425,2022-01-01,1,adoption_domestic
1843823,2022-01-01,1,adoption_domestic
1843993,2022-01-01,1,adoption_domestic
1844684,2022-01-01,1,adoption_domestic
1844971,2022-01-01,1,adoption_domestic
1844998,2022-01-01,1,adoption_domestic
1845815,2022-01-01,1,adoption_domestic
1848411,2022-01-01,1,adoption_domestic
1851115,2022-01-01,1,adoption_domestic
1851817,2022-01-01,1,adoption_domestic
1855168,2022-01-01,1,adoption_domestic
1855474,2022-01-01,1,adoption_domestic
1855751,2022-01-01,1,adoption_domestic
1856028,2022-01-01,1,adoption_domestic
1856967,2022-01-01,1,adoption_domestic
1857853,2022-01-01,1,adoption_domestic
1858289,2022-01-01,1,adoption_domestic
1858865,2022-01-01,1,adoption_domestic
1859007,2022-01-01,1,adoption_domestic
1862080,2022-01-01,1,adoption_domestic
1863688,2022-01-01,1,adoption_domestic
1864196,2022-01-01,1,adoption_domestic
1865107,2022-01-01,1,adoption_domestic
1866493,2022-01-01,1,adoption_domestic
1867467,2022-01-01,1,adoption_domestic
1867757,2022-01-01,1,adoption_domestic
1868573,2022-01-01,1,adoption_domestic
1869453,2022-01-01,1,adoption_domestic
1870471,2022-01-01,1,adoption_domestic
1871630,2022-01-01,1,adoption_domestic
1872347,2022-01-01,1,adoption_domestic
1873441,2022-01-01,1,adoption_domestic
1880187,2022-01-01,1,adoption_domestic
1880613,2022-01-01,1,adoption_domestic
1880921,2022-01-01,1,adoption_domestic
1881326,2022-01-01,1,adoption_domestic
1883246,2022-01-01,1,adoption_domestic
1885855,2022-01-01,1,adoption_domestic
1889297,2022-01-01,1,adoption_domestic
1889668,2022-01-01,1,adoption_domestic
1890702,2022-01-01,1,adoption_domestic
1891774,2022-01-01,1,adoption_domestic
1891818,2022-01-01,1,adoption_domestic
1894714,2022-01-01,1,adoption_domestic
1895116,2022-01-01,1,adoption_domestic
1895567,2022-01-01,1,adoption_domestic
22444,2023-01-01,1,adoption_domestic
28823,2023-01-01,1,adoption_domestic
52428,2023-01-01,1,adoption_domestic
64463,2023-01-01,1,adoption_domestic
70866,2023-01-01,1,adoption_domestic
91440,2023-01-01,1,adoption_domestic
202058,2023-01-01,1,adoption_domestic
315189,2023-01-01,1,adoption_domestic
356590,2023-01-01,1,adoption_domestic
706129,2023-01-01,1,adoption_domestic
709283,2023-01-01,1,adoption_domestic
743758,2023-01-01,1,adoption_domestic
748790,2023-01-01,1,adoption_domestic
750574,2023-01-01,1,adoption_domestic
754811,2023-01-01,1,adoption_domestic
765880,2023-01-01,1,adoption_domestic
823546,2023-01-01,1,adoption_domestic
827876,2023-01-01,1,adoption_domestic
847942,2023-01-01,1,adoption_domestic
857949,2023-01-01,1,adoption_domestic
862651,2023-01-01,1,adoption_domestic
880631,2023-01-01,1,adoption_domestic
894556,2023-01-01,1,adoption_domestic
896493,2023-01-01,1,adoption_domestic
913760,2023-01-01,1,adoption_domestic
916540,2023-01-01,1,adoption_domestic
919864,2023-01-01,1,adoption_domestic
920760,2023-01-01,1,adoption_domestic
924095,2023-01-01,1,adoption_domestic
1001601,2023-01-01,1,adoption_domestic
1034842,2023-01-01,1,adoption_domestic
1036848,2023-01-01,1,adoption_domestic
1050446,2023-01-01,1,adoption_domestic
1058811,2023-01-01,1,adoption_domestic
1064722,2023-01-01,1,adoption_domestic
1066923,2023-01-01,1,adoption_domestic
1083301,2023-01-01,1,adoption_domestic
1099590,2023-01-01,1,adoption_domestic
1119190,2023-01-01,1,adoption_domestic
1120970,2023-01-01,1,adoption_domestic
1130713,2023-01-01,1,adoption_domestic
1138724,2023-01-01,1,adoption_domestic
1156375,2023-01-01,1,adoption_domestic
1162896,2023-01-01,1,adoption_domestic
1167419,2023-01-01,1,adoption_domestic
1174891,2023-01-01,1,adoption_domestic
1210618,2023-01-01,1,adoption_domestic
1218683,2023-01-01,1,adoption_domestic
1232524,2023-01-01,1,adoption_domestic
1236275,2023-01-01,1,adoption_domestic
1277902,2023-01-01,1,adoption_domestic
1281845,2023-01-01,1,adoption_domestic
1314196,2023-01-01,1,adoption_domestic
1318605,2023-01-01,1,adoption_domestic
1337298,2023-01-01,1,adoption_domestic
1357671,2023-01-01,1,adoption_domestic
1364742,2023-01-01,1,adoption_domestic
1374310,2023-01-01,1,adoption_domestic
1376321,2023-01-01,1,adoption_domestic
1381197,2023-01-01,1,adoption_domestic
1394319,2023-01-01,1,adoption_domestic
1403256,2023-01-01,1,adoption_domestic
1409446,2023-01-01,1,adoption_domestic
1411579,2023-01-01,1,adoption_domestic
1422892,2023-01-01,1,adoption_domestic
1426332,2023-01-01,1,adoption_domestic
1435617,2023-01-01,1,adoption_domestic
1436229,2023-01-01,1,adoption_domestic
1437283,2023-01-01,1,adoption_domestic
1437491,2023-01-01,1,adoption_domestic
1469115,2023-01-01,1,adoption_domestic
1471824,2023-01-01,1,adoption_domestic
1483646,2023-01-01,1,adoption_domestic
1507605,2023-01-01,1,adoption_domestic
1510832,2023-01-01,1,adoption_domestic
1512673,2023-01-01,1,adoption_domestic
1515139,2023-01-01,1,adoption_domestic
1520118,2023-01-01,1,adoption_domestic
1527102,2023-01-01,1,adoption_domestic
1536226,2023-01-01,1,adoption_domestic
1543042,2023-01-01,1,adoption_domestic
1545018,2023-01-01,1,adoption_domestic
1548599,2023-01-01,1,adoption_domestic
1550120,2023-01-01,1,adoption_domestic
1552327,2023-01-01,1,adoption_domestic
1552328,2023-01-01,1,adoption_domestic
1554776,2023-01-01,1,adoption_domestic
1556487,2023-01-01,1,adoption_domestic
1556811,2023-01-01,1,adoption_domestic
1558013,2023-01-01,1,adoption_domestic
1558546,2023-01-01,1,adoption_domestic
1559053,2023-01-01,1,adoption_domestic
1559450,2023-01-01,1,adoption_domestic
1560456,2023-01-01,1,adoption_domestic
1561726,2023-01-01,1,adoption_domestic
1561727,2023-01-01,1,adoption_domestic
1566053,2023-01-01,1,adoption_domestic
1566140,2023-01-01,1,adoption_domestic
1566543,2023-01-01,1,adoption_domestic
1566544,2023-01-01,1,adoption_domestic
1567572,2023-01-01,1,adoption_domestic
1569414,2023-01-01,1,adoption_domestic
1571236,2023-01-01,1,adoption_domestic
1571949,2023-01-01,1,adoption_domestic
1572493,2023-01-01,1,adoption_domestic
1573946,2023-01-01,1,adoption_domestic
1575190,2023-01-01,1,adoption_domestic
1575659,2023-01-01,1,adoption_domestic
1575686,2023-01-01,1,adoption_domestic
1576047,2023-01-01,1,adoption_domestic
1577545,2023-01-01,1,adoption_domestic
1578422,2023-01-01,1,adoption_domestic
1578423,2023-01-01,1,adoption_domestic
1578533,2023-01-01,1,adoption_domestic
1579306,2023-01-01,1,adoption_domestic
1580013,2023-01-01,1,adoption_domestic
1580891,2023-01-01,1,adoption_domestic
1581653,2023-01-01,1,adoption_domestic
1582037,2023-01-01,1,adoption_domestic
1584492,2023-01-01,1,adoption_domestic
1585067,2023-01-01,1,adoption_domestic
1585673,2023-01-01,1,adoption_domestic
1586883,2023-01-01,1,adoption_domestic
1587234,2023-01-01,1,adoption_domestic
1587497,2023-01-01,1,adoption_domestic
1587980,2023-01-01,1,adoption_domestic
1587981,2023-01-01,1,adoption_domestic
1588251,2023-01-01,1,adoption_domestic
1588489,2023-01-01,1,adoption_domestic
1589802,2023-01-01,1,adoption_domestic
1589803,2023-01-01,1,adoption_domestic
1589804,2023-01-01,1,adoption_domestic
1590058,2023-01-01,1,adoption_domestic
1590231,2023-01-01,1,adoption_domestic
1590757,2023-01-01,1,adoption_domestic
1591956,2023-01-01,1,adoption_domestic
1592782,2023-01-01,1,adoption_domestic
1593269,2023-01-01,1,adoption_domestic
1594100,2023-01-01,1,adoption_domestic
1594136,2023-01-01,1,adoption_domestic
1595710,2023-01-01,1,adoption_domestic
1595726,2023-01-01,1,adoption_domestic
1596958,2023-01-01,1,adoption_domestic
1597339,2023-01-01,1,adoption_domestic
1599714,2023-01-01,1,adoption_domestic
1600823,2023-01-01,1,adoption_domestic
1600824,2023-01-01,1,adoption_domestic
1600831,2023-01-01,1,adoption_domestic
1601617,2023-01-01,1,adoption_domestic
1601705,2023-01-01,1,adoption_domestic
1601744,2023-01-01,1,adoption_domestic
1602658,2023-01-01,1,adoption_domestic
1603578,2023-01-01,1,adoption_domestic
1603669,2023-01-01,1,adoption_domestic
1604083,2023-01-01,1,adoption_domestic
1604119,2023-01-01,1,adoption_domestic
1605057,2023-01-01,1,adoption_domestic
1605257,2023-01-01,1,adoption_domestic
1606442,2023-01-01,1,adoption_domestic
1607484,2023-01-01,1,adoption_domestic
1607641,2023-01-01,1,adoption_domestic
1607865,2023-01-01,1,adoption_domestic
1609671,2023-01-01,1,adoption_domestic
1610486,2023-01-01,1,adoption_domestic
1610796,2023-01-01,1,adoption_domestic
1610820,2023-01-01,1,adoption_domestic
1612124,2023-01-01,1,adoption_domestic
1612126,2023-01-01,1,adoption_domestic
1612518,2023-01-01,1,adoption_domestic
1614033,2023-01-01,1,adoption_domestic
1616156,2023-01-01,1,adoption_domestic
1616666,2023-01-01,1,adoption_domestic
1617760,2023-01-01,1,adoption_domestic
1617959,2023-01-01,1,adoption_domestic
1618150,2023-01-01,1,adoption_domestic
1618713,2023-01-01,1,adoption_domestic
1619511,2023-01-01,1,adoption_domestic
1619616,2023-01-01,1,adoption_domestic
1620179,2023-01-01,1,adoption_domestic
1620305,2023-01-01,1,adoption_domestic
1621368,2023-01-01,1,adoption_domestic
1621379,2023-01-01,1,adoption_domestic
1621466,2023-01-01,1,adoption_domestic
1622765,2023-01-01,1,adoption_domestic
1623838,2023-01-01,1,adoption_domestic
1623916,2023-01-01,1,adoption_domestic
1625426,2023-01-01,1,adoption_domestic
1625941,2023-01-01,1,adoption_domestic
1626941,2023-01-01,1,adoption_domestic
1628112,2023-01-01,1,adoption_domestic
1629069,2023-01-01,1,adoption_domestic
1629716,2023-01-01,1,adoption_domestic
1630477,2023-01-01,1,adoption_domestic
1630513,2023-01-01,1,adoption_domestic
1630805,2023-01-01,1,adoption_domestic
1631406,2023-01-01,1,adoption_domestic
1632814,2023-01-01,1,adoption_domestic
1633533,2023-01-01,1,adoption_domestic
1633917,2023-01-01,1,adoption_domestic
1634172,2023-01-01,1,adoption_domestic
1634976,2023-01-01,1,adoption_domestic
1635569,2023-01-01,1,adoption_domestic
1636513,2023-01-01,1,adoption_domestic
1636708,2023-01-01,1,adoption_domestic
1637008,2023-01-01,1,adoption_domestic
1638227,2023-01-01,1,adoption_domestic
1638933,2023-01-01,1,adoption_domestic
1639353,2023-01-01,1,adoption_domestic
1640052,2023-01-01,1,adoption_domestic
1640384,2023-01-01,1,adoption_domestic
1640584,2023-01-01,1,adoption_domestic
1640775,2023-01-01,1,adoption_domestic
1641398,2023-01-01,1,adoption_domestic
1642727,2023-01-01,1,adoption_domestic
1643293,2023-01-01,1,adoption_domestic
1643550,2023-01-01,1,adoption_domestic
1643661,2023-01-01,1,adoption_domestic
1643873,2023-01-01,1,adoption_domestic
1644697,2023-01-01,1,adoption_domestic
1644943,2023-01-01,1,adoption_domestic
1645384,2023-01-01,1,adoption_domestic
1646736,2023-01-01,1,adoption_domestic
1646924,2023-01-01,1,adoption_domestic
1647587,2023-01-01,1,adoption_domestic
1647980,2023-01-01,1,adoption_domestic
1648195,2023-01-01,1,adoption_domestic
1648439,2023-01-01,1,adoption_domestic
1648858,2023-01-01,1,adoption_domestic
1649184,2023-01-01,1,adoption_domestic
1651164,2023-01-01,1,adoption_domestic
1651308,2023-01-01,1,adoption_domestic
1651588,2023-01-01,1,adoption_domestic
1651790,2023-01-01,1,adoption_domestic
1652031,2023-01-01,1,adoption_domestic
1652672,2023-01-01,1,adoption_domestic
1652884,2023-01-01,1,adoption_domestic
1652958,2023-01-01,1,adoption_domestic
1652982,2023-01-01,1,adoption_domestic
1653323,2023-01-01,1,adoption_domestic
1653542,2023-01-01,1,adoption_domestic
1654330,2023-01-01,1,adoption_domestic
1655153,2023-01-01,1,adoption_domestic
1655591,2023-01-01,1,adoption_domestic
1656047,2023-01-01,1,adoption_domestic
1656088,2023-01-01,1,adoption_domestic
1656681,2023-01-01,1,adoption_domestic
1656839,2023-01-01,1,adoption_domestic
1657325,2023-01-01,1,adoption_domestic
1657889,2023-01-01,1,adoption_domestic
1659329,2023-01-01,1,adoption_domestic
1659981,2023-01-01,1,adoption_domestic
1661136,2023-01-01,1,adoption_domestic
1661589,2023-01-01,1,adoption_domestic
1661779,2023-01-01,1,adoption_domestic
1662784,2023-01-01,1,adoption_domestic
1663239,2023-01-01,1,adoption_domestic
1663240,2023-01-01,1,adoption_domestic
1663244,2023-01-01,1,adoption_domestic
1663645,2023-01-01,1,adoption_domestic
1664682,2023-01-01,1,adoption_domestic
1665081,2023-01-01,1,adoption_domestic
1665300,2023-01-01,1,adoption_domestic
1666156,2023-01-01,1,adoption_domestic
1668738,2023-01-01,1,adoption_domestic
1668931,2023-01-01,1,adoption_domestic
1669393,2023-01-01,1,adoption_domestic
1669990,2023-01-01,1,adoption_domestic
1670601,2023-01-01,1,adoption_domestic
1671048,2023-01-01,1,adoption_domestic
1671520,2023-01-01,1,adoption_domestic
1672587,2023-01-01,1,adoption_domestic
1672609,2023-01-01,1,adoption_domestic
1673255,2023-01-01,1,adoption_domestic
1673542,2023-01-01,1,adoption_domestic
1676734,2023-01-01,1,adoption_domestic
1677077,2023-01-01,1,adoption_domestic
1677390,2023-01-01,1,adoption_domestic
1677913,2023-01-01,1,adoption_domestic
1678038,2023-01-01,1,adoption_domestic
1678740,2023-01-01,1,adoption_domestic
1679327,2023-01-01,1,adoption_domestic
1679420,2023-01-01,1,adoption_domestic
1679788,2023-01-01,1,adoption_domestic
1681031,2023-01-01,1,adoption_domestic
1681906,2023-01-01,1,adoption_domestic
1682405,2023-01-01,1,adoption_domestic
1682860,2023-01-01,1,adoption_domestic
1683300,2023-01-01,1,adoption_domestic
1683489,2023-01-01,1,adoption_domestic
1684093,2023-01-01,1,adoption_domestic
1685054,2023-01-01,1,adoption_domestic
1685212,2023-01-01,1,adoption_domestic
1685854,2023-01-01,1,adoption_domestic
1686150,2023-01-01,1,adoption_domestic
1687031,2023-01-01,1,adoption_domestic
1687202,2023-01-01,1,adoption_domestic
1687374,2023-01-01,1,adoption_domestic
1687605,2023-01-01,1,adoption_domestic
1687955,2023-01-01,1,adoption_domestic
1688126,2023-01-01,1,adoption_domestic
1688149,2023-01-01,1,adoption_domestic
1688451,2023-01-01,1,adoption_domestic
1688957,2023-01-01,1,adoption_domestic
1689111,2023-01-01,1,adoption_domestic
1689417,2023-01-01,1,adoption_domestic
1690110,2023-01-01,1,adoption_domestic
1690255,2023-01-01,1,adoption_domestic
1690577,2023-01-01,1,adoption_domestic
1691198,2023-01-01,1,adoption_domestic
1693368,2023-01-01,1,adoption_domestic
1693737,2023-01-01,1,adoption_domestic
1694426,2023-01-01,1,adoption_domestic
1694649,2023-01-01,1,adoption_domestic
1695154,2023-01-01,1,adoption_domestic
1695924,2023-01-01,1,adoption_domestic
1696707,2023-01-01,1,adoption_domestic
1698685,2023-01-01,1,adoption_domestic
1699099,2023-01-01,1,adoption_domestic
1699462,2023-01-01,1,adoption_domestic
1700668,2023-01-01,1,adoption_domestic
1701638,2023-01-01,1,adoption_domestic
1702015,2023-01-01,1,adoption_domestic
1702745,2023-01-01,1,adoption_domestic
1702746,2023-01-01,1,adoption_domestic
1703075,2023-01-01,1,adoption_domestic
1704459,2023-01-01,1,adoption_domestic
1705163,2023-01-01,1,adoption_domestic
1705181,2023-01-01,1,adoption_domestic
1706060,2023-01-01,1,adoption_domestic
1706303,2023-01-01,1,adoption_domestic
1706403,2023-01-01,1,adoption_domestic
1706509,2023-01-01,1,adoption_domestic
1707817,2023-01-01,1,adoption_domestic
1708131,2023-01-01,1,adoption_domestic
1709967,2023-01-01,1,adoption_domestic
1710261,2023-01-01,1,adoption_domestic
1710360,2023-01-01,1,adoption_domestic
1710765,2023-01-01,1,adoption_domestic
1710798,2023-01-01,1,adoption_domestic
1711142,2023-01-01,1,adoption_domestic
1711786,2023-01-01,1,adoption_domestic
1713226,2023-01-01,1,adoption_domestic
1713393,2023-01-01,1,adoption_domestic
1714154,2023-01-01,1,adoption_domestic
1714679,2023-01-01,1,adoption_domestic
1715824,2023-01-01,1,adoption_domestic
1715846,2023-01-01,1,adoption_domestic
1716186,2023-01-01,1,adoption_domestic
1716187,2023-01-01,1,adoption_domestic
1716263,2023-01-01,1,adoption_domestic
1716602,2023-01-01,1,adoption_domestic
1718304,2023-01-01,1,adoption_domestic
1718322,2023-01-01,1,adoption_domestic
1718483,2023-01-01,1,adoption_domestic
1719195,2023-01-01,1,adoption_domestic
1719199,2023-01-01,1,adoption_domestic
1719959,2023-01-01,1,adoption_domestic
1720265,2023-01-01,1,adoption_domestic
1720474,2023-01-01,1,adoption_domestic
1720748,2023-01-01,1,adoption_domestic
1721373,2023-01-01,1,adoption_domestic
1721905,2023-01-01,1,adoption_domestic
1722194,2023-01-01,1,adoption_domestic
1722731,2023-01-01,1,adoption_domestic
1723291,2023-01-01,1,adoption_domestic
1723306,2023-01-01,1,adoption_domestic
1723788,2023-01-01,1,adoption_domestic
1724177,2023-01-01,1,adoption_domestic
1725210,2023-01-01,1,adoption_domestic
1727836,2023-01-01,1,adoption_domestic
1728085,2023-01-01,1,adoption_domestic
1728339,2023-01-01,1,adoption_domestic
1729832,2023-01-01,1,adoption_domestic
1729997,2023-01-01,1,adoption_domestic
1730869,2023-01-01,1,adoption_domestic
1731044,2023-01-01,1,adoption_domestic
1731056,2023-01-01,1,adoption_domestic
1731627,2023-01-01,1,adoption_domestic
1732406,2023-01-01,1,adoption_domestic
1732409,2023-01-01,1,adoption_domestic
1732963,2023-01-01,1,adoption_domestic
1734103,2023-01-01,1,adoption_domestic
1735646,2023-01-01,1,adoption_domestic
1735733,2023-01-01,1,adoption_domestic
1736659,2023-01-01,1,adoption_domestic
1736862,2023-01-01,1,adoption_domestic
1737924,2023-01-01,1,adoption_domestic
1738021,2023-01-01,1,adoption_domestic
1739423,2023-01-01,1,adoption_domestic
1740040,2023-01-01,1,adoption_domestic
1740450,2023-01-01,1,adoption_domestic
1740742,2023-01-01,1,adoption_domestic
1740849,2023-01-01,1,adoption_domestic
1741690,2023-01-01,1,adoption_domestic
1742373,2023-01-01,1,adoption_domestic
1742383,2023-01-01,1,adoption_domestic
1744707,2023-01-01,1,adoption_domestic
1744982,2023-01-01,1,adoption_domestic
1745511,2023-01-01,1,adoption_domestic
1745529,2023-01-01,1,adoption_domestic
1746406,2023-01-01,1,adoption_domestic
1748940,2023-01-01,1,adoption_domestic
1748945,2023-01-01,1,adoption_domestic
1749360,2023-01-01,1,adoption_domestic
1749973,2023-01-01,1,adoption_domestic
1751743,2023-01-01,1,adoption_domestic
1751874,2023-01-01,1,adoption_domestic
1752363,2023-01-01,1,adoption_domestic
1752474,2023-01-01,1,adoption_domestic
1752594,2023-01-01,1,adoption_domestic
1753233,2023-01-01,1,adoption_domestic
1754913,2023-01-01,1,adoption_domestic
1755953,2023-01-01,1,adoption_domestic
1756271,2023-01-01,1,adoption_domestic
1757018,2023-01-01,1,adoption_domestic
1757925,2023-01-01,1,adoption_domestic
1757928,2023-01-01,1,adoption_domestic
1758292,2023-01-01,1,adoption_domestic
1758882,2023-01-01,1,adoption_domestic
1758901,2023-01-01,1,adoption_domestic
1760337,2023-01-01,1,adoption_domestic
1761325,2023-01-01,1,adoption_domestic
1761612,2023-01-01,1,adoption_domestic
1763001,2023-01-01,1,adoption_domestic
1763207,2023-01-01,1,adoption_domestic
1763333,2023-01-01,1,adoption_domestic
1763501,2023-01-01,1,adoption_domestic
1763502,2023-01-01,1,adoption_domestic
1763657,2023-01-01,1,adoption_domestic
1764759,2023-01-01,1,adoption_domestic
1766367,2023-01-01,1,adoption_domestic
1766660,2023-01-01,1,adoption_domestic
1767057,2023-01-01,1,adoption_domestic
1769961,2023-01-01,1,adoption_domestic
1770572,2023-01-01,1,adoption_domestic
1771200,2023-01-01,1,adoption_domestic
1771501,2023-01-01,1,adoption_domestic
1772527,2023-01-01,1,adoption_domestic
1773339,2023-01-01,1,adoption_domestic
1774962,2023-01-01,1,adoption_domestic
1775756,2023-01-01,1,adoption_domestic
1776086,2023-01-01,1,adoption_domestic
1776721,2023-01-01,1,adoption_domestic
1778232,2023-01-01,1,adoption_domestic
1778749,2023-01-01,1,adoption_domestic
1778784,2023-01-01,1,adoption_domestic
1780131,2023-01-01,1,adoption_domestic
1780678,2023-01-01,1,adoption_domestic
1780859,2023-01-01,1,adoption_domestic
1781089,2023-01-01,1,adoption_domestic
1783287,2023-01-01,1,adoption_domestic
1783879,2023-01-01,1,adoption_domestic
1784958,2023-01-01,1,adoption_domestic
1785812,2023-01-01,1,adoption_domestic
1785881,2023-01-01,1,adoption_domestic
1786008,2023-01-01,1,adoption_domestic
1787000,2023-01-01,1,adoption_domestic
1787001,2023-01-01,1,adoption_domestic
1787400,2023-01-01,1,adoption_domestic
1787490,2023-01-01,1,adoption_domestic
1789307,2023-01-01,1,adoption_domestic
1789356,2023-01-01,1,adoption_domestic
1789954,2023-01-01,1,adoption_domestic
1790013,2023-01-01,1,adoption_domestic
1790441,2023-01-01,1,adoption_domestic
1790625,2023-01-01,1,adoption_domestic
1791183,2023-01-01,1,adoption_domestic
1791239,2023-01-01,1,adoption_domestic
1791295,2023-01-01,1,adoption_domestic
1791325,2023-01-01,1,adoption_domestic
1792157,2023-01-01,1,adoption_domestic
1792158,2023-01-01,1,adoption_domestic
1792414,2023-01-01,1,adoption_domestic
1792905,2023-01-01,1,adoption_domestic
1793165,2023-01-01,1,adoption_domestic
1793651,2023-01-01,1,adoption_domestic
1793744,2023-01-01,1,adoption_domestic
1793856,2023-01-01,1,adoption_domestic
1794303,2023-01-01,1,adoption_domestic
1794669,2023-01-01,1,adoption_domestic
1797056,2023-01-01,1,adoption_domestic
1797288,2023-01-01,1,adoption_domestic
1797679,2023-01-01,1,adoption_domestic
1798388,2023-01-01,1,adoption_domestic
1799385,2023-01-01,1,adoption_domestic
1799463,2023-01-01,1,adoption_domestic
1800294,2023-01-01,1,adoption_domestic
1801338,2023-01-01,1,adoption_domestic
1802215,2023-01-01,1,adoption_domestic
1803308,2023-01-01,1,adoption_domestic
1803858,2023-01-01,1,adoption_domestic
1806944,2023-01-01,1,adoption_domestic
1807846,2023-01-01,1,adoption_domestic
1810050,2023-01-01,1,adoption_domestic
1811074,2023-01-01,1,adoption_domestic
1812604,2023-01-01,1,adoption_domestic
1814389,2023-01-01,1,adoption_domestic
1815753,2023-01-01,1,adoption_domestic
1816147,2023-01-01,1,adoption_domestic
1816431,2023-01-01,1,adoption_domestic
1816861,2023-01-01,1,adoption_domestic
1818254,2023-01-01,1,adoption_domestic
1818654,2023-01-01,1,adoption_domestic
1818874,2023-01-01,1,adoption_domestic
1819881,2023-01-01,1,adoption_domestic
1819989,2023-01-01,1,adoption_domestic
1820302,2023-01-01,1,adoption_domestic
1821159,2023-01-01,1,adoption_domestic
1821946,2023-01-01,1,adoption_domestic
1822166,2023-01-01,1,adoption_domestic
1823000,2023-01-01,1,adoption_domestic
1823144,2023-01-01,1,adoption_domestic
1823722,2023-01-01,1,adoption_domestic
1824482,2023-01-01,1,adoption_domestic
1827054,2023-01-01,1,adoption_domestic
1827183,2023-01-01,1,adoption_domestic
1829311,2023-01-01,1,adoption_domestic
1829966,2023-01-01,1,adoption_domestic
1830315,2023-01-01,1,adoption_domestic
1832873,2023-01-01,1,adoption_domestic
1832874,2023-01-01,1,adoption_domestic
1833522,2023-01-01,1,adoption_domestic
1833563,2023-01-01,1,adoption_domestic
1837344,2023-01-01,1,adoption_domestic
1839341,2023-01-01,1,adoption_domestic
1839530,2023-01-01,1,adoption_domestic
1840121,2023-01-01,1,adoption_domestic
1840644,2023-01-01,1,adoption_domestic
1843823,2023-01-01,1,adoption_domestic
1843993,2023-01-01,1,adoption_domestic
1844971,2023-01-01,1,adoption_domestic
1844998,2023-01-01,1,adoption_domestic
1845815,2023-01-01,1,adoption_domestic
1848411,2023-01-01,1,adoption_domestic
1851115,2023-01-01,1,adoption_domestic
1851817,2023-01-01,1,adoption_domestic
1855168,2023-01-01,1,adoption_domestic
1855474,2023-01-01,1,adoption_domestic
1856028,2023-01-01,1,adoption_domestic
1856967,2023-01-01,1,adoption_domestic
1857853,2023-01-01,1,adoption_domestic
1858289,2023-01-01,1,adoption_domestic
1858865,2023-01-01,1,adoption_domestic
1862080,2023-01-01,1,adoption_domestic
1863688,2023-01-01,1,adoption_domestic
1864196,2023-01-01,1,adoption_domestic
1866493,2023-01-01,1,adoption_domestic
1867467,2023-01-01,1,adoption_domestic
1867757,2023-01-01,1,adoption_domestic
1868573,2023-01-01,1,adoption_domestic
1871630,2023-01-01,1,adoption_domestic
1872347,2023-01-01,1,adoption_domestic
1873441,2023-01-01,1,adoption_domestic
1877561,2023-01-01,1,adoption_domestic
1880187,2023-01-01,1,adoption_domestic
1880921,2023-01-01,1,adoption_domestic
1881326,2023-01-01,1,adoption_domestic
1882781,2023-01-01,1,adoption_domestic
1883246,2023-01-01,1,adoption_domestic
1885855,2023-01-01,1,adoption_domestic
1889297,2023-01-01,1,adoption_domestic
1890702,2023-01-01,1,adoption_domestic
1891774,2023-01-01,1,adoption_domestic
1891818,2023-01-01,1,adoption_domestic
1892492,2023-01-01,1,adoption_domestic
1894714,2023-01-01,1,adoption_domestic
1895116,2023-01-01,1,adoption_domestic
1895567,2023-01-01,1,adoption_domestic
1895618,2023-01-01,1,adoption_domestic
1900454,2023-01-01,1,adoption_domestic
1901799,2023-01-01,1,adoption_domestic
1901814,2023-01-01,1,adoption_domestic
1902565,2023-01-01,1,adoption_domestic
1903688,2023-01-01,1,adoption_domestic
1907059,2023-01-01,1,adoption_domestic
1907569,2023-01-01,1,adoption_domestic
1911066,2023-01-01,1,adoption_domestic
1912509,2023-01-01,1,adoption_domestic
1912724,2023-01-01,1,adoption_domestic
1913593,2023-01-01,1,adoption_domestic
1916018,2023-01-01,1,adoption_domestic
1920442,2023-01-01,1,adoption_domestic
1921064,2023-01-01,1,adoption_domestic
1924780,2023-01-01,1,adoption_domestic
1924870,2023-01-01,1,adoption_domestic
1926900,2023-01-01,1,adoption_domestic
1932997,2023-01-01,1,adoption_domestic
1937096,2023-01-01,1,adoption_domestic
1937653,2023-01-01,1,adoption_domestic
1937985,2023-01-01,1,adoption_domestic
1942599,2023-01-01,1,adoption_domestic
1945619,2023-01-01,1,adoption_domestic
1946375,2023-01-01,1,adoption_domestic
1948175,2023-01-01,1,adoption_domestic
1950140,2023-01-01,1,adoption_domestic
1950141,2023-01-01,1,adoption_domestic
1975931,2023-01-01,1,adoption_domestic
8063,2024-01-01,1,adoption_domestic
22444,2024-01-01,1,adoption_domestic
28823,2024-01-01,1,adoption_domestic
52428,2024-01-01,1,adoption_domestic
64463,2024-01-01,1,adoption_domestic
91440,2024-01-01,1,adoption_domestic
101538,2024-01-01,1,adoption_domestic
202058,2024-01-01,1,adoption_domestic
315189,2024-01-01,1,adoption_domestic
356590,2024-01-01,1,adoption_domestic
706129,2024-01-01,1,adoption_domestic
709283,2024-01-01,1,adoption_domestic
743758,2024-01-01,1,adoption_domestic
748790,2024-01-01,1,adoption_domestic
750574,2024-01-01,1,adoption_domestic
754811,2024-01-01,1,adoption_domestic
765880,2024-01-01,1,adoption_domestic
795800,2024-01-01,1,adoption_domestic
813716,2024-01-01,1,adoption_domestic
827876,2024-01-01,1,adoption_domestic
847942,2024-01-01,1,adoption_domestic
857949,2024-01-01,1,adoption_domestic
862651,2024-01-01,1,adoption_domestic
879169,2024-01-01,1,adoption_domestic
880631,2024-01-01,1,adoption_domestic
894556,2024-01-01,1,adoption_domestic
896493,2024-01-01,1,adoption_domestic
913760,2024-01-01,1,adoption_domestic
919864,2024-01-01,1,adoption_domestic
920760,2024-01-01,1,adoption_domestic
1001601,2024-01-01,1,adoption_domestic
1034842,2024-01-01,1,adoption_domestic
1036848,2024-01-01,1,adoption_domestic
1050446,2024-01-01,1,adoption_domestic
1058811,2024-01-01,1,adoption_domestic
1064722,2024-01-01,1,adoption_domestic
1066923,2024-01-01,1,adoption_domestic
1083301,2024-01-01,1,adoption_domestic
1094831,2024-01-01,1,adoption_domestic
1099590,2024-01-01,1,adoption_domestic
1119190,2024-01-01,1,adoption_domestic
1120970,2024-01-01,1,adoption_domestic
1138724,2024-01-01,1,adoption_domestic
1144879,2024-01-01,1,adoption_domestic
1156375,2024-01-01,1,adoption_domestic
1162896,2024-01-01,1,adoption_domestic
1167419,2024-01-01,1,adoption_domestic
1174891,2024-01-01,1,adoption_domestic
1218683,2024-01-01,1,adoption_domestic
1232524,2024-01-01,1,adoption_domestic
1236275,2024-01-01,1,adoption_domestic
1281845,2024-01-01,1,adoption_domestic
1314196,2024-01-01,1,adoption_domestic
1328237,2024-01-01,1,adoption_domestic
1337298,2024-01-01,1,adoption_domestic
1364742,2024-01-01,1,adoption_domestic
1367306,2024-01-01,1,adoption_domestic
1371571,2024-01-01,1,adoption_domestic
1374310,2024-01-01,1,adoption_domestic
1376321,2024-01-01,1,adoption_domestic
1381197,2024-01-01,1,adoption_domestic
1383057,2024-01-01,1,adoption_domestic
1383058,2024-01-01,1,adoption_domestic
1383062,2024-01-01,1,adoption_domestic
1383082,2024-01-01,1,adoption_domestic
1383084,2024-01-01,1,adoption_domestic
1383149,2024-01-01,1,adoption_domestic
1383151,2024-01-01,1,adoption_domestic
1390777,2024-01-01,1,adoption_domestic
1394319,2024-01-01,1,adoption_domestic
1396440,2024-01-01,1,adoption_domestic
1422892,2024-01-01,1,adoption_domestic
1426332,2024-01-01,1,adoption_domestic
1436229,2024-01-01,1,adoption_domestic
1437283,2024-01-01,1,adoption_domestic
1437491,2024-01-01,1,adoption_domestic
1437750,2024-01-01,1,adoption_domestic
1439264,2024-01-01,1,adoption_domestic
1469115,2024-01-01,1,adoption_domestic
1471824,2024-01-01,1,adoption_domestic
1483646,2024-01-01,1,adoption_domestic
1495231,2024-01-01,1,adoption_domestic
1507605,2024-01-01,1,adoption_domestic
1512673,2024-01-01,1,adoption_domestic
1515139,2024-01-01,1,adoption_domestic
1520118,2024-01-01,1,adoption_domestic
1538217,2024-01-01,1,adoption_domestic
1543042,2024-01-01,1,adoption_domestic
1545018,2024-01-01,1,adoption_domestic
1556487,2024-01-01,1,adoption_domestic
1556811,2024-01-01,1,adoption_domestic
1558013,2024-01-01,1,adoption_domestic
1558546,2024-01-01,1,adoption_domestic
1559053,2024-01-01,1,adoption_domestic
1561726,2024-01-01,1,adoption_domestic
1566543,2024-01-01,1,adoption_domestic
1571949,2024-01-01,1,adoption_domestic
1572493,2024-01-01,1,adoption_domestic
1573946,2024-01-01,1,adoption_domestic
1576047,2024-01-01,1,adoption_domestic
1577545,2024-01-01,1,adoption_domestic
1578422,2024-01-01,1,adoption_domestic
1578423,2024-01-01,1,adoption_domestic
1580013,2024-01-01,1,adoption_domestic
1582037,2024-01-01,1,adoption_domestic
1585673,2024-01-01,1,adoption_domestic
1587234,2024-01-01,1,adoption_domestic
1587497,2024-01-01,1,adoption_domestic
1587980,2024-01-01,1,adoption_domestic
1587981,2024-01-01,1,adoption_domestic
1588251,2024-01-01,1,adoption_domestic
1588489,2024-01-01,1,adoption_domestic
1589804,2024-01-01,1,adoption_domestic
1590058,2024-01-01,1,adoption_domestic
1590231,2024-01-01,1,adoption_domestic
1591956,2024-01-01,1,adoption_domestic
1593269,2024-01-01,1,adoption_domestic
1594100,2024-01-01,1,adoption_domestic
1594136,2024-01-01,1,adoption_domestic
1595710,2024-01-01,1,adoption_domestic
1595726,2024-01-01,1,adoption_domestic
1596958,2024-01-01,1,adoption_domestic
1597339,2024-01-01,1,adoption_domestic
1599714,2024-01-01,1,adoption_domestic
1600823,2024-01-01,1,adoption_domestic
1600824,2024-01-01,1,adoption_domestic
1600831,2024-01-01,1,adoption_domestic
1601617,2024-01-01,1,adoption_domestic
1601705,2024-01-01,1,adoption_domestic
1601744,2024-01-01,1,adoption_domestic
1602658,2024-01-01,1,adoption_domestic
1603578,2024-01-01,1,adoption_domestic
1603669,2024-01-01,1,adoption_domestic
1604083,2024-01-01,1,adoption_domestic
1604119,2024-01-01,1,adoption_domestic
1605057,2024-01-01,1,adoption_domestic
1605257,2024-01-01,1,adoption_domestic
1606442,2024-01-01,1,adoption_domestic
1607484,2024-01-01,1,adoption_domestic
1607641,2024-01-01,1,adoption_domestic
1609671,2024-01-01,1,adoption_domestic
1610486,2024-01-01,1,adoption_domestic
1610796,2024-01-01,1,adoption_domestic
1610820,2024-01-01,1,adoption_domestic
1612124,2024-01-01,1,adoption_domestic
1612126,2024-01-01,1,adoption_domestic
1614033,2024-01-01,1,adoption_domestic
1616156,2024-01-01,1,adoption_domestic
1616666,2024-01-01,1,adoption_domestic
1617760,2024-01-01,1,adoption_domestic
1617959,2024-01-01,1,adoption_domestic
1618150,2024-01-01,1,adoption_domestic
1618713,2024-01-01,1,adoption_domestic
1619511,2024-01-01,1,adoption_domestic
1619616,2024-01-01,1,adoption_domestic
1620179,2024-01-01,1,adoption_domestic
1620305,2024-01-01,1,adoption_domestic
1621368,2024-01-01,1,adoption_domestic
1621379,2024-01-01,1,adoption_domestic
1621466,2024-01-01,1,adoption_domestic
1622413,2024-01-01,1,adoption_domestic
1622765,2024-01-01,1,adoption_domestic
1623838,2024-01-01,1,adoption_domestic
1623916,2024-01-01,1,adoption_domestic
1625426,2024-01-01,1,adoption_domestic
1625941,2024-01-01,1,adoption_domestic
1626941,2024-01-01,1,adoption_domestic
1628112,2024-01-01,1,adoption_domestic
1629069,2024-01-01,1,adoption_domestic
1629716,2024-01-01,1,adoption_domestic
1630477,2024-01-01,1,adoption_domestic
1630513,2024-01-01,1,adoption_domestic
1630805,2024-01-01,1,adoption_domestic
1632814,2024-01-01,1,adoption_domestic
1633533,2024-01-01,1,adoption_domestic
1633917,2024-01-01,1,adoption_domestic
1634172,2024-01-01,1,adoption_domestic
1634976,2024-01-01,1,adoption_domestic
1635569,2024-01-01,1,adoption_domestic
1636513,2024-01-01,1,adoption_domestic
1637008,2024-01-01,1,adoption_domestic
1638227,2024-01-01,1,adoption_domestic
1638933,2024-01-01,1,adoption_domestic
1639353,2024-01-01,1,adoption_domestic
1640052,2024-01-01,1,adoption_domestic
1640384,2024-01-01,1,adoption_domestic
1640584,2024-01-01,1,adoption_domestic
1640775,2024-01-01,1,adoption_domestic
1642727,2024-01-01,1,adoption_domestic
1643293,2024-01-01,1,adoption_domestic
1643550,2024-01-01,1,adoption_domestic
1643661,2024-01-01,1,adoption_domestic
1643873,2024-01-01,1,adoption_domestic
1644697,2024-01-01,1,adoption_domestic
1644943,2024-01-01,1,adoption_domestic
1645384,2024-01-01,1,adoption_domestic
1646736,2024-01-01,1,adoption_domestic
1646924,2024-01-01,1,adoption_domestic
1647587,2024-01-01,1,adoption_domestic
1647980,2024-01-01,1,adoption_domestic
1648195,2024-01-01,1,adoption_domestic
1648439,2024-01-01,1,adoption_domestic
1648858,2024-01-01,1,adoption_domestic
1651164,2024-01-01,1,adoption_domestic
1651308,2024-01-01,1,adoption_domestic
1651588,2024-01-01,1,adoption_domestic
1651790,2024-01-01,1,adoption_domestic
1652031,2024-01-01,1,adoption_domestic
1652672,2024-01-01,1,adoption_domestic
1652884,2024-01-01,1,adoption_domestic
1652958,2024-01-01,1,adoption_domestic
1652982,2024-01-01,1,adoption_domestic
1653323,2024-01-01,1,adoption_domestic
1653542,2024-01-01,1,adoption_domestic
1654330,2024-01-01,1,adoption_domestic
1654734,2024-01-01,1,adoption_domestic
1655153,2024-01-01,1,adoption_domestic
1655591,2024-01-01,1,adoption_domestic
1655887,2024-01-01,1,adoption_domestic
1655888,2024-01-01,1,adoption_domestic
1656047,2024-01-01,1,adoption_domestic
1656088,2024-01-01,1,adoption_domestic
1656681,2024-01-01,1,adoption_domestic
1656839,2024-01-01,1,adoption_domestic
1657325,2024-01-01,1,adoption_domestic
1657889,2024-01-01,1,adoption_domestic
1659329,2024-01-01,1,adoption_domestic
1659981,2024-01-01,1,adoption_domestic
1661136,2024-01-01,1,adoption_domestic
1661589,2024-01-01,1,adoption_domestic
1662784,2024-01-01,1,adoption_domestic
1663239,2024-01-01,1,adoption_domestic
1663240,2024-01-01,1,adoption_domestic
1663244,2024-01-01,1,adoption_domestic
1663645,2024-01-01,1,adoption_domestic
1664682,2024-01-01,1,adoption_domestic
1665081,2024-01-01,1,adoption_domestic
1665300,2024-01-01,1,adoption_domestic
1666156,2024-01-01,1,adoption_domestic
1668738,2024-01-01,1,adoption_domestic
1668931,2024-01-01,1,adoption_domestic
1669393,2024-01-01,1,adoption_domestic
1669990,2024-01-01,1,adoption_domestic
1670601,2024-01-01,1,adoption_domestic
1671048,2024-01-01,1,adoption_domestic
1671520,2024-01-01,1,adoption_domestic
1672587,2024-01-01,1,adoption_domestic
1672609,2024-01-01,1,adoption_domestic
1673255,2024-01-01,1,adoption_domestic
1673542,2024-01-01,1,adoption_domestic
1675928,2024-01-01,1,adoption_domestic
1676734,2024-01-01,1,adoption_domestic
1677077,2024-01-01,1,adoption_domestic
1677390,2024-01-01,1,adoption_domestic
1677913,2024-01-01,1,adoption_domestic
1678038,2024-01-01,1,adoption_domestic
1678740,2024-01-01,1,adoption_domestic
1679327,2024-01-01,1,adoption_domestic
1679420,2024-01-01,1,adoption_domestic
1679788,2024-01-01,1,adoption_domestic
1681031,2024-01-01,1,adoption_domestic
1681906,2024-01-01,1,adoption_domestic
1682405,2024-01-01,1,adoption_domestic
1682860,2024-01-01,1,adoption_domestic
1683300,2024-01-01,1,adoption_domestic
1683489,2024-01-01,1,adoption_domestic
1684093,2024-01-01,1,adoption_domestic
1685054,2024-01-01,1,adoption_domestic
1685212,2024-01-01,1,adoption_domestic
1685854,2024-01-01,1,adoption_domestic
1686150,2024-01-01,1,adoption_domestic
1687031,2024-01-01,1,adoption_domestic
1687202,2024-01-01,1,adoption_domestic
1687374,2024-01-01,1,adoption_domestic
1687605,2024-01-01,1,adoption_domestic
1687955,2024-01-01,1,adoption_domestic
1688126,2024-01-01,1,adoption_domestic
1688149,2024-01-01,1,adoption_domestic
1688451,2024-01-01,1,adoption_domestic
1688957,2024-01-01,1,adoption_domestic
1689111,2024-01-01,1,adoption_domestic
1689417,2024-01-01,1,adoption_domestic
1690110,2024-01-01,1,adoption_domestic
1690255,2024-01-01,1,adoption_domestic
1690577,2024-01-01,1,adoption_domestic
1691198,2024-01-01,1,adoption_domestic
1693368,2024-01-01,1,adoption_domestic
1693737,2024-01-01,1,adoption_domestic
1694426,2024-01-01,1,adoption_domestic
1694649,2024-01-01,1,adoption_domestic
1695154,2024-01-01,1,adoption_domestic
1695924,2024-01-01,1,adoption_domestic
1696707,2024-01-01,1,adoption_domestic
1698685,2024-01-01,1,adoption_domestic
1699099,2024-01-01,1,adoption_domestic
1699462,2024-01-01,1,adoption_domestic
1700668,2024-01-01,1,adoption_domestic
1701638,2024-01-01,1,adoption_domestic
1702015,2024-01-01,1,adoption_domestic
1702745,2024-01-01,1,adoption_domestic
1702746,2024-01-01,1,adoption_domestic
1703075,2024-01-01,1,adoption_domestic
1704459,2024-01-01,1,adoption_domestic
1705163,2024-01-01,1,adoption_domestic
1705181,2024-01-01,1,adoption_domestic
1706060,2024-01-01,1,adoption_domestic
1706303,2024-01-01,1,adoption_domestic
1706403,2024-01-01,1,adoption_domestic
1706509,2024-01-01,1,adoption_domestic
1707817,2024-01-01,1,adoption_domestic
1708131,2024-01-01,1,adoption_domestic
1709967,2024-01-01,1,adoption_domestic
1710261,2024-01-01,1,adoption_domestic
1710360,2024-01-01,1,adoption_domestic
1710765,2024-01-01,1,adoption_domestic
1710798,2024-01-01,1,adoption_domestic
1711142,2024-01-01,1,adoption_domestic
1711786,2024-01-01,1,adoption_domestic
1713226,2024-01-01,1,adoption_domestic
1713393,2024-01-01,1,adoption_domestic
1714154,2024-01-01,1,adoption_domestic
1714679,2024-01-01,1,adoption_domestic
1715824,2024-01-01,1,adoption_domestic
1715846,2024-01-01,1,adoption_domestic
1716186,2024-01-01,1,adoption_domestic
1716187,2024-01-01,1,adoption_domestic
1716263,2024-01-01,1,adoption_domestic
1716602,2024-01-01,1,adoption_domestic
1718304,2024-01-01,1,adoption_domestic
1718322,2024-01-01,1,adoption_domestic
1718483,2024-01-01,1,adoption_domestic
1719195,2024-01-01,1,adoption_domestic
1719199,2024-01-01,1,adoption_domestic
1719959,2024-01-01,1,adoption_domestic
1720265,2024-01-01,1,adoption_domestic
1720474,2024-01-01,1,adoption_domestic
1720748,2024-01-01,1,adoption_domestic
1721373,2024-01-01,1,adoption_domestic
1721905,2024-01-01,1,adoption_domestic
1722194,2024-01-01,1,adoption_domestic
1722731,2024-01-01,1,adoption_domestic
1723291,2024-01-01,1,adoption_domestic
1723306,2024-01-01,1,adoption_domestic
1723788,2024-01-01,1,adoption_domestic
1724177,2024-01-01,1,adoption_domestic
1725210,2024-01-01,1,adoption_domestic
1728085,2024-01-01,1,adoption_domestic
1728339,2024-01-01,1,adoption_domestic
1729832,2024-01-01,1,adoption_domestic
1729997,2024-01-01,1,adoption_domestic
1730869,2024-01-01,1,adoption_domestic
1731044,2024-01-01,1,adoption_domestic
1731056,2024-01-01,1,adoption_domestic
1731627,2024-01-01,1,adoption_domestic
1732406,2024-01-01,1,adoption_domestic
1732409,2024-01-01,1,adoption_domestic
1732963,2024-01-01,1,adoption_domestic
1734103,2024-01-01,1,adoption_domestic
1735646,2024-01-01,1,adoption_domestic
1735733,2024-01-01,1,adoption_domestic
1736659,2024-01-01,1,adoption_domestic
1736862,2024-01-01,1,adoption_domestic
1737924,2024-01-01,1,adoption_domestic
1738021,2024-01-01,1,adoption_domestic
1739423,2024-01-01,1,adoption_domestic
1740040,2024-01-01,1,adoption_domestic
1740450,2024-01-01,1,adoption_domestic
1740742,2024-01-01,1,adoption_domestic
1740849,2024-01-01,1,adoption_domestic
1741690,2024-01-01,1,adoption_domestic
1742373,2024-01-01,1,adoption_domestic
1742383,2024-01-01,1,adoption_domestic
1744707,2024-01-01,1,adoption_domestic
1744982,2024-01-01,1,adoption_domestic
1745511,2024-01-01,1,adoption_domestic
1745529,2024-01-01,1,adoption_domestic
1746406,2024-01-01,1,adoption_domestic
1746473,2024-01-01,1,adoption_domestic
1747777,2024-01-01,1,adoption_domestic
1748940,2024-01-01,1,adoption_domestic
1748945,2024-01-01,1,adoption_domestic
1749360,2024-01-01,1,adoption_domestic
1749973,2024-01-01,1,adoption_domestic
1751743,2024-01-01,1,adoption_domestic
1751874,2024-01-01,1,adoption_domestic
1752363,2024-01-01,1,adoption_domestic
1752474,2024-01-01,1,adoption_domestic
1752594,2024-01-01,1,adoption_domestic
1753233,2024-01-01,1,adoption_domestic
1754913,2024-01-01,1,adoption_domestic
1755953,2024-01-01,1,adoption_domestic
1756271,2024-01-01,1,adoption_domestic
1757018,2024-01-01,1,adoption_domestic
1757925,2024-01-01,1,adoption_domestic
1757928,2024-01-01,1,adoption_domestic
1758292,2024-01-01,1,adoption_domestic
1758882,2024-01-01,1,adoption_domestic
1758901,2024-01-01,1,adoption_domestic
1760337,2024-01-01,1,adoption_domestic
1761325,2024-01-01,1,adoption_domestic
1761612,2024-01-01,1,adoption_domestic
1763001,2024-01-01,1,adoption_domestic
1763207,2024-01-01,1,adoption_domestic
1763333,2024-01-01,1,adoption_domestic
1763415,2024-01-01,1,adoption_domestic
1763501,2024-01-01,1,adoption_domestic
1763502,2024-01-01,1,adoption_domestic
1764759,2024-01-01,1,adoption_domestic
1766367,2024-01-01,1,adoption_domestic
1766660,2024-01-01,1,adoption_domestic
1769961,2024-01-01,1,adoption_domestic
1770572,2024-01-01,1,adoption_domestic
1771200,2024-01-01,1,adoption_domestic
1771501,2024-01-01,1,adoption_domestic
1772527,2024-01-01,1,adoption_domestic
1773339,2024-01-01,1,adoption_domestic
1774962,2024-01-01,1,adoption_domestic
1775756,2024-01-01,1,adoption_domestic
1776086,2024-01-01,1,adoption_domestic
1776721,2024-01-01,1,adoption_domestic
1778232,2024-01-01,1,adoption_domestic
1778749,2024-01-01,1,adoption_domestic
1778784,2024-01-01,1,adoption_domestic
1780131,2024-01-01,1,adoption_domestic
1780678,2024-01-01,1,adoption_domestic
1780859,2024-01-01,1,adoption_domestic
1781089,2024-01-01,1,adoption_domestic
1783879,2024-01-01,1,adoption_domestic
1784958,2024-01-01,1,adoption_domestic
1784970,2024-01-01,1,adoption_domestic
1785812,2024-01-01,1,adoption_domestic
1785881,2024-01-01,1,adoption_domestic
1786008,2024-01-01,1,adoption_domestic
1787000,2024-01-01,1,adoption_domestic
1787001,2024-01-01,1,adoption_domestic
1787400,2024-01-01,1,adoption_domestic
1787490,2024-01-01,1,adoption_domestic
1787518,2024-01-01,1,adoption_domestic
1789307,2024-01-01,1,adoption_domestic
1789356,2024-01-01,1,adoption_domestic
1789954,2024-01-01,1,adoption_domestic
1790013,2024-01-01,1,adoption_domestic
1790441,2024-01-01,1,adoption_domestic
1791183,2024-01-01,1,adoption_domestic
1791239,2024-01-01,1,adoption_domestic
1791295,2024-01-01,1,adoption_domestic
1792157,2024-01-01,1,adoption_domestic
1792158,2024-01-01,1,adoption_domestic
1792414,2024-01-01,1,adoption_domestic
1792905,2024-01-01,1,adoption_domestic
1793165,2024-01-01,1,adoption_domestic
1793651,2024-01-01,1,adoption_domestic
1793744,2024-01-01,1,adoption_domestic
1793856,2024-01-01,1,adoption_domestic
1794303,2024-01-01,1,adoption_domestic
1794669,2024-01-01,1,adoption_domestic
1796514,2024-01-01,1,adoption_domestic
1797056,2024-01-01,1,adoption_domestic
1797288,2024-01-01,1,adoption_domestic
1797679,2024-01-01,1,adoption_domestic
1798388,2024-01-01,1,adoption_domestic
1799385,2024-01-01,1,adoption_domestic
1799463,2024-01-01,1,adoption_domestic
1800294,2024-01-01,1,adoption_domestic
1801338,2024-01-01,1,adoption_domestic
1802215,2024-01-01,1,adoption_domestic
1803308,2024-01-01,1,adoption_domestic
1803858,2024-01-01,1,adoption_domestic
1806944,2024-01-01,1,adoption_domestic
1807846,2024-01-01,1,adoption_domestic
1810050,2024-01-01,1,adoption_domestic
1811074,2024-01-01,1,adoption_domestic
1812554,2024-01-01,1,adoption_domestic
1812604,2024-01-01,1,adoption_domestic
1814389,2024-01-01,1,adoption_domestic
1816147,2024-01-01,1,adoption_domestic
1816861,2024-01-01,1,adoption_domestic
1816937,2024-01-01,1,adoption_domestic
1817825,2024-01-01,1,adoption_domestic
1818254,2024-01-01,1,adoption_domestic
1818654,2024-01-01,1,adoption_domestic
1818874,2024-01-01,1,adoption_domestic
1819989,2024-01-01,1,adoption_domestic
1820302,2024-01-01,1,adoption_domestic
1821946,2024-01-01,1,adoption_domestic
1822166,2024-01-01,1,adoption_domestic
1823000,2024-01-01,1,adoption_domestic
1823144,2024-01-01,1,adoption_domestic
1823722,2024-01-01,1,adoption_domestic
1824482,2024-01-01,1,adoption_domestic
1827054,2024-01-01,1,adoption_domestic
1827183,2024-01-01,1,adoption_domestic
1829311,2024-01-01,1,adoption_domestic
1829966,2024-01-01,1,adoption_domestic
1830029,2024-01-01,1,adoption_domestic
1830315,2024-01-01,1,adoption_domestic
1832873,2024-01-01,1,adoption_domestic
1832874,2024-01-01,1,adoption_domestic
1833522,2024-01-01,1,adoption_domestic
1833563,2024-01-01,1,adoption_domestic
1838028,2024-01-01,1,adoption_domestic
1839341,2024-01-01,1,adoption_domestic
1839530,2024-01-01,1,adoption_domestic
1840121,2024-01-01,1,adoption_domestic
1840644,2024-01-01,1,adoption_domestic
1841175,2024-01-01,1,adoption_domestic
1842566,2024-01-01,1,adoption_domestic
1843823,2024-01-01,1,adoption_domestic
1843993,2024-01-01,1,adoption_domestic
1844971,2024-01-01,1,adoption_domestic
1844998,2024-01-01,1,adoption_domestic
1845149,2024-01-01,1,adoption_domestic
1845815,2024-01-01,1,adoption_domestic
1848411,2024-01-01,1,adoption_domestic
1849894,2024-01-01,1,adoption_domestic
1850391,2024-01-01,1,adoption_domestic
1851115,2024-01-01,1,adoption_domestic
1851817,2024-01-01,1,adoption_domestic
1852317,2024-01-01,1,adoption_domestic
1855781,2024-01-01,1,adoption_domestic
1856028,2024-01-01,1,adoption_domestic
1856967,2024-01-01,1,adoption_domestic
1857853,2024-01-01,1,adoption_domestic
1858289,2024-01-01,1,adoption_domestic
1858865,2024-01-01,1,adoption_domestic
1860514,2024-01-01,1,adoption_domestic
1862080,2024-01-01,1,adoption_domestic
1863688,2024-01-01,1,adoption_domestic
1864032,2024-01-01,1,adoption_domestic
1864196,2024-01-01,1,adoption_domestic
1866493,2024-01-01,1,adoption_domestic
1867467,2024-01-01,1,adoption_domestic
1869453,2024-01-01,1,adoption_domestic
1869699,2024-01-01,1,adoption_domestic
1871630,2024-01-01,1,adoption_domestic
1872347,2024-01-01,1,adoption_domestic
1873441,2024-01-01,1,adoption_domestic
1880187,2024-01-01,1,adoption_domestic
1880921,2024-01-01,1,adoption_domestic
1881326,2024-01-01,1,adoption_domestic
1882781,2024-01-01,1,adoption_domestic
1883246,2024-01-01,1,adoption_domestic
1885855,2024-01-01,1,adoption_domestic
1885998,2024-01-01,1,adoption_domestic
1889297,2024-01-01,1,adoption_domestic
1889668,2024-01-01,1,adoption_domestic
1890702,2024-01-01,1,adoption_domestic
1891774,2024-01-01,1,adoption_domestic
1891818,2024-01-01,1,adoption_domestic
1892492,2024-01-01,1,adoption_domestic
1894714,2024-01-01,1,adoption_domestic
1895116,2024-01-01,1,adoption_domestic
1895567,2024-01-01,1,adoption_domestic
1895618,2024-01-01,1,adoption_domestic
1900454,2024-01-01,1,adoption_domestic
1901799,2024-01-01,1,adoption_domestic
1901814,2024-01-01,1,adoption_domestic
1902565,2024-01-01,1,adoption_domestic
1903688,2024-01-01,1,adoption_domestic
1907059,2024-01-01,1,adoption_domestic
1907569,2024-01-01,1,adoption_domestic
1911066,2024-01-01,1,adoption_domestic
1912509,2024-01-01,1,adoption_domestic
1912724,2024-01-01,1,adoption_domestic
1913593,2024-01-01,1,adoption_domestic
1916018,2024-01-01,1,adoption_domestic
1920442,2024-01-01,1,adoption_domestic
1921064,2024-01-01,1,adoption_domestic
1924780,2024-01-01,1,adoption_domestic
1924870,2024-01-01,1,adoption_domestic
1926900,2024-01-01,1,adoption_domestic
1932997,2024-01-01,1,adoption_domestic
1937096,2024-01-01,1,adoption_domestic
1937653,2024-01-01,1,adoption_domestic
1937985,2024-01-01,1,adoption_domestic
1942599,2024-01-01,1,adoption_domestic
1946375,2024-01-01,1,adoption_domestic
1947861,2024-01-01,1,adoption_domestic
1948175,2024-01-01,1,adoption_domestic
1950140,2024-01-01,1,adoption_domestic
1950141,2024-01-01,1,adoption_domestic
1957662,2024-01-01,1,adoption_domestic
1958501,2024-01-01,1,adoption_domestic
1961629,2024-01-01,1,adoption_domestic
1966002,2024-01-01,1,adoption_domestic
1966434,2024-01-01,1,adoption_domestic
1967945,2024-01-01,1,adoption_domestic
1970781,2024-01-01,1,adoption_domestic
1972920,2024-01-01,1,adoption_domestic
1974138,2024-01-01,1,adoption_domestic
1974587,2024-01-01,1,adoption_domestic
1978528,2024-01-01,1,adoption_domestic
1979748,2024-01-01,1,adoption_domestic
1979859,2024-01-01,1,adoption_domestic
1980994,2024-01-01,1,adoption_domestic
1981769,2024-01-01,1,adoption_domestic
1982178,2024-01-01,1,adoption_domestic
1984246,2024-01-01,1,adoption_domestic
1984262,2024-01-01,1,adoption_domestic
1985684,2024-01-01,1,adoption_domestic
1985840,2024-01-01,1,adoption_domestic
1987419,2024-01-01,1,adoption_domestic
1991192,2024-01-01,1,adoption_domestic
1991524,2024-01-01,1,adoption_domestic
1992084,2024-01-01,1,adoption_domestic
1992870,2024-01-01,1,adoption_domestic
1994342,2024-01-01,1,adoption_domestic
1994754,2024-01-01,1,adoption_domestic
1995500,2024-01-01,1,adoption_domestic
1996001,2024-01-01,1,adoption_domestic
1998392,2024-01-01,1,adoption_domestic
2002215,2024-01-01,1,adoption_domestic
7084,2025-01-01,1,adoption_domestic
12239,2025-01-01,1,adoption_domestic
22701,2025-01-01,1,adoption_domestic
28823,2025-01-01,1,adoption_domestic
52428,2025-01-01,1,adoption_domestic
64463,2025-01-01,1,adoption_domestic
83246,2025-01-01,1,adoption_domestic
88000,2025-01-01,1,adoption_domestic
91440,2025-01-01,1,adoption_domestic
92230,2025-01-01,1,adoption_domestic
101538,2025-01-01,1,adoption_domestic
202058,2025-01-01,1,adoption_domestic
706129,2025-01-01,1,adoption_domestic
715446,2025-01-01,1,adoption_domestic
750574,2025-01-01,1,adoption_domestic
765880,2025-01-01,1,adoption_domestic
813762,2025-01-01,1,adoption_domestic
847942,2025-01-01,1,adoption_domestic
849399,2025-01-01,1,adoption_domestic
862651,2025-01-01,1,adoption_domestic
862861,2025-01-01,1,adoption_domestic
879169,2025-01-01,1,adoption_domestic
880631,2025-01-01,1,adoption_domestic
896493,2025-01-01,1,adoption_domestic
919864,2025-01-01,1,adoption_domestic
920760,2025-01-01,1,adoption_domestic
1034842,2025-01-01,1,adoption_domestic
1050446,2025-01-01,1,adoption_domestic
1064722,2025-01-01,1,adoption_domestic
1066923,2025-01-01,1,adoption_domestic
1083301,2025-01-01,1,adoption_domestic
1086600,2025-01-01,1,adoption_domestic
1096275,2025-01-01,1,adoption_domestic
1099590,2025-01-01,1,adoption_domestic
1113169,2025-01-01,1,adoption_domestic
1120970,2025-01-01,1,adoption_domestic
1156375,2025-01-01,1,adoption_domestic
1162896,2025-01-01,1,adoption_domestic
1167419,2025-01-01,1,adoption_domestic
1169138,2025-01-01,1,adoption_domestic
1174891,2025-01-01,1,adoption_domestic
1218683,2025-01-01,1,adoption_domestic
1232524,2025-01-01,1,adoption_domestic
1278680,2025-01-01,1,adoption_domestic
1314196,2025-01-01,1,adoption_domestic
1318605,2025-01-01,1,adoption_domestic
1326380,2025-01-01,1,adoption_domestic
1330568,2025-01-01,1,adoption_domestic
1332174,2025-01-01,1,adoption_domestic
1337298,2025-01-01,1,adoption_domestic
1360565,2025-01-01,1,adoption_domestic
1360901,2025-01-01,1,adoption_domestic
1374310,2025-01-01,1,adoption_domestic
1376139,2025-01-01,1,adoption_domestic
1376321,2025-01-01,1,adoption_domestic
1381197,2025-01-01,1,adoption_domestic
1390777,2025-01-01,1,adoption_domestic
1396440,2025-01-01,1,adoption_domestic
1436229,2025-01-01,1,adoption_domestic
1437283,2025-01-01,1,adoption_domestic
1448431,2025-01-01,1,adoption_domestic
1462223,2025-01-01,1,adoption_domestic
1471824,2025-01-01,1,adoption_domestic
1495231,2025-01-01,1,adoption_domestic
1499275,2025-01-01,1,adoption_domestic
1507605,2025-01-01,1,adoption_domestic
1512673,2025-01-01,1,adoption_domestic
1517302,2025-01-01,1,adoption_domestic
1535778,2025-01-01,1,adoption_domestic
1543042,2025-01-01,1,adoption_domestic
1545018,2025-01-01,1,adoption_domestic
1553788,2025-01-01,1,adoption_domestic
1554859,2025-01-01,1,adoption_domestic
1558013,2025-01-01,1,adoption_domestic
1558546,2025-01-01,1,adoption_domestic
1561726,2025-01-01,1,adoption_domestic
1566543,2025-01-01,1,adoption_domestic
1576047,2025-01-01,1,adoption_domestic
1578422,2025-01-01,1,adoption_domestic
1578423,2025-01-01,1,adoption_domestic
1580013,2025-01-01,1,adoption_domestic
1580490,2025-01-01,1,adoption_domestic
1582037,2025-01-01,1,adoption_domestic
1587497,2025-01-01,1,adoption_domestic
1587981,2025-01-01,1,adoption_domestic
1588489,2025-01-01,1,adoption_domestic
1589804,2025-01-01,1,adoption_domestic
1590058,2025-01-01,1,adoption_domestic
1591956,2025-01-01,1,adoption_domestic
1594100,2025-01-01,1,adoption_domestic
1595726,2025-01-01,1,adoption_domestic
1596958,2025-01-01,1,adoption_domestic
1597339,2025-01-01,1,adoption_domestic
1597846,2025-01-01,1,adoption_domestic
1599298,2025-01-01,1,adoption_domestic
1600824,2025-01-01,1,adoption_domestic
1602658,2025-01-01,1,adoption_domestic
1603578,2025-01-01,1,adoption_domestic
1604083,2025-01-01,1,adoption_domestic
1605257,2025-01-01,1,adoption_domestic
1606442,2025-01-01,1,adoption_domestic
1607484,2025-01-01,1,adoption_domestic
1607641,2025-01-01,1,adoption_domestic
1607865,2025-01-01,1,adoption_domestic
1609671,2025-01-01,1,adoption_domestic
1610796,2025-01-01,1,adoption_domestic
1612126,2025-01-01,1,adoption_domestic
1612518,2025-01-01,1,adoption_domestic
1614033,2025-01-01,1,adoption_domestic
1616666,2025-01-01,1,adoption_domestic
1617959,2025-01-01,1,adoption_domestic
1618150,2025-01-01,1,adoption_domestic
1618713,2025-01-01,1,adoption_domestic
1619511,2025-01-01,1,adoption_domestic
1619616,2025-01-01,1,adoption_domestic
1620305,2025-01-01,1,adoption_domestic
1621379,2025-01-01,1,adoption_domestic
1621466,2025-01-01,1,adoption_domestic
1622413,2025-01-01,1,adoption_domestic
1622536,2025-01-01,1,adoption_domestic
1622765,2025-01-01,1,adoption_domestic
1623838,2025-01-01,1,adoption_domestic
1623916,2025-01-01,1,adoption_domestic
1625123,2025-01-01,1,adoption_domestic
1625426,2025-01-01,1,adoption_domestic
1625941,2025-01-01,1,adoption_domestic
1626941,2025-01-01,1,adoption_domestic
1628112,2025-01-01,1,adoption_domestic
1629716,2025-01-01,1,adoption_domestic
1630477,2025-01-01,1,adoption_domestic
1630513,2025-01-01,1,adoption_domestic
1632814,2025-01-01,1,adoption_domestic
1633533,2025-01-01,1,adoption_domestic
1633917,2025-01-01,1,adoption_domestic
1634172,2025-01-01,1,adoption_domestic
1634452,2025-01-01,1,adoption_domestic
1634976,2025-01-01,1,adoption_domestic
1635569,2025-01-01,1,adoption_domestic
1636513,2025-01-01,1,adoption_domestic
1637008,2025-01-01,1,adoption_domestic
1638933,2025-01-01,1,adoption_domestic
1639353,2025-01-01,1,adoption_domestic
1640052,2025-01-01,1,adoption_domestic
1640384,2025-01-01,1,adoption_domestic
1640584,2025-01-01,1,adoption_domestic
1640775,2025-01-01,1,adoption_domestic
1642727,2025-01-01,1,adoption_domestic
1643550,2025-01-01,1,adoption_domestic
1643661,2025-01-01,1,adoption_domestic
1643873,2025-01-01,1,adoption_domestic
1644697,2025-01-01,1,adoption_domestic
1644943,2025-01-01,1,adoption_domestic
1645384,2025-01-01,1,adoption_domestic
1646736,2025-01-01,1,adoption_domestic
1646924,2025-01-01,1,adoption_domestic
1647587,2025-01-01,1,adoption_domestic
1647980,2025-01-01,1,adoption_domestic
1648195,2025-01-01,1,adoption_domestic
1648439,2025-01-01,1,adoption_domestic
1648858,2025-01-01,1,adoption_domestic
1651164,2025-01-01,1,adoption_domestic
1651308,2025-01-01,1,adoption_domestic
1651588,2025-01-01,1,adoption_domestic
1651790,2025-01-01,1,adoption_domestic
1652031,2025-01-01,1,adoption_domestic
1652672,2025-01-01,1,adoption_domestic
1652884,2025-01-01,1,adoption_domestic
1652958,2025-01-01,1,adoption_domestic
1652982,2025-01-01,1,adoption_domestic
1653542,2025-01-01,1,adoption_domestic
1654330,2025-01-01,1,adoption_domestic
1654734,2025-01-01,1,adoption_domestic
1655153,2025-01-01,1,adoption_domestic
1655591,2025-01-01,1,adoption_domestic
1656047,2025-01-01,1,adoption_domestic
1656088,2025-01-01,1,adoption_domestic
1656681,2025-01-01,1,adoption_domestic
1656839,2025-01-01,1,adoption_domestic
1657325,2025-01-01,1,adoption_domestic
1657889,2025-01-01,1,adoption_domestic
1659329,2025-01-01,1,adoption_domestic
1659981,2025-01-01,1,adoption_domestic
1661136,2025-01-01,1,adoption_domestic
1661589,2025-01-01,1,adoption_domestic
1662684,2025-01-01,1,adoption_domestic
1662784,2025-01-01,1,adoption_domestic
1663239,2025-01-01,1,adoption_domestic
1663244,2025-01-01,1,adoption_domestic
1663645,2025-01-01,1,adoption_domestic
1664682,2025-01-01,1,adoption_domestic
1665081,2025-01-01,1,adoption_domestic
1665300,2025-01-01,1,adoption_domestic
1666156,2025-01-01,1,adoption_domestic
1668738,2025-01-01,1,adoption_domestic
1668931,2025-01-01,1,adoption_domestic
1669393,2025-01-01,1,adoption_domestic
1669990,2025-01-01,1,adoption_domestic
1670601,2025-01-01,1,adoption_domestic
1671048,2025-01-01,1,adoption_domestic
1671520,2025-01-01,1,adoption_domestic
1671941,2025-01-01,1,adoption_domestic
1672587,2025-01-01,1,adoption_domestic
1672609,2025-01-01,1,adoption_domestic
1673255,2025-01-01,1,adoption_domestic
1673542,2025-01-01,1,adoption_domestic
1675928,2025-01-01,1,adoption_domestic
1676734,2025-01-01,1,adoption_domestic
1677390,2025-01-01,1,adoption_domestic
1677913,2025-01-01,1,adoption_domestic
1678038,2025-01-01,1,adoption_domestic
1678740,2025-01-01,1,adoption_domestic
1679327,2025-01-01,1,adoption_domestic
1679420,2025-01-01,1,adoption_domestic
1679788,2025-01-01,1,adoption_domestic
1681031,2025-01-01,1,adoption_domestic
1681906,2025-01-01,1,adoption_domestic
1682405,2025-01-01,1,adoption_domestic
1682860,2025-01-01,1,adoption_domestic
1683300,2025-01-01,1,adoption_domestic
1683489,2025-01-01,1,adoption_domestic
1684093,2025-01-01,1,adoption_domestic
1685054,2025-01-01,1,adoption_domestic
1685212,2025-01-01,1,adoption_domestic
1685854,2025-01-01,1,adoption_domestic
1686150,2025-01-01,1,adoption_domestic
1687031,2025-01-01,1,adoption_domestic
1687202,2025-01-01,1,adoption_domestic
1687374,2025-01-01,1,adoption_domestic
1687605,2025-01-01,1,adoption_domestic
1687955,2025-01-01,1,adoption_domestic
1688126,2025-01-01,1,adoption_domestic
1688149,2025-01-01,1,adoption_domestic
1688451,2025-01-01,1,adoption_domestic
1688957,2025-01-01,1,adoption_domestic
1689111,2025-01-01,1,adoption_domestic
1689417,2025-01-01,1,adoption_domestic
1690080,2025-01-01,1,adoption_domestic
1690110,2025-01-01,1,adoption_domestic
1690255,2025-01-01,1,adoption_domestic
1690577,2025-01-01,1,adoption_domestic
1691198,2025-01-01,1,adoption_domestic
1693368,2025-01-01,1,adoption_domestic
1693737,2025-01-01,1,adoption_domestic
1694649,2025-01-01,1,adoption_domestic
1695154,2025-01-01,1,adoption_domestic
1695924,2025-01-01,1,adoption_domestic
1696707,2025-01-01,1,adoption_domestic
1698685,2025-01-01,1,adoption_domestic
1699099,2025-01-01,1,adoption_domestic
1699462,2025-01-01,1,adoption_domestic
1700668,2025-01-01,1,adoption_domestic
1701638,2025-01-01,1,adoption_domestic
1702745,2025-01-01,1,adoption_domestic
1702746,2025-01-01,1,adoption_domestic
1703075,2025-01-01,1,adoption_domestic
1705163,2025-01-01,1,adoption_domestic
1705181,2025-01-01,1,adoption_domestic
1706060,2025-01-01,1,adoption_domestic
1706303,2025-01-01,1,adoption_domestic
1706403,2025-01-01,1,adoption_domestic
1707817,2025-01-01,1,adoption_domestic
1708131,2025-01-01,1,adoption_domestic
1709967,2025-01-01,1,adoption_domestic
1710261,2025-01-01,1,adoption_domestic
1710350,2025-01-01,1,adoption_domestic
1710360,2025-01-01,1,adoption_domestic
1710765,2025-01-01,1,adoption_domestic
1710798,2025-01-01,1,adoption_domestic
1711142,2025-01-01,1,adoption_domestic
1713226,2025-01-01,1,adoption_domestic
1713393,2025-01-01,1,adoption_domestic
1713407,2025-01-01,1,adoption_domestic
1713445,2025-01-01,1,adoption_domestic
1714154,2025-01-01,1,adoption_domestic
1714679,2025-01-01,1,adoption_domestic
1715824,2025-01-01,1,adoption_domestic
1715846,2025-01-01,1,adoption_domestic
1716186,2025-01-01,1,adoption_domestic
1716187,2025-01-01,1,adoption_domestic
1716263,2025-01-01,1,adoption_domestic
1716602,2025-01-01,1,adoption_domestic
1718304,2025-01-01,1,adoption_domestic
1718322,2025-01-01,1,adoption_domestic
1718483,2025-01-01,1,adoption_domestic
1719195,2025-01-01,1,adoption_domestic
1719199,2025-01-01,1,adoption_domestic
1719959,2025-01-01,1,adoption_domestic
1720265,2025-01-01,1,adoption_domestic
1720748,2025-01-01,1,adoption_domestic
1721373,2025-01-01,1,adoption_domestic
1721905,2025-01-01,1,adoption_domestic
1722194,2025-01-01,1,adoption_domestic
1722731,2025-01-01,1,adoption_domestic
1723291,2025-01-01,1,adoption_domestic
1723306,2025-01-01,1,adoption_domestic
1723788,2025-01-01,1,adoption_domestic
1724177,2025-01-01,1,adoption_domestic
1725210,2025-01-01,1,adoption_domestic
1728085,2025-01-01,1,adoption_domestic
1728339,2025-01-01,1,adoption_domestic
1729832,2025-01-01,1,adoption_domestic
1731056,2025-01-01,1,adoption_domestic
1731627,2025-01-01,1,adoption_domestic
1732963,2025-01-01,1,adoption_domestic
1734103,2025-01-01,1,adoption_domestic
1735646,2025-01-01,1,adoption_domestic
1735733,2025-01-01,1,adoption_domestic
1736659,2025-01-01,1,adoption_domestic
1736862,2025-01-01,1,adoption_domestic
1737924,2025-01-01,1,adoption_domestic
1738021,2025-01-01,1,adoption_domestic
1739423,2025-01-01,1,adoption_domestic
1740040,2025-01-01,1,adoption_domestic
1740450,2025-01-01,1,adoption_domestic
1740742,2025-01-01,1,adoption_domestic
1740849,2025-01-01,1,adoption_domestic
1741690,2025-01-01,1,adoption_domestic
1742373,2025-01-01,1,adoption_domestic
1742383,2025-01-01,1,adoption_domestic
1744707,2025-01-01,1,adoption_domestic
1744982,2025-01-01,1,adoption_domestic
1745511,2025-01-01,1,adoption_domestic
1745529,2025-01-01,1,adoption_domestic
1746406,2025-01-01,1,adoption_domestic
1746473,2025-01-01,1,adoption_domestic
1748940,2025-01-01,1,adoption_domestic
1749360,2025-01-01,1,adoption_domestic
1749973,2025-01-01,1,adoption_domestic
1751743,2025-01-01,1,adoption_domestic
1751874,2025-01-01,1,adoption_domestic
1752363,2025-01-01,1,adoption_domestic
1752594,2025-01-01,1,adoption_domestic
1753162,2025-01-01,1,adoption_domestic
1753233,2025-01-01,1,adoption_domestic
1754913,2025-01-01,1,adoption_domestic
1755953,2025-01-01,1,adoption_domestic
1756271,2025-01-01,1,adoption_domestic
1757018,2025-01-01,1,adoption_domestic
1757925,2025-01-01,1,adoption_domestic
1757928,2025-01-01,1,adoption_domestic
1758292,2025-01-01,1,adoption_domestic
1758882,2025-01-01,1,adoption_domestic
1758901,2025-01-01,1,adoption_domestic
1759124,2025-01-01,1,adoption_domestic
1760337,2025-01-01,1,adoption_domestic
1760903,2025-01-01,1,adoption_domestic
1761612,2025-01-01,1,adoption_domestic
1763001,2025-01-01,1,adoption_domestic
1763207,2025-01-01,1,adoption_domestic
1763333,2025-01-01,1,adoption_domestic
1763415,2025-01-01,1,adoption_domestic
1763501,2025-01-01,1,adoption_domestic
1763502,2025-01-01,1,adoption_domestic
1764759,2025-01-01,1,adoption_domestic
1766367,2025-01-01,1,adoption_domestic
1766660,2025-01-01,1,adoption_domestic
1769961,2025-01-01,1,adoption_domestic
1770572,2025-01-01,1,adoption_domestic
1771200,2025-01-01,1,adoption_domestic
1772527,2025-01-01,1,adoption_domestic
1773339,2025-01-01,1,adoption_domestic
1774962,2025-01-01,1,adoption_domestic
1775756,2025-01-01,1,adoption_domestic
1776086,2025-01-01,1,adoption_domestic
1776721,2025-01-01,1,adoption_domestic
1778232,2025-01-01,1,adoption_domestic
1778749,2025-01-01,1,adoption_domestic
1778784,2025-01-01,1,adoption_domestic
1780678,2025-01-01,1,adoption_domestic
1780859,2025-01-01,1,adoption_domestic
1781089,2025-01-01,1,adoption_domestic
1783287,2025-01-01,1,adoption_domestic
1783879,2025-01-01,1,adoption_domestic
1784958,2025-01-01,1,adoption_domestic
1784970,2025-01-01,1,adoption_domestic
1785812,2025-01-01,1,adoption_domestic
1785881,2025-01-01,1,adoption_domestic
1786008,2025-01-01,1,adoption_domestic
1787000,2025-01-01,1,adoption_domestic
1787001,2025-01-01,1,adoption_domestic
1787400,2025-01-01,1,adoption_domestic
1787490,2025-01-01,1,adoption_domestic
1787518,2025-01-01,1,adoption_domestic
1788230,2025-01-01,1,adoption_domestic
1789307,2025-01-01,1,adoption_domestic
1789954,2025-01-01,1,adoption_domestic
1790013,2025-01-01,1,adoption_domestic
1790441,2025-01-01,1,adoption_domestic
1791183,2025-01-01,1,adoption_domestic
1791239,2025-01-01,1,adoption_domestic
1791295,2025-01-01,1,adoption_domestic
1792157,2025-01-01,1,adoption_domestic
1792158,2025-01-01,1,adoption_domestic
1792414,2025-01-01,1,adoption_domestic
1792905,2025-01-01,1,adoption_domestic
1793165,2025-01-01,1,adoption_domestic
1793651,2025-01-01,1,adoption_domestic
1793744,2025-01-01,1,adoption_domestic
1793856,2025-01-01,1,adoption_domestic
1794303,2025-01-01,1,adoption_domestic
1794669,2025-01-01,1,adoption_domestic
1797056,2025-01-01,1,adoption_domestic
1797288,2025-01-01,1,adoption_domestic
1797679,2025-01-01,1,adoption_domestic
1799385,2025-01-01,1,adoption_domestic
1799463,2025-01-01,1,adoption_domestic
1800294,2025-01-01,1,adoption_domestic
1801338,2025-01-01,1,adoption_domestic
1802215,2025-01-01,1,adoption_domestic
1803308,2025-01-01,1,adoption_domestic
1803858,2025-01-01,1,adoption_domestic
1806944,2025-01-01,1,adoption_domestic
1807846,2025-01-01,1,adoption_domestic
1810050,2025-01-01,1,adoption_domestic
1811074,2025-01-01,1,adoption_domestic
1812604,2025-01-01,1,adoption_domestic
1814389,2025-01-01,1,adoption_domestic
1816147,2025-01-01,1,adoption_domestic
1816861,2025-01-01,1,adoption_domestic
1816937,2025-01-01,1,adoption_domestic
1817825,2025-01-01,1,adoption_domestic
1818254,2025-01-01,1,adoption_domestic
1818654,2025-01-01,1,adoption_domestic
1818874,2025-01-01,1,adoption_domestic
1819989,2025-01-01,1,adoption_domestic
1820302,2025-01-01,1,adoption_domestic
1821534,2025-01-01,1,adoption_domestic
1821946,2025-01-01,1,adoption_domestic
1822166,2025-01-01,1,adoption_domestic
1823144,2025-01-01,1,adoption_domestic
1823722,2025-01-01,1,adoption_domestic
1824482,2025-01-01,1,adoption_domestic
1826397,2025-01-01,1,adoption_domestic
1826889,2025-01-01,1,adoption_domestic
1827054,2025-01-01,1,adoption_domestic
1827183,2025-01-01,1,adoption_domestic
1830081,2025-01-01,1,adoption_domestic
1830315,2025-01-01,1,adoption_domestic
1832873,2025-01-01,1,adoption_domestic
1832874,2025-01-01,1,adoption_domestic
1833563,2025-01-01,1,adoption_domestic
1838028,2025-01-01,1,adoption_domestic
1839341,2025-01-01,1,adoption_domestic
1839530,2025-01-01,1,adoption_domestic
1840121,2025-01-01,1,adoption_domestic
1840563,2025-01-01,1,adoption_domestic
1840644,2025-01-01,1,adoption_domestic
1840904,2025-01-01,1,adoption_domestic
1841175,2025-01-01,1,adoption_domestic
1842566,2025-01-01,1,adoption_domestic
1843823,2025-01-01,1,adoption_domestic
1844971,2025-01-01,1,adoption_domestic
1844998,2025-01-01,1,adoption_domestic
1845149,2025-01-01,1,adoption_domestic
1845815,2025-01-01,1,adoption_domestic
1848411,2025-01-01,1,adoption_domestic
1849380,2025-01-01,1,adoption_domestic
1849635,2025-01-01,1,adoption_domestic
1850391,2025-01-01,1,adoption_domestic
1851817,2025-01-01,1,adoption_domestic
1852317,2025-01-01,1,adoption_domestic
1853070,2025-01-01,1,adoption_domestic
1853825,2025-01-01,1,adoption_domestic
1855781,2025-01-01,1,adoption_domestic
1857853,2025-01-01,1,adoption_domestic
1858865,2025-01-01,1,adoption_domestic
1859199,2025-01-01,1,adoption_domestic
1860514,2025-01-01,1,adoption_domestic
1860788,2025-01-01,1,adoption_domestic
1862080,2025-01-01,1,adoption_domestic
1863688,2025-01-01,1,adoption_domestic
1864196,2025-01-01,1,adoption_domestic
1866493,2025-01-01,1,adoption_domestic
1867467,2025-01-01,1,adoption_domestic
1869699,2025-01-01,1,adoption_domestic
1871630,2025-01-01,1,adoption_domestic
1872347,2025-01-01,1,adoption_domestic
1876255,2025-01-01,1,adoption_domestic
1879403,2025-01-01,1,adoption_domestic
1880187,2025-01-01,1,adoption_domestic
1880921,2025-01-01,1,adoption_domestic
1881326,2025-01-01,1,adoption_domestic
1881551,2025-01-01,1,adoption_domestic
1889123,2025-01-01,1,adoption_domestic
1889297,2025-01-01,1,adoption_domestic
1891774,2025-01-01,1,adoption_domestic
1891818,2025-01-01,1,adoption_domestic
1892492,2025-01-01,1,adoption_domestic
1895116,2025-01-01,1,adoption_domestic
1895567,2025-01-01,1,adoption_domestic
1895618,2025-01-01,1,adoption_domestic
1900454,2025-01-01,1,adoption_domestic
1901799,2025-01-01,1,adoption_domestic
1902565,2025-01-01,1,adoption_domestic
1903688,2025-01-01,1,adoption_domestic
1907059,2025-01-01,1,adoption_domestic
1907569,2025-01-01,1,adoption_domestic
1911066,2025-01-01,1,adoption_domestic
1912509,2025-01-01,1,adoption_domestic
1912724,2025-01-01,1,adoption_domestic
1916018,2025-01-01,1,adoption_domestic
1919182,2025-01-01,1,adoption_domestic
1920442,2025-01-01,1,adoption_domestic
1926900,2025-01-01,1,adoption_domestic
1937096,2025-01-01,1,adoption_domestic
1937653,2025-01-01,1,adoption_domestic
1937926,2025-01-01,1,adoption_domestic
1946375,2025-01-01,1,adoption_domestic
1947861,2025-01-01,1,adoption_domestic
1948175,2025-01-01,1,adoption_domestic
1950140,2025-01-01,1,adoption_domestic
1950141,2025-01-01,1,adoption_domestic
1958501,2025-01-01,1,adoption_domestic
1964789,2025-01-01,1,adoption_domestic
1966002,2025-01-01,1,adoption_domestic
1966434,2025-01-01,1,adoption_domestic
1967945,2025-01-01,1,adoption_domestic
1970781,2025-01-01,1,adoption_domestic
1974138,2025-01-01,1,adoption_domestic
1974587,2025-01-01,1,adoption_domestic
1979748,2025-01-01,1,adoption_domestic
1980994,2025-01-01,1,adoption_domestic
1981535,2025-01-01,1,adoption_domestic
1981769,2025-01-01,1,adoption_domestic
1982178,2025-01-01,1,adoption_domestic
1984246,2025-01-01,1,adoption_domestic
1984262,2025-01-01,1,adoption_domestic
1985684,2025-01-01,1,adoption_domestic
1985840,2025-01-01,1,adoption_domestic
1987419,2025-01-01,1,adoption_domestic
1991192,2025-01-01,1,adoption_domestic
1991524,2025-01-01,1,adoption_domestic
1992508,2025-01-01,1,adoption_domestic
1992870,2025-01-01,1,adoption_domestic
1994342,2025-01-01,1,adoption_domestic
1995500,2025-01-01,1,adoption_domestic
1995569,2025-01-01,1,adoption_domestic
1996001,2025-01-01,1,adoption_domestic
2000046,2025-01-01,1,adoption_domestic
2000638,2025-01-01,1,adoption_domestic
2002215,2025-01-01,1,adoption_domestic
2006016,2025-01-01,1,adoption_domestic
2006370,2025-01-01,1,adoption_domestic
2006440,2025-01-01,1,adoption_domestic
2011535,2025-01-01,1,adoption_domestic
2012263,2025-01-01,1,adoption_domestic
2012383,2025-01-01,1,adoption_domestic
2012481,2025-01-01,1,adoption_domestic
2012839,2025-01-01,1,adoption_domestic
2013744,2025-01-01,1,adoption_domestic
2013825,2025-01-01,1,adoption_domestic
2015034,2025-01-01,1,adoption_domestic
2016125,2025-01-01,1,adoption_domestic
2017898,2025-01-01,1,adoption_domestic
2020017,2025-01-01,1,adoption_domestic
2020455,2025-01-01,1,adoption_domestic
2022503,2025-01-01,1,adoption_domestic
2022685,2025-01-01,1,adoption_domestic
2023106,2025-01-01,1,adoption_domestic
2024274,2025-01-01,1,adoption_domestic
2024812,2025-01-01,1,adoption_domestic
2027304,2025-01-01,1,adoption_domestic
2028411,2025-01-01,1,adoption_domestic
2029023,2025-01-01,1,adoption_domestic
2029929,2025-01-01,1,adoption_domestic
2030072,2025-01-01,1,adoption_domestic
2032772,2025-01-01,1,adoption_domestic
2034419,2025-01-01,1,adoption_domestic
2034721,2025-01-01,1,adoption_domestic
2036193,2025-01-01,1,adoption_domestic
2037111,2025-01-01,1,adoption_domestic
2038432,2025-01-01,1,adoption_domestic
2038433,2025-01-01,1,adoption_domestic
2039535,2025-01-01,1,adoption_domestic
2039612,2025-01-01,1,adoption_domestic
2039768,2025-01-01,1,adoption_domestic
2041680,2025-01-01,1,adoption_domestic
2044180,2025-01-01,1,adoption_domestic
2044491,2025-01-01,1,adoption_domestic
2044614,2025-01-01,1,adoption_domestic
2044630,2025-01-01,1,adoption_domestic
1086745,2014-01-01,1,holdings_domestic
1383312,2016-01-01,1,holdings_domestic
1167419,2017-01-01,1,holdings_domestic
1507605,2017-01-01,1,holdings_domestic
709283,2018-01-01,1,holdings_domestic
754811,2018-01-01,1,holdings_domestic
823546,2018-01-01,1,holdings_domestic
1130713,2018-01-01,1,holdings_domestic
1136294,2018-01-01,1,holdings_domestic
1515139,2018-01-01,1,holdings_domestic
350403,2019-01-01,1,holdings_domestic
865941,2019-01-01,1,holdings_domestic
922358,2019-01-01,1,holdings_domestic
922359,2019-01-01,1,holdings_domestic
922360,2019-01-01,1,holdings_domestic
1012493,2019-01-01,1,holdings_domestic
1108320,2019-01-01,1,holdings_domestic
1301787,2019-01-01,1,holdings_domestic
1355839,2019-01-01,1,holdings_domestic
1376339,2019-01-01,1,holdings_domestic
1383312,2019-01-01,1,holdings_domestic
1688126,2019-01-01,1,holdings_domestic
709283,2020-01-01,1,holdings_domestic
799288,2020-01-01,1,holdings_domestic
931336,2020-01-01,1,holdings_domestic
1050446,2020-01-01,1,holdings_domestic
1108320,2020-01-01,1,holdings_domestic
1376339,2020-01-01,1,holdings_domestic
1528930,2020-01-01,1,holdings_domestic
1588489,2020-01-01,1,holdings_domestic
1701114,2020-01-01,1,holdings_domestic
1725210,2020-01-01,1,holdings_domestic
1753648,2020-01-01,1,holdings_domestic
1790515,2020-01-01,1,holdings_domestic
709283,2021-01-01,1,holdings_domestic
827876,2021-01-01,1,holdings_domestic
862651,2021-01-01,1,holdings_domestic
924396,2021-01-01,1,holdings_domestic
1167419,2021-01-01,1,holdings_domestic
1218683,2021-01-01,1,holdings_domestic
1281984,2021-01-01,1,holdings_domestic
1436229,2021-01-01,1,holdings_domestic
1588489,2021-01-01,1,holdings_domestic
1701114,2021-01-01,1,holdings_domestic
1725210,2021-01-01,1,holdings_domestic
1819989,2021-01-01,1,holdings_domestic
1844971,2021-01-01,1,holdings_domestic
1856028,2021-01-01,1,holdings_domestic
709283,2022-01-01,1,holdings_domestic
827876,2022-01-01,1,holdings_domestic
862651,2022-01-01,1,holdings_domestic
896493,2022-01-01,1,holdings_domestic
1021096,2022-01-01,1,holdings_domestic
1050446,2022-01-01,1,holdings_domestic
1058307,2022-01-01,1,holdings_domestic
1115128,2022-01-01,1,holdings_domestic
1333493,2022-01-01,1,holdings_domestic
1436229,2022-01-01,1,holdings_domestic
1512673,2022-01-01,1,holdings_domestic
1588489,2022-01-01,1,holdings_domestic
1652958,2022-01-01,1,holdings_domestic
1705181,2022-01-01,1,holdings_domestic
1725210,2022-01-01,1,holdings_domestic
1729997,2022-01-01,1,holdings_domestic
1732406,2022-01-01,1,holdings_domestic
1732409,2022-01-01,1,holdings_domestic
1790625,2022-01-01,1,holdings_domestic
1832161,2022-01-01,1,holdings_domestic
1839341,2022-01-01,1,holdings_domestic
1839530,2022-01-01,1,holdings_domestic
1844971,2022-01-01,1,holdings_domestic
1856028,2022-01-01,1,holdings_domestic
1881487,2022-01-01,1,holdings_domestic
8063,2023-01-01,1,holdings_domestic
709283,2023-01-01,1,holdings_domestic
716006,2023-01-01,1,holdings_domestic
799288,2023-01-01,1,holdings_domestic
827876,2023-01-01,1,holdings_domestic
884624,2023-01-01,1,holdings_domestic
1021096,2023-01-01,1,holdings_domestic
1050446,2023-01-01,1,holdings_domestic
1083301,2023-01-01,1,holdings_domestic
1120193,2023-01-01,1,holdings_domestic
1162896,2023-01-01,1,holdings_domestic
1436229,2023-01-01,1,holdings_domestic
1448431,2023-01-01,1,holdings_domestic
1507605,2023-01-01,1,holdings_domestic
1512673,2023-01-01,1,holdings_domestic
1580490,2023-01-01,1,holdings_domestic
1591956,2023-01-01,1,holdings_domestic
1640384,2023-01-01,1,holdings_domestic
1665300,2023-01-01,1,holdings_domestic
1790625,2023-01-01,1,holdings_domestic
1816017,2023-01-01,1,holdings_domestic
1820144,2023-01-01,1,holdings_domestic
1826671,2023-01-01,1,holdings_domestic
1826889,2023-01-01,1,holdings_domestic
1844971,2023-01-01,1,holdings_domestic
1881487,2023-01-01,1,holdings_domestic
1901799,2023-01-01,1,holdings_domestic
1974138,2023-01-01,1,holdings_domestic
1980088,2023-01-01,1,holdings_domestic
8063,2024-01-01,1,holdings_domestic
709283,2024-01-01,1,holdings_domestic
799288,2024-01-01,1,holdings_domestic
827876,2024-01-01,1,holdings_domestic
1050446,2024-01-01,1,holdings_domestic
1083301,2024-01-01,1,holdings_domestic
1096275,2024-01-01,1,holdings_domestic
1120193,2024-01-01,1,holdings_domestic
1167419,2024-01-01,1,holdings_domestic
1333493,2024-01-01,1,holdings_domestic
1448431,2024-01-01,1,holdings_domestic
1493761,2024-01-01,1,holdings_domestic
1499275,2024-01-01,1,holdings_domestic
1507605,2024-01-01,1,holdings_domestic
1554859,2024-01-01,1,holdings_domestic
1588489,2024-01-01,1,holdings_domestic
1591956,2024-01-01,1,holdings_domestic
1640384,2024-01-01,1,holdings_domestic
1725210,2024-01-01,1,holdings_domestic
1755953,2024-01-01,1,holdings_domestic
1816017,2024-01-01,1,holdings_domestic
1821534,2024-01-01,1,holdings_domestic
1826889,2024-01-01,1,holdings_domestic
1830029,2024-01-01,1,holdings_domestic
1838028,2024-01-01,1,holdings_domestic
1841175,2024-01-01,1,holdings_domestic
1853825,2024-01-01,1,holdings_domestic
1859199,2024-01-01,1,holdings_domestic
1869699,2024-01-01,1,holdings_domestic
1879814,2024-01-01,1,holdings_domestic
1889123,2024-01-01,1,holdings_domestic
1891101,2024-01-01,1,holdings_domestic
1964789,2024-01-01,1,holdings_domestic
1980088,2024-01-01,1,holdings_domestic
88000,2025-01-01,1,holdings_domestic
95552,2025-01-01,1,holdings_domestic
709283,2025-01-01,1,holdings_domestic
746210,2025-01-01,1,holdings_domestic
827876,2025-01-01,1,holdings_domestic
1050446,2025-01-01,1,holdings_domestic
1074828,2025-01-01,1,holdings_domestic
1083301,2025-01-01,1,holdings_domestic
1096275,2025-01-01,1,holdings_domestic
1158172,2025-01-01,1,holdings_domestic
1167419,2025-01-01,1,holdings_domestic
1360442,2025-01-01,1,holdings_domestic
1360565,2025-01-01,1,holdings_domestic
1436229,2025-01-01,1,holdings_domestic
1493761,2025-01-01,1,holdings_domestic
1507605,2025-01-01,1,holdings_domestic
1554859,2025-01-01,1,holdings_domestic
1640384,2025-01-01,1,holdings_domestic
1662684,2025-01-01,1,holdings_domestic
1681682,2025-01-01,1,holdings_domestic
1710350,2025-01-01,1,holdings_domestic
1753162,2025-01-01,1,holdings_domestic
1755953,2025-01-01,1,holdings_domestic
1788230,2025-01-01,1,holdings_domestic
1808220,2025-01-01,1,holdings_domestic
1816017,2025-01-01,1,holdings_domestic
1820302,2025-01-01,1,holdings_domestic
1821534,2025-01-01,1,holdings_domestic
1829311,2025-01-01,1,holdings_domestic
1829794,2025-01-01,1,holdings_domestic
1830081,2025-01-01,1,holdings_domestic
1836875,2025-01-01,1,holdings_domestic
1842356,2025-01-01,1,holdings_domestic
1843165,2025-01-01,1,holdings_domestic
1849635,2025-01-01,1,holdings_domestic
1852317,2025-01-01,1,holdings_domestic
1853825,2025-01-01,1,holdings_domestic
1854480,2025-01-01,1,holdings_domestic
1859392,2025-01-01,1,holdings_domestic
1865602,2025-01-01,1,holdings_domestic
1869974,2025-01-01,1,holdings_domestic
1882781,2025-01-01,1,holdings_domestic
1889123,2025-01-01,1,holdings_domestic
1898474,2025-01-01,1,holdings_domestic
1901799,2025-01-01,1,holdings_domestic
1920406,2025-01-01,1,holdings_domestic
1946573,2025-01-01,1,holdings_domestic
1964789,2025-01-01,1,holdings_domestic
1980994,2025-01-01,1,holdings_domestic
2016072,2025-01-01,1,holdings_domestic
2027708,2025-01-01,1,holdings_domestic
2056263,2025-01-01,1,holdings_domestic
3545,2001-01-01,1,mining_domestic
5550,2001-01-01,1,mining_domestic
7039,2001-01-01,1,mining_domestic
24104,2001-01-01,1,mining_domestic
25657,2001-01-01,1,mining_domestic
25743,2001-01-01,1,mining_domestic
30573,2001-01-01,1,mining_domestic
37748,2001-01-01,1,mining_domestic
40545,2001-01-01,1,mining_domestic
42316,2001-01-01,1,mining_domestic
43398,2001-01-01,1,mining_domestic
50073,2001-01-01,1,mining_domestic
54291,2001-01-01,1,mining_domestic
59860,2001-01-01,1,mining_domestic
67716,2001-01-01,1,mining_domestic
75594,2001-01-01,1,mining_domestic
76321,2001-01-01,1,mining_domestic
81023,2001-01-01,1,mining_domestic
90057,2001-01-01,1,mining_domestic
93410,2001-01-01,1,mining_domestic
99249,2001-01-01,1,mining_domestic
101594,2001-01-01,1,mining_domestic
101778,2001-01-01,1,mining_domestic
106455,2001-01-01,1,mining_domestic
108729,2001-01-01,1,mining_domestic
109757,2001-01-01,1,mining_domestic
215466,2001-01-01,1,mining_domestic
277948,2001-01-01,1,mining_domestic
312583,2001-01-01,1,mining_domestic
315263,2001-01-01,1,mining_domestic
320166,2001-01-01,1,mining_domestic
352947,2001-01-01,1,mining_domestic
355356,2001-01-01,1,mining_domestic
356342,2001-01-01,1,mining_domestic
719754,2001-01-01,1,mining_domestic
731727,2001-01-01,1,mining_domestic
740761,2001-01-01,1,mining_domestic
743872,2001-01-01,1,mining_domestic
775368,2001-01-01,1,mining_domestic
783209,2001-01-01,1,mining_domestic
783324,2001-01-01,1,mining_domestic
784977,2001-01-01,1,mining_domestic
789933,2001-01-01,1,mining_domestic
792987,2001-01-01,1,mining_domestic
811419,2001-01-01,1,mining_domestic
811596,2001-01-01,1,mining_domestic
813621,2001-01-01,1,mining_domestic
841555,2001-01-01,1,mining_domestic
842718,2001-01-01,1,mining_domestic
855931,2001-01-01,1,mining_domestic
866273,2001-01-01,1,mining_domestic
885538,2001-01-01,1,mining_domestic
887730,2001-01-01,1,mining_domestic
891014,2001-01-01,1,mining_domestic
903571,2001-01-01,1,mining_domestic
913586,2001-01-01,1,mining_domestic
1001838,2001-01-01,1,mining_domestic
1003429,2001-01-01,1,mining_domestic
1011509,2001-01-01,1,mining_domestic
1012569,2001-01-01,1,mining_domestic
1013871,2001-01-01,1,mining_domestic
1016546,2001-01-01,1,mining_domestic
1016965,2001-01-01,1,mining_domestic
1018099,2001-01-01,1,mining_domestic
1022356,2001-01-01,1,mining_domestic
1024338,2001-01-01,1,mining_domestic
1030192,2001-01-01,1,mining_domestic
1031093,2001-01-01,1,mining_domestic
1044430,2001-01-01,1,mining_domestic
1066806,2001-01-01,1,mining_domestic
1067331,2001-01-01,1,mining_domestic
1082706,2001-01-01,1,mining_domestic
1086600,2001-01-01,1,mining_domestic
1089819,2001-01-01,1,mining_domestic
1096759,2001-01-01,1,mining_domestic
1104657,2001-01-01,1,mining_domestic
3545,2002-01-01,1,mining_domestic
4285,2002-01-01,1,mining_domestic
4904,2002-01-01,1,mining_domestic
5550,2002-01-01,1,mining_domestic
7039,2002-01-01,1,mining_domestic
7694,2002-01-01,1,mining_domestic
18672,2002-01-01,1,mining_domestic
24104,2002-01-01,1,mining_domestic
25657,2002-01-01,1,mining_domestic
30371,2002-01-01,1,mining_domestic
37748,2002-01-01,1,mining_domestic
48898,2002-01-01,1,mining_domestic
50073,2002-01-01,1,mining_domestic
54175,2002-01-01,1,mining_domestic
54291,2002-01-01,1,mining_domestic
63814,2002-01-01,1,mining_domestic
64279,2002-01-01,1,mining_domestic
65172,2002-01-01,1,mining_domestic
66600,2002-01-01,1,mining_domestic
66895,2002-01-01,1,mining_domestic
67716,2002-01-01,1,mining_domestic
72162,2002-01-01,1,mining_domestic
74046,2002-01-01,1,mining_domestic
75594,2002-01-01,1,mining_domestic
81023,2002-01-01,1,mining_domestic
85535,2002-01-01,1,mining_domestic
91928,2002-01-01,1,mining_domestic
95304,2002-01-01,1,mining_domestic
97216,2002-01-01,1,mining_domestic
99249,2002-01-01,1,mining_domestic
100122,2002-01-01,1,mining_domestic
101594,2002-01-01,1,mining_domestic
106455,2002-01-01,1,mining_domestic
106618,2002-01-01,1,mining_domestic
107263,2002-01-01,1,mining_domestic
109757,2002-01-01,1,mining_domestic
215466,2002-01-01,1,mining_domestic
312583,2002-01-01,1,mining_domestic
320166,2002-01-01,1,mining_domestic
350563,2002-01-01,1,mining_domestic
352947,2002-01-01,1,mining_domestic
355356,2002-01-01,1,mining_domestic
356342,2002-01-01,1,mining_domestic
721083,2002-01-01,1,mining_domestic
740761,2002-01-01,1,mining_domestic
775368,2002-01-01,1,mining_domestic
783209,2002-01-01,1,mining_domestic
784977,2002-01-01,1,mining_domestic
789933,2002-01-01,1,mining_domestic
792987,2002-01-01,1,mining_domestic
801898,2002-01-01,1,mining_domestic
811596,2002-01-01,1,mining_domestic
839470,2002-01-01,1,mining_domestic
841555,2002-01-01,1,mining_domestic
842718,2002-01-01,1,mining_domestic
844059,2002-01-01,1,mining_domestic
891014,2002-01-01,1,mining_domestic
906469,2002-01-01,1,mining_domestic
913586,2002-01-01,1,mining_domestic
918646,2002-01-01,1,mining_domestic
933157,2002-01-01,1,mining_domestic
941138,2002-01-01,1,mining_domestic
1001838,2002-01-01,1,mining_domestic
1003429,2002-01-01,1,mining_domestic
1012569,2002-01-01,1,mining_domestic
1016546,2002-01-01,1,mining_domestic
1016965,2002-01-01,1,mining_domestic
1029500,2002-01-01,1,mining_domestic
1031093,2002-01-01,1,mining_domestic
1041333,2002-01-01,1,mining_domestic
1045309,2002-01-01,1,mining_domestic
1061112,2002-01-01,1,mining_domestic
1066107,2002-01-01,1,mining_domestic
1066806,2002-01-01,1,mining_domestic
1086600,2002-01-01,1,mining_domestic
1089819,2002-01-01,1,mining_domestic
1092914,2002-01-01,1,mining_domestic
1108426,2002-01-01,1,mining_domestic
1111665,2002-01-01,1,mining_domestic
1136352,2002-01-01,1,mining_domestic
1163302,2002-01-01,1,mining_domestic
1164727,2002-01-01,1,mining_domestic
3545,2003-01-01,1,mining_domestic
4904,2003-01-01,1,mining_domestic
5550,2003-01-01,1,mining_domestic
6879,2003-01-01,1,mining_domestic
7039,2003-01-01,1,mining_domestic
18672,2003-01-01,1,mining_domestic
18734,2003-01-01,1,mining_domestic
21239,2003-01-01,1,mining_domestic
21267,2003-01-01,1,mining_domestic
22198,2003-01-01,1,mining_domestic
22551,2003-01-01,1,mining_domestic
24104,2003-01-01,1,mining_domestic
25657,2003-01-01,1,mining_domestic
29504,2003-01-01,1,mining_domestic
30371,2003-01-01,1,mining_domestic
30927,2003-01-01,1,mining_domestic
37748,2003-01-01,1,mining_domestic
40533,2003-01-01,1,mining_domestic
42316,2003-01-01,1,mining_domestic
43398,2003-01-01,1,mining_domestic
43410,2003-01-01,1,mining_domestic
48898,2003-01-01,1,mining_domestic
49938,2003-01-01,1,mining_domestic
49996,2003-01-01,1,mining_domestic
50073,2003-01-01,1,mining_domestic
50172,2003-01-01,1,mining_domestic
54291,2003-01-01,1,mining_domestic
55373,2003-01-01,1,mining_domestic
59255,2003-01-01,1,mining_domestic
63814,2003-01-01,1,mining_domestic
64279,2003-01-01,1,mining_domestic
65172,2003-01-01,1,mining_domestic
66895,2003-01-01,1,mining_domestic
67716,2003-01-01,1,mining_domestic
71180,2003-01-01,1,mining_domestic
71829,2003-01-01,1,mining_domestic
72162,2003-01-01,1,mining_domestic
73986,2003-01-01,1,mining_domestic
74046,2003-01-01,1,mining_domestic
75594,2003-01-01,1,mining_domestic
77159,2003-01-01,1,mining_domestic
78066,2003-01-01,1,mining_domestic
78890,2003-01-01,1,mining_domestic
81023,2003-01-01,1,mining_domestic
81027,2003-01-01,1,mining_domestic
82020,2003-01-01,1,mining_domestic
85535,2003-01-01,1,mining_domestic
90057,2003-01-01,1,mining_domestic
90144,2003-01-01,1,mining_domestic
91928,2003-01-01,1,mining_domestic
92487,2003-01-01,1,mining_domestic
93410,2003-01-01,1,mining_domestic
95304,2003-01-01,1,mining_domestic
96271,2003-01-01,1,mining_domestic
100122,2003-01-01,1,mining_domestic
101594,2003-01-01,1,mining_domestic
105860,2003-01-01,1,mining_domestic
106455,2003-01-01,1,mining_domestic
106618,2003-01-01,1,mining_domestic
107263,2003-01-01,1,mining_domestic
109757,2003-01-01,1,mining_domestic
215466,2003-01-01,1,mining_domestic
312583,2003-01-01,1,mining_domestic
319671,2003-01-01,1,mining_domestic
350563,2003-01-01,1,mining_domestic
352947,2003-01-01,1,mining_domestic
355356,2003-01-01,1,mining_domestic
356342,2003-01-01,1,mining_domestic
716039,2003-01-01,1,mining_domestic
719413,2003-01-01,1,mining_domestic
719754,2003-01-01,1,mining_domestic
721083,2003-01-01,1,mining_domestic
722079,2003-01-01,1,mining_domestic
722080,2003-01-01,1,mining_domestic
739460,2003-01-01,1,mining_domestic
740761,2003-01-01,1,mining_domestic
741508,2003-01-01,1,mining_domestic
764065,2003-01-01,1,mining_domestic
775368,2003-01-01,1,mining_domestic
777491,2003-01-01,1,mining_domestic
783209,2003-01-01,1,mining_domestic
783324,2003-01-01,1,mining_domestic
784977,2003-01-01,1,mining_domestic
789933,2003-01-01,1,mining_domestic
792987,2003-01-01,1,mining_domestic
793421,2003-01-01,1,mining_domestic
800457,2003-01-01,1,mining_domestic
801898,2003-01-01,1,mining_domestic
811596,2003-01-01,1,mining_domestic
813621,2003-01-01,1,mining_domestic
820626,2003-01-01,1,mining_domestic
823768,2003-01-01,1,mining_domestic
831259,2003-01-01,1,mining_domestic
837173,2003-01-01,1,mining_domestic
841555,2003-01-01,1,mining_domestic
844059,2003-01-01,1,mining_domestic
855931,2003-01-01,1,mining_domestic
857571,2003-01-01,1,mining_domestic
885538,2003-01-01,1,mining_domestic
891014,2003-01-01,1,mining_domestic
895474,2003-01-01,1,mining_domestic
903571,2003-01-01,1,mining_domestic
906469,2003-01-01,1,mining_domestic
908177,2003-01-01,1,mining_domestic
913586,2003-01-01,1,mining_domestic
918646,2003-01-01,1,mining_domestic
931948,2003-01-01,1,mining_domestic
933157,2003-01-01,1,mining_domestic
941138,2003-01-01,1,mining_domestic
1001838,2003-01-01,1,mining_domestic
1003429,2003-01-01,1,mining_domestic
1009672,2003-01-01,1,mining_domestic
1011509,2003-01-01,1,mining_domestic
1012569,2003-01-01,1,mining_domestic
1013871,2003-01-01,1,mining_domestic
1016546,2003-01-01,1,mining_domestic
1016965,2003-01-01,1,mining_domestic
1018099,2003-01-01,1,mining_domestic
1037676,2003-01-01,1,mining_domestic
1041333,2003-01-01,1,mining_domestic
1045309,2003-01-01,1,mining_domestic
1051116,2003-01-01,1,mining_domestic
1059364,2003-01-01,1,mining_domestic
1059567,2003-01-01,1,mining_domestic
1059568,2003-01-01,1,mining_domestic
1059570,2003-01-01,1,mining_domestic
1059572,2003-01-01,1,mining_domestic
1059573,2003-01-01,1,mining_domestic
1059575,2003-01-01,1,mining_domestic
1059576,2003-01-01,1,mining_domestic
1064728,2003-01-01,1,mining_domestic
1066107,2003-01-01,1,mining_domestic
1070412,2003-01-01,1,mining_domestic
1081823,2003-01-01,1,mining_domestic
1086600,2003-01-01,1,mining_domestic
1089819,2003-01-01,1,mining_domestic
1096385,2003-01-01,1,mining_domestic
1104657,2003-01-01,1,mining_domestic
1108426,2003-01-01,1,mining_domestic
1108673,2003-01-01,1,mining_domestic
1111665,2003-01-01,1,mining_domestic
1116616,2003-01-01,1,mining_domestic
1119040,2003-01-01,1,mining_domestic
1130310,2003-01-01,1,mining_domestic
1136352,2003-01-01,1,mining_domestic
1144945,2003-01-01,1,mining_domestic
1160701,2003-01-01,1,mining_domestic
1160726,2003-01-01,1,mining_domestic
1163165,2003-01-01,1,mining_domestic
1163302,2003-01-01,1,mining_domestic
1164727,2003-01-01,1,mining_domestic
1167584,2003-01-01,1,mining_domestic
1171486,2003-01-01,1,mining_domestic
1176236,2003-01-01,1,mining_domestic
1188303,2003-01-01,1,mining_domestic
3545,2004-01-01,1,mining_domestic
4904,2004-01-01,1,mining_domestic
5550,2004-01-01,1,mining_domestic
6879,2004-01-01,1,mining_domestic
7039,2004-01-01,1,mining_domestic
18672,2004-01-01,1,mining_domestic
18734,2004-01-01,1,mining_domestic
21239,2004-01-01,1,mining_domestic
21267,2004-01-01,1,mining_domestic
22198,2004-01-01,1,mining_domestic
22551,2004-01-01,1,mining_domestic
24104,2004-01-01,1,mining_domestic
25657,2004-01-01,1,mining_domestic
30554,2004-01-01,1,mining_domestic
30927,2004-01-01,1,mining_domestic
37748,2004-01-01,1,mining_domestic
40888,2004-01-01,1,mining_domestic
42316,2004-01-01,1,mining_domestic
43398,2004-01-01,1,mining_domestic
43410,2004-01-01,1,mining_domestic
48898,2004-01-01,1,mining_domestic
49938,2004-01-01,1,mining_domestic
49996,2004-01-01,1,mining_domestic
50172,2004-01-01,1,mining_domestic
50548,2004-01-01,1,mining_domestic
54291,2004-01-01,1,mining_domestic
55373,2004-01-01,1,mining_domestic
59255,2004-01-01,1,mining_domestic
64279,2004-01-01,1,mining_domestic
65172,2004-01-01,1,mining_domestic
67716,2004-01-01,1,mining_domestic
71180,2004-01-01,1,mining_domestic
71829,2004-01-01,1,mining_domestic
72162,2004-01-01,1,mining_domestic
73986,2004-01-01,1,mining_domestic
74046,2004-01-01,1,mining_domestic
75594,2004-01-01,1,mining_domestic
77159,2004-01-01,1,mining_domestic
78066,2004-01-01,1,mining_domestic
78890,2004-01-01,1,mining_domestic
81023,2004-01-01,1,mining_domestic
81027,2004-01-01,1,mining_domestic
82020,2004-01-01,1,mining_domestic
85535,2004-01-01,1,mining_domestic
90144,2004-01-01,1,mining_domestic
91142,2004-01-01,1,mining_domestic
91928,2004-01-01,1,mining_domestic
92487,2004-01-01,1,mining_domestic
93410,2004-01-01,1,mining_domestic
95304,2004-01-01,1,mining_domestic
96271,2004-01-01,1,mining_domestic
100122,2004-01-01,1,mining_domestic
101594,2004-01-01,1,mining_domestic
105860,2004-01-01,1,mining_domestic
106455,2004-01-01,1,mining_domestic
106618,2004-01-01,1,mining_domestic
107263,2004-01-01,1,mining_domestic
109757,2004-01-01,1,mining_domestic
215466,2004-01-01,1,mining_domestic
277058,2004-01-01,1,mining_domestic
312583,2004-01-01,1,mining_domestic
350563,2004-01-01,1,mining_domestic
352947,2004-01-01,1,mining_domestic
356342,2004-01-01,1,mining_domestic
716039,2004-01-01,1,mining_domestic
719413,2004-01-01,1,mining_domestic
719754,2004-01-01,1,mining_domestic
721083,2004-01-01,1,mining_domestic
739460,2004-01-01,1,mining_domestic
740761,2004-01-01,1,mining_domestic
741508,2004-01-01,1,mining_domestic
764065,2004-01-01,1,mining_domestic
775368,2004-01-01,1,mining_domestic
777491,2004-01-01,1,mining_domestic
783209,2004-01-01,1,mining_domestic
783324,2004-01-01,1,mining_domestic
784977,2004-01-01,1,mining_domestic
789933,2004-01-01,1,mining_domestic
793421,2004-01-01,1,mining_domestic
794323,2004-01-01,1,mining_domestic
801898,2004-01-01,1,mining_domestic
811596,2004-01-01,1,mining_domestic
813621,2004-01-01,1,mining_domestic
820626,2004-01-01,1,mining_domestic
823768,2004-01-01,1,mining_domestic
830122,2004-01-01,1,mining_domestic
830141,2004-01-01,1,mining_domestic
831259,2004-01-01,1,mining_domestic
837173,2004-01-01,1,mining_domestic
841555,2004-01-01,1,mining_domestic
844059,2004-01-01,1,mining_domestic
849213,2004-01-01,1,mining_domestic
851726,2004-01-01,1,mining_domestic
855931,2004-01-01,1,mining_domestic
857571,2004-01-01,1,mining_domestic
869531,2004-01-01,1,mining_domestic
885538,2004-01-01,1,mining_domestic
891014,2004-01-01,1,mining_domestic
895474,2004-01-01,1,mining_domestic
903571,2004-01-01,1,mining_domestic
906469,2004-01-01,1,mining_domestic
908177,2004-01-01,1,mining_domestic
912365,2004-01-01,1,mining_domestic
913586,2004-01-01,1,mining_domestic
917225,2004-01-01,1,mining_domestic
918646,2004-01-01,1,mining_domestic
931948,2004-01-01,1,mining_domestic
936340,2004-01-01,1,mining_domestic
938113,2004-01-01,1,mining_domestic
941138,2004-01-01,1,mining_domestic
941738,2004-01-01,1,mining_domestic
1001838,2004-01-01,1,mining_domestic
1003429,2004-01-01,1,mining_domestic
1011509,2004-01-01,1,mining_domestic
1012569,2004-01-01,1,mining_domestic
1013871,2004-01-01,1,mining_domestic
1016546,2004-01-01,1,mining_domestic
1016965,2004-01-01,1,mining_domestic
1018099,2004-01-01,1,mining_domestic
1037676,2004-01-01,1,mining_domestic
1045309,2004-01-01,1,mining_domestic
1059364,2004-01-01,1,mining_domestic
1059567,2004-01-01,1,mining_domestic
1059568,2004-01-01,1,mining_domestic
1059570,2004-01-01,1,mining_domestic
1059572,2004-01-01,1,mining_domestic
1059573,2004-01-01,1,mining_domestic
1059575,2004-01-01,1,mining_domestic
1059576,2004-01-01,1,mining_domestic
1061112,2004-01-01,1,mining_domestic
1064728,2004-01-01,1,mining_domestic
1066107,2004-01-01,1,mining_domestic
1070412,2004-01-01,1,mining_domestic
1073713,2004-01-01,1,mining_domestic
1086600,2004-01-01,1,mining_domestic
1089819,2004-01-01,1,mining_domestic
1096385,2004-01-01,1,mining_domestic
1104657,2004-01-01,1,mining_domestic
1108426,2004-01-01,1,mining_domestic
1108673,2004-01-01,1,mining_domestic
1111665,2004-01-01,1,mining_domestic
1116616,2004-01-01,1,mining_domestic
1119040,2004-01-01,1,mining_domestic
1120970,2004-01-01,1,mining_domestic
1123836,2004-01-01,1,mining_domestic
1130310,2004-01-01,1,mining_domestic
1136352,2004-01-01,1,mining_domestic
1144519,2004-01-01,1,mining_domestic
1144945,2004-01-01,1,mining_domestic
1160701,2004-01-01,1,mining_domestic
1160726,2004-01-01,1,mining_domestic
1163165,2004-01-01,1,mining_domestic
1163302,2004-01-01,1,mining_domestic
1164727,2004-01-01,1,mining_domestic
1171486,2004-01-01,1,mining_domestic
1176236,2004-01-01,1,mining_domestic
1188303,2004-01-01,1,mining_domestic
1227654,2004-01-01,1,mining_domestic
1231868,2004-01-01,1,mining_domestic
1257640,2004-01-01,1,mining_domestic
3545,2005-01-01,1,mining_domestic
4904,2005-01-01,1,mining_domestic
6879,2005-01-01,1,mining_domestic
7039,2005-01-01,1,mining_domestic
16873,2005-01-01,1,mining_domestic
18672,2005-01-01,1,mining_domestic
18734,2005-01-01,1,mining_domestic
21239,2005-01-01,1,mining_domestic
21267,2005-01-01,1,mining_domestic
22198,2005-01-01,1,mining_domestic
22551,2005-01-01,1,mining_domestic
24104,2005-01-01,1,mining_domestic
25657,2005-01-01,1,mining_domestic
30554,2005-01-01,1,mining_domestic
30927,2005-01-01,1,mining_domestic
37651,2005-01-01,1,mining_domestic
37748,2005-01-01,1,mining_domestic
40533,2005-01-01,1,mining_domestic
42316,2005-01-01,1,mining_domestic
43410,2005-01-01,1,mining_domestic
48898,2005-01-01,1,mining_domestic
49648,2005-01-01,1,mining_domestic
49938,2005-01-01,1,mining_domestic
49996,2005-01-01,1,mining_domestic
50172,2005-01-01,1,mining_domestic
50548,2005-01-01,1,mining_domestic
55373,2005-01-01,1,mining_domestic
59255,2005-01-01,1,mining_domestic
64279,2005-01-01,1,mining_domestic
65172,2005-01-01,1,mining_domestic
67716,2005-01-01,1,mining_domestic
71180,2005-01-01,1,mining_domestic
71829,2005-01-01,1,mining_domestic
72162,2005-01-01,1,mining_domestic
73986,2005-01-01,1,mining_domestic
74046,2005-01-01,1,mining_domestic
75594,2005-01-01,1,mining_domestic
77159,2005-01-01,1,mining_domestic
78066,2005-01-01,1,mining_domestic
81023,2005-01-01,1,mining_domestic
81027,2005-01-01,1,mining_domestic
82020,2005-01-01,1,mining_domestic
85535,2005-01-01,1,mining_domestic
90144,2005-01-01,1,mining_domestic
91142,2005-01-01,1,mining_domestic
92487,2005-01-01,1,mining_domestic
93410,2005-01-01,1,mining_domestic
95304,2005-01-01,1,mining_domestic
96271,2005-01-01,1,mining_domestic
98246,2005-01-01,1,mining_domestic
100122,2005-01-01,1,mining_domestic
101594,2005-01-01,1,mining_domestic
105860,2005-01-01,1,mining_domestic
106455,2005-01-01,1,mining_domestic
107263,2005-01-01,1,mining_domestic
109757,2005-01-01,1,mining_domestic
215466,2005-01-01,1,mining_domestic
277058,2005-01-01,1,mining_domestic
312583,2005-01-01,1,mining_domestic
318771,2005-01-01,1,mining_domestic
350563,2005-01-01,1,mining_domestic
352947,2005-01-01,1,mining_domestic
353191,2005-01-01,1,mining_domestic
355356,2005-01-01,1,mining_domestic
356342,2005-01-01,1,mining_domestic
710182,2005-01-01,1,mining_domestic
716039,2005-01-01,1,mining_domestic
719413,2005-01-01,1,mining_domestic
719754,2005-01-01,1,mining_domestic
721083,2005-01-01,1,mining_domestic
722079,2005-01-01,1,mining_domestic
739460,2005-01-01,1,mining_domestic
740761,2005-01-01,1,mining_domestic
741508,2005-01-01,1,mining_domestic
755199,2005-01-01,1,mining_domestic
764065,2005-01-01,1,mining_domestic
775368,2005-01-01,1,mining_domestic
783209,2005-01-01,1,mining_domestic
783324,2005-01-01,1,mining_domestic
784977,2005-01-01,1,mining_domestic
789933,2005-01-01,1,mining_domestic
794323,2005-01-01,1,mining_domestic
801898,2005-01-01,1,mining_domestic
813621,2005-01-01,1,mining_domestic
823768,2005-01-01,1,mining_domestic
830122,2005-01-01,1,mining_domestic
831259,2005-01-01,1,mining_domestic
837173,2005-01-01,1,mining_domestic
841555,2005-01-01,1,mining_domestic
844059,2005-01-01,1,mining_domestic
849213,2005-01-01,1,mining_domestic
855931,2005-01-01,1,mining_domestic
857571,2005-01-01,1,mining_domestic
869531,2005-01-01,1,mining_domestic
885538,2005-01-01,1,mining_domestic
891014,2005-01-01,1,mining_domestic
895474,2005-01-01,1,mining_domestic
903571,2005-01-01,1,mining_domestic
906469,2005-01-01,1,mining_domestic
908177,2005-01-01,1,mining_domestic
913586,2005-01-01,1,mining_domestic
917225,2005-01-01,1,mining_domestic
918646,2005-01-01,1,mining_domestic
931948,2005-01-01,1,mining_domestic
936340,2005-01-01,1,mining_domestic
938113,2005-01-01,1,mining_domestic
939729,2005-01-01,1,mining_domestic
941138,2005-01-01,1,mining_domestic
941738,2005-01-01,1,mining_domestic
949157,2005-01-01,1,mining_domestic
1001838,2005-01-01,1,mining_domestic
1003429,2005-01-01,1,mining_domestic
1011509,2005-01-01,1,mining_domestic
1012569,2005-01-01,1,mining_domestic
1013871,2005-01-01,1,mining_domestic
1014669,2005-01-01,1,mining_domestic
1016546,2005-01-01,1,mining_domestic
1023291,2005-01-01,1,mining_domestic
1037676,2005-01-01,1,mining_domestic
1044430,2005-01-01,1,mining_domestic
1045309,2005-01-01,1,mining_domestic
1057877,2005-01-01,1,mining_domestic
1059364,2005-01-01,1,mining_domestic
1059567,2005-01-01,1,mining_domestic
1059570,2005-01-01,1,mining_domestic
1059572,2005-01-01,1,mining_domestic
1059576,2005-01-01,1,mining_domestic
1061112,2005-01-01,1,mining_domestic
1064728,2005-01-01,1,mining_domestic
1066107,2005-01-01,1,mining_domestic
1070412,2005-01-01,1,mining_domestic
1073713,2005-01-01,1,mining_domestic
1086600,2005-01-01,1,mining_domestic
1089819,2005-01-01,1,mining_domestic
1091171,2005-01-01,1,mining_domestic
1096208,2005-01-01,1,mining_domestic
1096385,2005-01-01,1,mining_domestic
1104657,2005-01-01,1,mining_domestic
1108426,2005-01-01,1,mining_domestic
1110783,2005-01-01,1,mining_domestic
1111665,2005-01-01,1,mining_domestic
1116616,2005-01-01,1,mining_domestic
1124024,2005-01-01,1,mining_domestic
1129981,2005-01-01,1,mining_domestic
1136352,2005-01-01,1,mining_domestic
1144519,2005-01-01,1,mining_domestic
1144945,2005-01-01,1,mining_domestic
1160726,2005-01-01,1,mining_domestic
1163165,2005-01-01,1,mining_domestic
1163302,2005-01-01,1,mining_domestic
1164727,2005-01-01,1,mining_domestic
1171486,2005-01-01,1,mining_domestic
1176236,2005-01-01,1,mining_domestic
1227654,2005-01-01,1,mining_domestic
1228068,2005-01-01,1,mining_domestic
1231868,2005-01-01,1,mining_domestic
1255895,2005-01-01,1,mining_domestic
1257640,2005-01-01,1,mining_domestic
1263050,2005-01-01,1,mining_domestic
1285785,2005-01-01,1,mining_domestic
1297720,2005-01-01,1,mining_domestic
1301063,2005-01-01,1,mining_domestic
1310023,2005-01-01,1,mining_domestic
1310243,2005-01-01,1,mining_domestic
3146,2006-01-01,1,mining_domestic
3545,2006-01-01,1,mining_domestic
4285,2006-01-01,1,mining_domestic
4904,2006-01-01,1,mining_domestic
6879,2006-01-01,1,mining_domestic
7039,2006-01-01,1,mining_domestic
16873,2006-01-01,1,mining_domestic
17797,2006-01-01,1,mining_domestic
18672,2006-01-01,1,mining_domestic
18734,2006-01-01,1,mining_domestic
21239,2006-01-01,1,mining_domestic
22198,2006-01-01,1,mining_domestic
22551,2006-01-01,1,mining_domestic
22767,2006-01-01,1,mining_domestic
24104,2006-01-01,1,mining_domestic
25657,2006-01-01,1,mining_domestic
29834,2006-01-01,1,mining_domestic
30554,2006-01-01,1,mining_domestic
37637,2006-01-01,1,mining_domestic
37651,2006-01-01,1,mining_domestic
37748,2006-01-01,1,mining_domestic
37785,2006-01-01,1,mining_domestic
40533,2006-01-01,1,mining_domestic
43410,2006-01-01,1,mining_domestic
48898,2006-01-01,1,mining_domestic
49648,2006-01-01,1,mining_domestic
49938,2006-01-01,1,mining_domestic
49996,2006-01-01,1,mining_domestic
50172,2006-01-01,1,mining_domestic
55373,2006-01-01,1,mining_domestic
59255,2006-01-01,1,mining_domestic
64279,2006-01-01,1,mining_domestic
65172,2006-01-01,1,mining_domestic
66649,2006-01-01,1,mining_domestic
67716,2006-01-01,1,mining_domestic
71180,2006-01-01,1,mining_domestic
72162,2006-01-01,1,mining_domestic
73986,2006-01-01,1,mining_domestic
74046,2006-01-01,1,mining_domestic
75594,2006-01-01,1,mining_domestic
77159,2006-01-01,1,mining_domestic
78066,2006-01-01,1,mining_domestic
78890,2006-01-01,1,mining_domestic
81023,2006-01-01,1,mining_domestic
81027,2006-01-01,1,mining_domestic
82020,2006-01-01,1,mining_domestic
85535,2006-01-01,1,mining_domestic
90144,2006-01-01,1,mining_domestic
92487,2006-01-01,1,mining_domestic
93410,2006-01-01,1,mining_domestic
95304,2006-01-01,1,mining_domestic
96271,2006-01-01,1,mining_domestic
97216,2006-01-01,1,mining_domestic
98246,2006-01-01,1,mining_domestic
100122,2006-01-01,1,mining_domestic
101594,2006-01-01,1,mining_domestic
105860,2006-01-01,1,mining_domestic
106455,2006-01-01,1,mining_domestic
107263,2006-01-01,1,mining_domestic
107833,2006-01-01,1,mining_domestic
109757,2006-01-01,1,mining_domestic
215466,2006-01-01,1,mining_domestic
277058,2006-01-01,1,mining_domestic
277595,2006-01-01,1,mining_domestic
277948,2006-01-01,1,mining_domestic
312583,2006-01-01,1,mining_domestic
350563,2006-01-01,1,mining_domestic
352947,2006-01-01,1,mining_domestic
355356,2006-01-01,1,mining_domestic
356342,2006-01-01,1,mining_domestic
717423,2006-01-01,1,mining_domestic
719413,2006-01-01,1,mining_domestic
719754,2006-01-01,1,mining_domestic
721083,2006-01-01,1,mining_domestic
722079,2006-01-01,1,mining_domestic
739460,2006-01-01,1,mining_domestic
740761,2006-01-01,1,mining_domestic
741508,2006-01-01,1,mining_domestic
764065,2006-01-01,1,mining_domestic
775351,2006-01-01,1,mining_domestic
783209,2006-01-01,1,mining_domestic
783324,2006-01-01,1,mining_domestic
784977,2006-01-01,1,mining_domestic
789933,2006-01-01,1,mining_domestic
792987,2006-01-01,1,mining_domestic
794323,2006-01-01,1,mining_domestic
801898,2006-01-01,1,mining_domestic
813621,2006-01-01,1,mining_domestic
823768,2006-01-01,1,mining_domestic
830122,2006-01-01,1,mining_domestic
831259,2006-01-01,1,mining_domestic
837173,2006-01-01,1,mining_domestic
841555,2006-01-01,1,mining_domestic
844059,2006-01-01,1,mining_domestic
849213,2006-01-01,1,mining_domestic
855931,2006-01-01,1,mining_domestic
857571,2006-01-01,1,mining_domestic
869531,2006-01-01,1,mining_domestic
885538,2006-01-01,1,mining_domestic
888504,2006-01-01,1,mining_domestic
891014,2006-01-01,1,mining_domestic
895474,2006-01-01,1,mining_domestic
899723,2006-01-01,1,mining_domestic
903571,2006-01-01,1,mining_domestic
906469,2006-01-01,1,mining_domestic
908177,2006-01-01,1,mining_domestic
912365,2006-01-01,1,mining_domestic
916863,2006-01-01,1,mining_domestic
917225,2006-01-01,1,mining_domestic
918646,2006-01-01,1,mining_domestic
931948,2006-01-01,1,mining_domestic
936340,2006-01-01,1,mining_domestic
938113,2006-01-01,1,mining_domestic
939729,2006-01-01,1,mining_domestic
941138,2006-01-01,1,mining_domestic
941738,2006-01-01,1,mining_domestic
945828,2006-01-01,1,mining_domestic
949157,2006-01-01,1,mining_domestic
1001838,2006-01-01,1,mining_domestic
1011509,2006-01-01,1,mining_domestic
1012569,2006-01-01,1,mining_domestic
1013871,2006-01-01,1,mining_domestic
1023291,2006-01-01,1,mining_domestic
1029023,2006-01-01,1,mining_domestic
1037676,2006-01-01,1,mining_domestic
1044430,2006-01-01,1,mining_domestic
1057877,2006-01-01,1,mining_domestic
1061112,2006-01-01,1,mining_domestic
1064728,2006-01-01,1,mining_domestic
1066107,2006-01-01,1,mining_domestic
1070412,2006-01-01,1,mining_domestic
1073713,2006-01-01,1,mining_domestic
1086600,2006-01-01,1,mining_domestic
1089575,2006-01-01,1,mining_domestic
1089819,2006-01-01,1,mining_domestic
1091171,2006-01-01,1,mining_domestic
1094093,2006-01-01,1,mining_domestic
1096385,2006-01-01,1,mining_domestic
1104657,2006-01-01,1,mining_domestic
1108426,2006-01-01,1,mining_domestic
1110783,2006-01-01,1,mining_domestic
1111665,2006-01-01,1,mining_domestic
1116616,2006-01-01,1,mining_domestic
1129981,2006-01-01,1,mining_domestic
1130464,2006-01-01,1,mining_domestic
1133260,2006-01-01,1,mining_domestic
1136352,2006-01-01,1,mining_domestic
1137031,2006-01-01,1,mining_domestic
1144519,2006-01-01,1,mining_domestic
1144945,2006-01-01,1,mining_domestic
1163003,2006-01-01,1,mining_domestic
1163165,2006-01-01,1,mining_domestic
1163302,2006-01-01,1,mining_domestic
1164727,2006-01-01,1,mining_domestic
1170154,2006-01-01,1,mining_domestic
1171486,2006-01-01,1,mining_domestic
1176236,2006-01-01,1,mining_domestic
1227654,2006-01-01,1,mining_domestic
1228068,2006-01-01,1,mining_domestic
1231868,2006-01-01,1,mining_domestic
1255895,2006-01-01,1,mining_domestic
1257640,2006-01-01,1,mining_domestic
1263050,2006-01-01,1,mining_domestic
1276187,2006-01-01,1,mining_domestic
1285785,2006-01-01,1,mining_domestic
1297720,2006-01-01,1,mining_domestic
1301063,2006-01-01,1,mining_domestic
1304280,2006-01-01,1,mining_domestic
1310023,2006-01-01,1,mining_domestic
1310243,2006-01-01,1,mining_domestic
1314077,2006-01-01,1,mining_domestic
1320934,2006-01-01,1,mining_domestic
1324212,2006-01-01,1,mining_domestic
1324404,2006-01-01,1,mining_domestic
1331301,2006-01-01,1,mining_domestic
1335793,2006-01-01,1,mining_domestic
1337301,2006-01-01,1,mining_domestic
1346685,2006-01-01,1,mining_domestic
3545,2007-01-01,1,mining_domestic
4285,2007-01-01,1,mining_domestic
4904,2007-01-01,1,mining_domestic
6879,2007-01-01,1,mining_domestic
7039,2007-01-01,1,mining_domestic
16873,2007-01-01,1,mining_domestic
17797,2007-01-01,1,mining_domestic
18672,2007-01-01,1,mining_domestic
18734,2007-01-01,1,mining_domestic
22198,2007-01-01,1,mining_domestic
22551,2007-01-01,1,mining_domestic
22767,2007-01-01,1,mining_domestic
24104,2007-01-01,1,mining_domestic
25657,2007-01-01,1,mining_domestic
30554,2007-01-01,1,mining_domestic
37637,2007-01-01,1,mining_domestic
37651,2007-01-01,1,mining_domestic
37748,2007-01-01,1,mining_domestic
37785,2007-01-01,1,mining_domestic
43410,2007-01-01,1,mining_domestic
48898,2007-01-01,1,mining_domestic
49648,2007-01-01,1,mining_domestic
49938,2007-01-01,1,mining_domestic
50172,2007-01-01,1,mining_domestic
55373,2007-01-01,1,mining_domestic
59255,2007-01-01,1,mining_domestic
60086,2007-01-01,1,mining_domestic
64279,2007-01-01,1,mining_domestic
65172,2007-01-01,1,mining_domestic
66649,2007-01-01,1,mining_domestic
67716,2007-01-01,1,mining_domestic
71180,2007-01-01,1,mining_domestic
73986,2007-01-01,1,mining_domestic
74046,2007-01-01,1,mining_domestic
75594,2007-01-01,1,mining_domestic
77159,2007-01-01,1,mining_domestic
78066,2007-01-01,1,mining_domestic
78890,2007-01-01,1,mining_domestic
81023,2007-01-01,1,mining_domestic
81027,2007-01-01,1,mining_domestic
82020,2007-01-01,1,mining_domestic
85535,2007-01-01,1,mining_domestic
90144,2007-01-01,1,mining_domestic
92487,2007-01-01,1,mining_domestic
93410,2007-01-01,1,mining_domestic
95304,2007-01-01,1,mining_domestic
96271,2007-01-01,1,mining_domestic
98246,2007-01-01,1,mining_domestic
100122,2007-01-01,1,mining_domestic
101594,2007-01-01,1,mining_domestic
105860,2007-01-01,1,mining_domestic
106455,2007-01-01,1,mining_domestic
107263,2007-01-01,1,mining_domestic
107833,2007-01-01,1,mining_domestic
109757,2007-01-01,1,mining_domestic
215466,2007-01-01,1,mining_domestic
277058,2007-01-01,1,mining_domestic
277948,2007-01-01,1,mining_domestic
312583,2007-01-01,1,mining_domestic
350563,2007-01-01,1,mining_domestic
355356,2007-01-01,1,mining_domestic
356213,2007-01-01,1,mining_domestic
356342,2007-01-01,1,mining_domestic
717423,2007-01-01,1,mining_domestic
719413,2007-01-01,1,mining_domestic
719754,2007-01-01,1,mining_domestic
721083,2007-01-01,1,mining_domestic
722079,2007-01-01,1,mining_domestic
739460,2007-01-01,1,mining_domestic
740761,2007-01-01,1,mining_domestic
741508,2007-01-01,1,mining_domestic
764065,2007-01-01,1,mining_domestic
775351,2007-01-01,1,mining_domestic
783324,2007-01-01,1,mining_domestic
784977,2007-01-01,1,mining_domestic
789933,2007-01-01,1,mining_domestic
794323,2007-01-01,1,mining_domestic
801898,2007-01-01,1,mining_domestic
811596,2007-01-01,1,mining_domestic
813621,2007-01-01,1,mining_domestic
823768,2007-01-01,1,mining_domestic
831259,2007-01-01,1,mining_domestic
837173,2007-01-01,1,mining_domestic
839470,2007-01-01,1,mining_domestic
844059,2007-01-01,1,mining_domestic
849213,2007-01-01,1,mining_domestic
855931,2007-01-01,1,mining_domestic
857571,2007-01-01,1,mining_domestic
859747,2007-01-01,1,mining_domestic
861459,2007-01-01,1,mining_domestic
869531,2007-01-01,1,mining_domestic
888504,2007-01-01,1,mining_domestic
891014,2007-01-01,1,mining_domestic
903571,2007-01-01,1,mining_domestic
906469,2007-01-01,1,mining_domestic
907649,2007-01-01,1,mining_domestic
912365,2007-01-01,1,mining_domestic
916863,2007-01-01,1,mining_domestic
917225,2007-01-01,1,mining_domestic
918646,2007-01-01,1,mining_domestic
931948,2007-01-01,1,mining_domestic
938113,2007-01-01,1,mining_domestic
939729,2007-01-01,1,mining_domestic
941138,2007-01-01,1,mining_domestic
941738,2007-01-01,1,mining_domestic
945828,2007-01-01,1,mining_domestic
949157,2007-01-01,1,mining_domestic
1001838,2007-01-01,1,mining_domestic
1004155,2007-01-01,1,mining_domestic
1009667,2007-01-01,1,mining_domestic
1011509,2007-01-01,1,mining_domestic
1012569,2007-01-01,1,mining_domestic
1013871,2007-01-01,1,mining_domestic
1023291,2007-01-01,1,mining_domestic
1029023,2007-01-01,1,mining_domestic
1037676,2007-01-01,1,mining_domestic
1044430,2007-01-01,1,mining_domestic
1045309,2007-01-01,1,mining_domestic
1057877,2007-01-01,1,mining_domestic
1064728,2007-01-01,1,mining_domestic
1070412,2007-01-01,1,mining_domestic
1073713,2007-01-01,1,mining_domestic
1081316,2007-01-01,1,mining_domestic
1083321,2007-01-01,1,mining_domestic
1086600,2007-01-01,1,mining_domestic
1089575,2007-01-01,1,mining_domestic
1089819,2007-01-01,1,mining_domestic
1091171,2007-01-01,1,mining_domestic
1094093,2007-01-01,1,mining_domestic
1096385,2007-01-01,1,mining_domestic
1104657,2007-01-01,1,mining_domestic
1108426,2007-01-01,1,mining_domestic
1110783,2007-01-01,1,mining_domestic
1111665,2007-01-01,1,mining_domestic
1130464,2007-01-01,1,mining_domestic
1133260,2007-01-01,1,mining_domestic
1136352,2007-01-01,1,mining_domestic
1137031,2007-01-01,1,mining_domestic
1144519,2007-01-01,1,mining_domestic
1144945,2007-01-01,1,mining_domestic
1163003,2007-01-01,1,mining_domestic
1163165,2007-01-01,1,mining_domestic
1164727,2007-01-01,1,mining_domestic
1171486,2007-01-01,1,mining_domestic
1176236,2007-01-01,1,mining_domestic
1227654,2007-01-01,1,mining_domestic
1228068,2007-01-01,1,mining_domestic
1255895,2007-01-01,1,mining_domestic
1257640,2007-01-01,1,mining_domestic
1263050,2007-01-01,1,mining_domestic
1276187,2007-01-01,1,mining_domestic
1285785,2007-01-01,1,mining_domestic
1297720,2007-01-01,1,mining_domestic
1301063,2007-01-01,1,mining_domestic
1304280,2007-01-01,1,mining_domestic
1310023,2007-01-01,1,mining_domestic
1310243,2007-01-01,1,mining_domestic
1314077,2007-01-01,1,mining_domestic
1314259,2007-01-01,1,mining_domestic
1320934,2007-01-01,1,mining_domestic
1324212,2007-01-01,1,mining_domestic
1324404,2007-01-01,1,mining_domestic
1335793,2007-01-01,1,mining_domestic
1336047,2007-01-01,1,mining_domestic
1337301,2007-01-01,1,mining_domestic
1338065,2007-01-01,1,mining_domestic
1344980,2007-01-01,1,mining_domestic
1346685,2007-01-01,1,mining_domestic
1364796,2007-01-01,1,mining_domestic
1366292,2007-01-01,1,mining_domestic
1372020,2007-01-01,1,mining_domestic
1376610,2007-01-01,1,mining_domestic
20,2008-01-01,1,mining_domestic
3545,2008-01-01,1,mining_domestic
4904,2008-01-01,1,mining_domestic
6879,2008-01-01,1,mining_domestic
7039,2008-01-01,1,mining_domestic
9128,2008-01-01,1,mining_domestic
16873,2008-01-01,1,mining_domestic
17797,2008-01-01,1,mining_domestic
18672,2008-01-01,1,mining_domestic
22198,2008-01-01,1,mining_domestic
22551,2008-01-01,1,mining_domestic
22767,2008-01-01,1,mining_domestic
30554,2008-01-01,1,mining_domestic
37637,2008-01-01,1,mining_domestic
37748,2008-01-01,1,mining_domestic
37785,2008-01-01,1,mining_domestic
40888,2008-01-01,1,mining_domestic
42050,2008-01-01,1,mining_domestic
43410,2008-01-01,1,mining_domestic
48898,2008-01-01,1,mining_domestic
49648,2008-01-01,1,mining_domestic
49938,2008-01-01,1,mining_domestic
50172,2008-01-01,1,mining_domestic
59255,2008-01-01,1,mining_domestic
64279,2008-01-01,1,mining_domestic
65172,2008-01-01,1,mining_domestic
65224,2008-01-01,1,mining_domestic
66649,2008-01-01,1,mining_domestic
67716,2008-01-01,1,mining_domestic
71180,2008-01-01,1,mining_domestic
73986,2008-01-01,1,mining_domestic
74046,2008-01-01,1,mining_domestic
75594,2008-01-01,1,mining_domestic
77159,2008-01-01,1,mining_domestic
78890,2008-01-01,1,mining_domestic
81023,2008-01-01,1,mining_domestic
81027,2008-01-01,1,mining_domestic
82020,2008-01-01,1,mining_domestic
85535,2008-01-01,1,mining_domestic
90144,2008-01-01,1,mining_domestic
91440,2008-01-01,1,mining_domestic
92487,2008-01-01,1,mining_domestic
93410,2008-01-01,1,mining_domestic
95304,2008-01-01,1,mining_domestic
96271,2008-01-01,1,mining_domestic
97216,2008-01-01,1,mining_domestic
98246,2008-01-01,1,mining_domestic
100122,2008-01-01,1,mining_domestic
101594,2008-01-01,1,mining_domestic
101778,2008-01-01,1,mining_domestic
102379,2008-01-01,1,mining_domestic
106455,2008-01-01,1,mining_domestic
107263,2008-01-01,1,mining_domestic
109757,2008-01-01,1,mining_domestic
215466,2008-01-01,1,mining_domestic
277058,2008-01-01,1,mining_domestic
277948,2008-01-01,1,mining_domestic
312583,2008-01-01,1,mining_domestic
314203,2008-01-01,1,mining_domestic
350563,2008-01-01,1,mining_domestic
355356,2008-01-01,1,mining_domestic
355699,2008-01-01,1,mining_domestic
356213,2008-01-01,1,mining_domestic
356342,2008-01-01,1,mining_domestic
717423,2008-01-01,1,mining_domestic
719413,2008-01-01,1,mining_domestic
719754,2008-01-01,1,mining_domestic
721083,2008-01-01,1,mining_domestic
722079,2008-01-01,1,mining_domestic
726845,2008-01-01,1,mining_domestic
740761,2008-01-01,1,mining_domestic
741508,2008-01-01,1,mining_domestic
763846,2008-01-01,1,mining_domestic
764065,2008-01-01,1,mining_domestic
775351,2008-01-01,1,mining_domestic
783324,2008-01-01,1,mining_domestic
784977,2008-01-01,1,mining_domestic
786129,2008-01-01,1,mining_domestic
787251,2008-01-01,1,mining_domestic
789933,2008-01-01,1,mining_domestic
797564,2008-01-01,1,mining_domestic
801898,2008-01-01,1,mining_domestic
811596,2008-01-01,1,mining_domestic
813621,2008-01-01,1,mining_domestic
814904,2008-01-01,1,mining_domestic
823768,2008-01-01,1,mining_domestic
831259,2008-01-01,1,mining_domestic
837173,2008-01-01,1,mining_domestic
839470,2008-01-01,1,mining_domestic
844059,2008-01-01,1,mining_domestic
849213,2008-01-01,1,mining_domestic
855931,2008-01-01,1,mining_domestic
857501,2008-01-01,1,mining_domestic
859747,2008-01-01,1,mining_domestic
861459,2008-01-01,1,mining_domestic
869531,2008-01-01,1,mining_domestic
883701,2008-01-01,1,mining_domestic
888504,2008-01-01,1,mining_domestic
891014,2008-01-01,1,mining_domestic
903571,2008-01-01,1,mining_domestic
912365,2008-01-01,1,mining_domestic
916863,2008-01-01,1,mining_domestic
917225,2008-01-01,1,mining_domestic
918646,2008-01-01,1,mining_domestic
931948,2008-01-01,1,mining_domestic
938113,2008-01-01,1,mining_domestic
941138,2008-01-01,1,mining_domestic
945828,2008-01-01,1,mining_domestic
949157,2008-01-01,1,mining_domestic
1001838,2008-01-01,1,mining_domestic
1004155,2008-01-01,1,mining_domestic
1004411,2008-01-01,1,mining_domestic
1009667,2008-01-01,1,mining_domestic
1011509,2008-01-01,1,mining_domestic
1013871,2008-01-01,1,mining_domestic
1022321,2008-01-01,1,mining_domestic
1023291,2008-01-01,1,mining_domestic
1025362,2008-01-01,1,mining_domestic
1029023,2008-01-01,1,mining_domestic
1032863,2008-01-01,1,mining_domestic
1036478,2008-01-01,1,mining_domestic
1037676,2008-01-01,1,mining_domestic
1040721,2008-01-01,1,mining_domestic
1045309,2008-01-01,1,mining_domestic
1057877,2008-01-01,1,mining_domestic
1064728,2008-01-01,1,mining_domestic
1070412,2008-01-01,1,mining_domestic
1073713,2008-01-01,1,mining_domestic
1080448,2008-01-01,1,mining_domestic
1081078,2008-01-01,1,mining_domestic
1081316,2008-01-01,1,mining_domestic
1083321,2008-01-01,1,mining_domestic
1086600,2008-01-01,1,mining_domestic
1089575,2008-01-01,1,mining_domestic
1089819,2008-01-01,1,mining_domestic
1091171,2008-01-01,1,mining_domestic
1094093,2008-01-01,1,mining_domestic
1096385,2008-01-01,1,mining_domestic
1096555,2008-01-01,1,mining_domestic
1096791,2008-01-01,1,mining_domestic
1102392,2008-01-01,1,mining_domestic
1104657,2008-01-01,1,mining_domestic
1108426,2008-01-01,1,mining_domestic
1110737,2008-01-01,1,mining_domestic
1110783,2008-01-01,1,mining_domestic
1111665,2008-01-01,1,mining_domestic
1112706,2008-01-01,1,mining_domestic
1129018,2008-01-01,1,mining_domestic
1129542,2008-01-01,1,mining_domestic
1130464,2008-01-01,1,mining_domestic
1133260,2008-01-01,1,mining_domestic
1136352,2008-01-01,1,mining_domestic
1137031,2008-01-01,1,mining_domestic
1137239,2008-01-01,1,mining_domestic
1144519,2008-01-01,1,mining_domestic
1144945,2008-01-01,1,mining_domestic
1145761,2008-01-01,1,mining_domestic
1157688,2008-01-01,1,mining_domestic
1160791,2008-01-01,1,mining_domestic
1162324,2008-01-01,1,mining_domestic
1162896,2008-01-01,1,mining_domestic
1163003,2008-01-01,1,mining_domestic
1163165,2008-01-01,1,mining_domestic
1163302,2008-01-01,1,mining_domestic
1164727,2008-01-01,1,mining_domestic
1166338,2008-01-01,1,mining_domestic
1171486,2008-01-01,1,mining_domestic
1176236,2008-01-01,1,mining_domestic
1219606,2008-01-01,1,mining_domestic
1223550,2008-01-01,1,mining_domestic
1227654,2008-01-01,1,mining_domestic
1228068,2008-01-01,1,mining_domestic
1255895,2008-01-01,1,mining_domestic
1257640,2008-01-01,1,mining_domestic
1273507,2008-01-01,1,mining_domestic
1284766,2008-01-01,1,mining_domestic
1285785,2008-01-01,1,mining_domestic
1286181,2008-01-01,1,mining_domestic
1288770,2008-01-01,1,mining_domestic
1297720,2008-01-01,1,mining_domestic
1301063,2008-01-01,1,mining_domestic
1304280,2008-01-01,1,mining_domestic
1310023,2008-01-01,1,mining_domestic
1310243,2008-01-01,1,mining_domestic
1319009,2008-01-01,1,mining_domestic
1320934,2008-01-01,1,mining_domestic
1324404,2008-01-01,1,mining_domestic
1325950,2008-01-01,1,mining_domestic
1329136,2008-01-01,1,mining_domestic
1329944,2008-01-01,1,mining_domestic
1334933,2008-01-01,1,mining_domestic
1335793,2008-01-01,1,mining_domestic
1342854,2008-01-01,1,mining_domestic
1344133,2008-01-01,1,mining_domestic
1344394,2008-01-01,1,mining_domestic
1344980,2008-01-01,1,mining_domestic
1346685,2008-01-01,1,mining_domestic
1349371,2008-01-01,1,mining_domestic
1354591,2008-01-01,1,mining_domestic
1358652,2008-01-01,1,mining_domestic
1360405,2008-01-01,1,mining_domestic
1362120,2008-01-01,1,mining_domestic
1365554,2008-01-01,1,mining_domestic
1366292,2008-01-01,1,mining_domestic
1366899,2008-01-01,1,mining_domestic
1369140,2008-01-01,1,mining_domestic
1370816,2008-01-01,1,mining_domestic
1371310,2008-01-01,1,mining_domestic
1371424,2008-01-01,1,mining_domestic
1372020,2008-01-01,1,mining_domestic
1372183,2008-01-01,1,mining_domestic
1372263,2008-01-01,1,mining_domestic
1375213,2008-01-01,1,mining_domestic
1375348,2008-01-01,1,mining_domestic
1375483,2008-01-01,1,mining_domestic
1375576,2008-01-01,1,mining_domestic
1376610,2008-01-01,1,mining_domestic
1376742,2008-01-01,1,mining_domestic
1376804,2008-01-01,1,mining_domestic
1376812,2008-01-01,1,mining_domestic
1378036,2008-01-01,1,mining_domestic
1379043,2008-01-01,1,mining_domestic
1379810,2008-01-01,1,mining_domestic
1382219,2008-01-01,1,mining_domestic
1382231,2008-01-01,1,mining_domestic
1389294,2008-01-01,1,mining_domestic
1391174,2008-01-01,1,mining_domestic
1391253,2008-01-01,1,mining_domestic
1392600,2008-01-01,1,mining_domestic
1392902,2008-01-01,1,mining_domestic
1392960,2008-01-01,1,mining_domestic
1393283,2008-01-01,1,mining_domestic
1393284,2008-01-01,1,mining_domestic
1398005,2008-01-01,1,mining_domestic
1399761,2008-01-01,1,mining_domestic
1401859,2008-01-01,1,mining_domestic
1402062,2008-01-01,1,mining_domestic
1402357,2008-01-01,1,mining_domestic
1402371,2008-01-01,1,mining_domestic
1402486,2008-01-01,1,mining_domestic
1403433,2008-01-01,1,mining_domestic
1403674,2008-01-01,1,mining_domestic
1404433,2008-01-01,1,mining_domestic
1404592,2008-01-01,1,mining_domestic
1405260,2008-01-01,1,mining_domestic
1407185,2008-01-01,1,mining_domestic
1407268,2008-01-01,1,mining_domestic
1409432,2008-01-01,1,mining_domestic
1409624,2008-01-01,1,mining_domestic
1410012,2008-01-01,1,mining_domestic
1410056,2008-01-01,1,mining_domestic
1410253,2008-01-01,1,mining_domestic
1411179,2008-01-01,1,mining_domestic
1413661,2008-01-01,1,mining_domestic
1415543,2008-01-01,1,mining_domestic
1417451,2008-01-01,1,mining_domestic
1418452,2008-01-01,1,mining_domestic
1419482,2008-01-01,1,mining_domestic
1424822,2008-01-01,1,mining_domestic
1428389,2008-01-01,1,mining_domestic
20,2009-01-01,1,mining_domestic
3545,2009-01-01,1,mining_domestic
4904,2009-01-01,1,mining_domestic
6879,2009-01-01,1,mining_domestic
7039,2009-01-01,1,mining_domestic
8328,2009-01-01,1,mining_domestic
15288,2009-01-01,1,mining_domestic
16040,2009-01-01,1,mining_domestic
16873,2009-01-01,1,mining_domestic
17485,2009-01-01,1,mining_domestic
17797,2009-01-01,1,mining_domestic
18672,2009-01-01,1,mining_domestic
19913,2009-01-01,1,mining_domestic
20947,2009-01-01,1,mining_domestic
22198,2009-01-01,1,mining_domestic
22551,2009-01-01,1,mining_domestic
22767,2009-01-01,1,mining_domestic
24104,2009-01-01,1,mining_domestic
29905,2009-01-01,1,mining_domestic
29952,2009-01-01,1,mining_domestic
30554,2009-01-01,1,mining_domestic
34088,2009-01-01,1,mining_domestic
37637,2009-01-01,1,mining_domestic
37748,2009-01-01,1,mining_domestic
37785,2009-01-01,1,mining_domestic
40888,2009-01-01,1,mining_domestic
43410,2009-01-01,1,mining_domestic
48898,2009-01-01,1,mining_domestic
49648,2009-01-01,1,mining_domestic
49938,2009-01-01,1,mining_domestic
50172,2009-01-01,1,mining_domestic
53456,2009-01-01,1,mining_domestic
59255,2009-01-01,1,mining_domestic
59860,2009-01-01,1,mining_domestic
64279,2009-01-01,1,mining_domestic
65172,2009-01-01,1,mining_domestic
65224,2009-01-01,1,mining_domestic
65350,2009-01-01,1,mining_domestic
66649,2009-01-01,1,mining_domestic
66756,2009-01-01,1,mining_domestic
67716,2009-01-01,1,mining_domestic
69488,2009-01-01,1,mining_domestic
71180,2009-01-01,1,mining_domestic
72316,2009-01-01,1,mining_domestic
73960,2009-01-01,1,mining_domestic
73986,2009-01-01,1,mining_domestic
74046,2009-01-01,1,mining_domestic
75594,2009-01-01,1,mining_domestic
77159,2009-01-01,1,mining_domestic
77227,2009-01-01,1,mining_domestic
81023,2009-01-01,1,mining_domestic
81027,2009-01-01,1,mining_domestic
82020,2009-01-01,1,mining_domestic
85535,2009-01-01,1,mining_domestic
88121,2009-01-01,1,mining_domestic
90144,2009-01-01,1,mining_domestic
91440,2009-01-01,1,mining_domestic
92487,2009-01-01,1,mining_domestic
93410,2009-01-01,1,mining_domestic
95304,2009-01-01,1,mining_domestic
96271,2009-01-01,1,mining_domestic
97216,2009-01-01,1,mining_domestic
98246,2009-01-01,1,mining_domestic
100122,2009-01-01,1,mining_domestic
101538,2009-01-01,1,mining_domestic
101594,2009-01-01,1,mining_domestic
101778,2009-01-01,1,mining_domestic
102379,2009-01-01,1,mining_domestic
106455,2009-01-01,1,mining_domestic
107263,2009-01-01,1,mining_domestic
109757,2009-01-01,1,mining_domestic
215466,2009-01-01,1,mining_domestic
216748,2009-01-01,1,mining_domestic
277058,2009-01-01,1,mining_domestic
277948,2009-01-01,1,mining_domestic
312583,2009-01-01,1,mining_domestic
314203,2009-01-01,1,mining_domestic
319124,2009-01-01,1,mining_domestic
319671,2009-01-01,1,mining_domestic
350563,2009-01-01,1,mining_domestic
352049,2009-01-01,1,mining_domestic
353020,2009-01-01,1,mining_domestic
355356,2009-01-01,1,mining_domestic
356213,2009-01-01,1,mining_domestic
700815,2009-01-01,1,mining_domestic
711034,2009-01-01,1,mining_domestic
719413,2009-01-01,1,mining_domestic
721083,2009-01-01,1,mining_domestic
722079,2009-01-01,1,mining_domestic
726845,2009-01-01,1,mining_domestic
740761,2009-01-01,1,mining_domestic
741508,2009-01-01,1,mining_domestic
746834,2009-01-01,1,mining_domestic
763846,2009-01-01,1,mining_domestic
764065,2009-01-01,1,mining_domestic
773717,2009-01-01,1,mining_domestic
774937,2009-01-01,1,mining_domestic
775351,2009-01-01,1,mining_domestic
783324,2009-01-01,1,mining_domestic
784977,2009-01-01,1,mining_domestic
787251,2009-01-01,1,mining_domestic
788206,2009-01-01,1,mining_domestic
788965,2009-01-01,1,mining_domestic
789933,2009-01-01,1,mining_domestic
790024,2009-01-01,1,mining_domestic
794323,2009-01-01,1,mining_domestic
795255,2009-01-01,1,mining_domestic
799268,2009-01-01,1,mining_domestic
801898,2009-01-01,1,mining_domestic
811419,2009-01-01,1,mining_domestic
813621,2009-01-01,1,mining_domestic
814904,2009-01-01,1,mining_domestic
823768,2009-01-01,1,mining_domestic
831259,2009-01-01,1,mining_domestic
831355,2009-01-01,1,mining_domestic
837173,2009-01-01,1,mining_domestic
839470,2009-01-01,1,mining_domestic
844788,2009-01-01,1,mining_domestic
849146,2009-01-01,1,mining_domestic
849213,2009-01-01,1,mining_domestic
851726,2009-01-01,1,mining_domestic
855931,2009-01-01,1,mining_domestic
857501,2009-01-01,1,mining_domestic
867687,2009-01-01,1,mining_domestic
869531,2009-01-01,1,mining_domestic
873185,2009-01-01,1,mining_domestic
878808,2009-01-01,1,mining_domestic
883701,2009-01-01,1,mining_domestic
888504,2009-01-01,1,mining_domestic
891014,2009-01-01,1,mining_domestic
894561,2009-01-01,1,mining_domestic
903571,2009-01-01,1,mining_domestic
912365,2009-01-01,1,mining_domestic
912875,2009-01-01,1,mining_domestic
916863,2009-01-01,1,mining_domestic
917225,2009-01-01,1,mining_domestic
918646,2009-01-01,1,mining_domestic
918997,2009-01-01,1,mining_domestic
931948,2009-01-01,1,mining_domestic
938113,2009-01-01,1,mining_domestic
941138,2009-01-01,1,mining_domestic
945828,2009-01-01,1,mining_domestic
949157,2009-01-01,1,mining_domestic
1001838,2009-01-01,1,mining_domestic
1003344,2009-01-01,1,mining_domestic
1004155,2009-01-01,1,mining_domestic
1004411,2009-01-01,1,mining_domestic
1011509,2009-01-01,1,mining_domestic
1012569,2009-01-01,1,mining_domestic
1013871,2009-01-01,1,mining_domestic
1017290,2009-01-01,1,mining_domestic
1022321,2009-01-01,1,mining_domestic
1022671,2009-01-01,1,mining_domestic
1023291,2009-01-01,1,mining_domestic
1025362,2009-01-01,1,mining_domestic
1030192,2009-01-01,1,mining_domestic
1031093,2009-01-01,1,mining_domestic
1031296,2009-01-01,1,mining_domestic
1032863,2009-01-01,1,mining_domestic
1035422,2009-01-01,1,mining_domestic
1036478,2009-01-01,1,mining_domestic
1037676,2009-01-01,1,mining_domestic
1040721,2009-01-01,1,mining_domestic
1041609,2009-01-01,1,mining_domestic
1042784,2009-01-01,1,mining_domestic
1045929,2009-01-01,1,mining_domestic
1046672,2009-01-01,1,mining_domestic
1049861,2009-01-01,1,mining_domestic
1057877,2009-01-01,1,mining_domestic
1060910,2009-01-01,1,mining_domestic
1064728,2009-01-01,1,mining_domestic
1070412,2009-01-01,1,mining_domestic
1080319,2009-01-01,1,mining_domestic
1080448,2009-01-01,1,mining_domestic
1080657,2009-01-01,1,mining_domestic
1081316,2009-01-01,1,mining_domestic
1083848,2009-01-01,1,mining_domestic
1084226,2009-01-01,1,mining_domestic
1084415,2009-01-01,1,mining_domestic
1086600,2009-01-01,1,mining_domestic
1088787,2009-01-01,1,mining_domestic
1089575,2009-01-01,1,mining_domestic
1089819,2009-01-01,1,mining_domestic
1091171,2009-01-01,1,mining_domestic
1094093,2009-01-01,1,mining_domestic
1096264,2009-01-01,1,mining_domestic
1096385,2009-01-01,1,mining_domestic
1096555,2009-01-01,1,mining_domestic
1096791,2009-01-01,1,mining_domestic
1099963,2009-01-01,1,mining_domestic
1100788,2009-01-01,1,mining_domestic
1102392,2009-01-01,1,mining_domestic
1103078,2009-01-01,1,mining_domestic
1104194,2009-01-01,1,mining_domestic
1104657,2009-01-01,1,mining_domestic
1108426,2009-01-01,1,mining_domestic
1110737,2009-01-01,1,mining_domestic
1110783,2009-01-01,1,mining_domestic
1111665,2009-01-01,1,mining_domestic
1111741,2009-01-01,1,mining_domestic
1112706,2009-01-01,1,mining_domestic
1116137,2009-01-01,1,mining_domestic
1119807,2009-01-01,1,mining_domestic
1120970,2009-01-01,1,mining_domestic
1122993,2009-01-01,1,mining_domestic
1124024,2009-01-01,1,mining_domestic
1127007,2009-01-01,1,mining_domestic
1127454,2009-01-01,1,mining_domestic
1129018,2009-01-01,1,mining_domestic
1130126,2009-01-01,1,mining_domestic
1130464,2009-01-01,1,mining_domestic
1133260,2009-01-01,1,mining_domestic
1135202,2009-01-01,1,mining_domestic
1136352,2009-01-01,1,mining_domestic
1137031,2009-01-01,1,mining_domestic
1137083,2009-01-01,1,mining_domestic
1137239,2009-01-01,1,mining_domestic
1144519,2009-01-01,1,mining_domestic
1144945,2009-01-01,1,mining_domestic
1145761,2009-01-01,1,mining_domestic
1159275,2009-01-01,1,mining_domestic
1160791,2009-01-01,1,mining_domestic
1160798,2009-01-01,1,mining_domestic
1162324,2009-01-01,1,mining_domestic
1162896,2009-01-01,1,mining_domestic
1163003,2009-01-01,1,mining_domestic
1163165,2009-01-01,1,mining_domestic
1164727,2009-01-01,1,mining_domestic
1166338,2009-01-01,1,mining_domestic
1167887,2009-01-01,1,mining_domestic
1168938,2009-01-01,1,mining_domestic
1171486,2009-01-01,1,mining_domestic
1172178,2009-01-01,1,mining_domestic
1176236,2009-01-01,1,mining_domestic
1182737,2009-01-01,1,mining_domestic
1213788,2009-01-01,1,mining_domestic
1221548,2009-01-01,1,mining_domestic
1223550,2009-01-01,1,mining_domestic
1223663,2009-01-01,1,mining_domestic
1227654,2009-01-01,1,mining_domestic
1228068,2009-01-01,1,mining_domestic
1255895,2009-01-01,1,mining_domestic
1257640,2009-01-01,1,mining_domestic
1261487,2009-01-01,1,mining_domestic
1262751,2009-01-01,1,mining_domestic
1273507,2009-01-01,1,mining_domestic
1275229,2009-01-01,1,mining_domestic
1276187,2009-01-01,1,mining_domestic
1280396,2009-01-01,1,mining_domestic
1284766,2009-01-01,1,mining_domestic
1285785,2009-01-01,1,mining_domestic
1286181,2009-01-01,1,mining_domestic
1287701,2009-01-01,1,mining_domestic
1288750,2009-01-01,1,mining_domestic
1288770,2009-01-01,1,mining_domestic
1295803,2009-01-01,1,mining_domestic
1297223,2009-01-01,1,mining_domestic
1297720,2009-01-01,1,mining_domestic
1301063,2009-01-01,1,mining_domestic
1301838,2009-01-01,1,mining_domestic
1301839,2009-01-01,1,mining_domestic
1302084,2009-01-01,1,mining_domestic
1304280,2009-01-01,1,mining_domestic
1310023,2009-01-01,1,mining_domestic
1310243,2009-01-01,1,mining_domestic
1314259,2009-01-01,1,mining_domestic
1318196,2009-01-01,1,mining_domestic
1318268,2009-01-01,1,mining_domestic
1319009,2009-01-01,1,mining_domestic
1319643,2009-01-01,1,mining_domestic
1320338,2009-01-01,1,mining_domestic
1320691,2009-01-01,1,mining_domestic
1320934,2009-01-01,1,mining_domestic
1324404,2009-01-01,1,mining_domestic
1327195,2009-01-01,1,mining_domestic
1329184,2009-01-01,1,mining_domestic
1329484,2009-01-01,1,mining_domestic
1330323,2009-01-01,1,mining_domestic
1333614,2009-01-01,1,mining_domestic
1334933,2009-01-01,1,mining_domestic
1335137,2009-01-01,1,mining_domestic
1335793,2009-01-01,1,mining_domestic
1338118,2009-01-01,1,mining_domestic
1341995,2009-01-01,1,mining_domestic
1342854,2009-01-01,1,mining_domestic
1344394,2009-01-01,1,mining_domestic
1344980,2009-01-01,1,mining_domestic
1345432,2009-01-01,1,mining_domestic
1346917,2009-01-01,1,mining_domestic
1346988,2009-01-01,1,mining_domestic
1348788,2009-01-01,1,mining_domestic
1349777,2009-01-01,1,mining_domestic
1350770,2009-01-01,1,mining_domestic
1358654,2009-01-01,1,mining_domestic
1362120,2009-01-01,1,mining_domestic
1363551,2009-01-01,1,mining_domestic
1365554,2009-01-01,1,mining_domestic
1366292,2009-01-01,1,mining_domestic
1366430,2009-01-01,1,mining_domestic
1366826,2009-01-01,1,mining_domestic
1366899,2009-01-01,1,mining_domestic
1368505,2009-01-01,1,mining_domestic
1368620,2009-01-01,1,mining_domestic
1368714,2009-01-01,1,mining_domestic
1368745,2009-01-01,1,mining_domestic
1369203,2009-01-01,1,mining_domestic
1370030,2009-01-01,1,mining_domestic
1370823,2009-01-01,1,mining_domestic
1371247,2009-01-01,1,mining_domestic
1371310,2009-01-01,1,mining_domestic
1371424,2009-01-01,1,mining_domestic
1371487,2009-01-01,1,mining_domestic
1372020,2009-01-01,1,mining_domestic
1372523,2009-01-01,1,mining_domestic
1372954,2009-01-01,1,mining_domestic
1373024,2009-01-01,1,mining_domestic
1373693,2009-01-01,1,mining_domestic
1375348,2009-01-01,1,mining_domestic
1375483,2009-01-01,1,mining_domestic
1375618,2009-01-01,1,mining_domestic
1376610,2009-01-01,1,mining_domestic
1376742,2009-01-01,1,mining_domestic
1376812,2009-01-01,1,mining_domestic
1377963,2009-01-01,1,mining_domestic
1378036,2009-01-01,1,mining_domestic
1378948,2009-01-01,1,mining_domestic
1379043,2009-01-01,1,mining_domestic
1379810,2009-01-01,1,mining_domestic
1380412,2009-01-01,1,mining_domestic
1382231,2009-01-01,1,mining_domestic
1383116,2009-01-01,1,mining_domestic
1383571,2009-01-01,1,mining_domestic
1383859,2009-01-01,1,mining_domestic
1384034,2009-01-01,1,mining_domestic
1385952,2009-01-01,1,mining_domestic
1386110,2009-01-01,1,mining_domestic
1387054,2009-01-01,1,mining_domestic
1387600,2009-01-01,1,mining_domestic
1389294,2009-01-01,1,mining_domestic
1390533,2009-01-01,1,mining_domestic
1391174,2009-01-01,1,mining_domestic
1391253,2009-01-01,1,mining_domestic
1392960,2009-01-01,1,mining_domestic
1393283,2009-01-01,1,mining_domestic
1394186,2009-01-01,1,mining_domestic
1394872,2009-01-01,1,mining_domestic
1396009,2009-01-01,1,mining_domestic
1396054,2009-01-01,1,mining_domestic
1396118,2009-01-01,1,mining_domestic
1396709,2009-01-01,1,mining_domestic
1397832,2009-01-01,1,mining_domestic
1397970,2009-01-01,1,mining_domestic
1398005,2009-01-01,1,mining_domestic
1399306,2009-01-01,1,mining_domestic
1401671,2009-01-01,1,mining_domestic
1401859,2009-01-01,1,mining_domestic
1402062,2009-01-01,1,mining_domestic
1402357,2009-01-01,1,mining_domestic
1402371,2009-01-01,1,mining_domestic
1402486,2009-01-01,1,mining_domestic
1402747,2009-01-01,1,mining_domestic
1403674,2009-01-01,1,mining_domestic
1404592,2009-01-01,1,mining_domestic
1404593,2009-01-01,1,mining_domestic
1407185,2009-01-01,1,mining_domestic
1407703,2009-01-01,1,mining_domestic
1409624,2009-01-01,1,mining_domestic
1410056,2009-01-01,1,mining_domestic
1411058,2009-01-01,1,mining_domestic
1411179,2009-01-01,1,mining_domestic
1413599,2009-01-01,1,mining_domestic
1415286,2009-01-01,1,mining_domestic
1415432,2009-01-01,1,mining_domestic
1417451,2009-01-01,1,mining_domestic
1418065,2009-01-01,1,mining_domestic
1419482,2009-01-01,1,mining_domestic
1420569,2009-01-01,1,mining_domestic
1421461,2009-01-01,1,mining_domestic
1421538,2009-01-01,1,mining_domestic
1421865,2009-01-01,1,mining_domestic
1421907,2009-01-01,1,mining_domestic
1422105,2009-01-01,1,mining_domestic
1422220,2009-01-01,1,mining_domestic
1424404,2009-01-01,1,mining_domestic
1424822,2009-01-01,1,mining_domestic
1425173,2009-01-01,1,mining_domestic
1426780,2009-01-01,1,mining_domestic
1428389,2009-01-01,1,mining_domestic
1428765,2009-01-01,1,mining_domestic
1428816,2009-01-01,1,mining_domestic
1430124,2009-01-01,1,mining_domestic
1430975,2009-01-01,1,mining_domestic
1431676,2009-01-01,1,mining_domestic
1432994,2009-01-01,1,mining_domestic
1434994,2009-01-01,1,mining_domestic
1435163,2009-01-01,1,mining_domestic
1435394,2009-01-01,1,mining_domestic
1436568,2009-01-01,1,mining_domestic
1438461,2009-01-01,1,mining_domestic
1439254,2009-01-01,1,mining_domestic
1440153,2009-01-01,1,mining_domestic
1440799,2009-01-01,1,mining_domestic
1440821,2009-01-01,1,mining_domestic
1441247,2009-01-01,1,mining_domestic
1442999,2009-01-01,1,mining_domestic
1443105,2009-01-01,1,mining_domestic
1443270,2009-01-01,1,mining_domestic
1444377,2009-01-01,1,mining_domestic
1444839,2009-01-01,1,mining_domestic
1445049,2009-01-01,1,mining_domestic
1445541,2009-01-01,1,mining_domestic
1448242,2009-01-01,1,mining_domestic
1448763,2009-01-01,1,mining_domestic
20,2010-01-01,1,mining_domestic
3545,2010-01-01,1,mining_domestic
4281,2010-01-01,1,mining_domestic
4904,2010-01-01,1,mining_domestic
6879,2010-01-01,1,mining_domestic
7039,2010-01-01,1,mining_domestic
8328,2010-01-01,1,mining_domestic
15288,2010-01-01,1,mining_domestic
16040,2010-01-01,1,mining_domestic
16873,2010-01-01,1,mining_domestic
18672,2010-01-01,1,mining_domestic
20947,2010-01-01,1,mining_domestic
22198,2010-01-01,1,mining_domestic
22767,2010-01-01,1,mining_domestic
24104,2010-01-01,1,mining_domestic
29905,2010-01-01,1,mining_domestic
29952,2010-01-01,1,mining_domestic
30554,2010-01-01,1,mining_domestic
34088,2010-01-01,1,mining_domestic
37748,2010-01-01,1,mining_domestic
37785,2010-01-01,1,mining_domestic
40888,2010-01-01,1,mining_domestic
43410,2010-01-01,1,mining_domestic
48898,2010-01-01,1,mining_domestic
49648,2010-01-01,1,mining_domestic
49938,2010-01-01,1,mining_domestic
50172,2010-01-01,1,mining_domestic
53456,2010-01-01,1,mining_domestic
54441,2010-01-01,1,mining_domestic
59255,2010-01-01,1,mining_domestic
59860,2010-01-01,1,mining_domestic
64279,2010-01-01,1,mining_domestic
65172,2010-01-01,1,mining_domestic
65350,2010-01-01,1,mining_domestic
66649,2010-01-01,1,mining_domestic
66756,2010-01-01,1,mining_domestic
67716,2010-01-01,1,mining_domestic
69488,2010-01-01,1,mining_domestic
71180,2010-01-01,1,mining_domestic
72316,2010-01-01,1,mining_domestic
73960,2010-01-01,1,mining_domestic
73986,2010-01-01,1,mining_domestic
74046,2010-01-01,1,mining_domestic
75594,2010-01-01,1,mining_domestic
77159,2010-01-01,1,mining_domestic
77227,2010-01-01,1,mining_domestic
81023,2010-01-01,1,mining_domestic
81027,2010-01-01,1,mining_domestic
82020,2010-01-01,1,mining_domestic
85535,2010-01-01,1,mining_domestic
90144,2010-01-01,1,mining_domestic
91440,2010-01-01,1,mining_domestic
92487,2010-01-01,1,mining_domestic
93410,2010-01-01,1,mining_domestic
95304,2010-01-01,1,mining_domestic
96223,2010-01-01,1,mining_domestic
96271,2010-01-01,1,mining_domestic
98246,2010-01-01,1,mining_domestic
100122,2010-01-01,1,mining_domestic
101390,2010-01-01,1,mining_domestic
101538,2010-01-01,1,mining_domestic
101594,2010-01-01,1,mining_domestic
101778,2010-01-01,1,mining_domestic
102379,2010-01-01,1,mining_domestic
106455,2010-01-01,1,mining_domestic
107263,2010-01-01,1,mining_domestic
109757,2010-01-01,1,mining_domestic
215466,2010-01-01,1,mining_domestic
216748,2010-01-01,1,mining_domestic
277948,2010-01-01,1,mining_domestic
314203,2010-01-01,1,mining_domestic
319671,2010-01-01,1,mining_domestic
350563,2010-01-01,1,mining_domestic
352049,2010-01-01,1,mining_domestic
353020,2010-01-01,1,mining_domestic
355356,2010-01-01,1,mining_domestic
356213,2010-01-01,1,mining_domestic
700815,2010-01-01,1,mining_domestic
711034,2010-01-01,1,mining_domestic
719413,2010-01-01,1,mining_domestic
721083,2010-01-01,1,mining_domestic
722079,2010-01-01,1,mining_domestic
726845,2010-01-01,1,mining_domestic
731727,2010-01-01,1,mining_domestic
740761,2010-01-01,1,mining_domestic
741508,2010-01-01,1,mining_domestic
746834,2010-01-01,1,mining_domestic
746967,2010-01-01,1,mining_domestic
763846,2010-01-01,1,mining_domestic
764065,2010-01-01,1,mining_domestic
773717,2010-01-01,1,mining_domestic
774937,2010-01-01,1,mining_domestic
783324,2010-01-01,1,mining_domestic
784977,2010-01-01,1,mining_domestic
787251,2010-01-01,1,mining_domestic
788965,2010-01-01,1,mining_domestic
789933,2010-01-01,1,mining_domestic
790024,2010-01-01,1,mining_domestic
794323,2010-01-01,1,mining_domestic
795255,2010-01-01,1,mining_domestic
797662,2010-01-01,1,mining_domestic
799268,2010-01-01,1,mining_domestic
801898,2010-01-01,1,mining_domestic
811419,2010-01-01,1,mining_domestic
813621,2010-01-01,1,mining_domestic
814904,2010-01-01,1,mining_domestic
823768,2010-01-01,1,mining_domestic
830741,2010-01-01,1,mining_domestic
831259,2010-01-01,1,mining_domestic
831355,2010-01-01,1,mining_domestic
837173,2010-01-01,1,mining_domestic
839470,2010-01-01,1,mining_domestic
844788,2010-01-01,1,mining_domestic
849146,2010-01-01,1,mining_domestic
849213,2010-01-01,1,mining_domestic
851726,2010-01-01,1,mining_domestic
855931,2010-01-01,1,mining_domestic
857501,2010-01-01,1,mining_domestic
858470,2010-01-01,1,mining_domestic
861459,2010-01-01,1,mining_domestic
867687,2010-01-01,1,mining_domestic
869531,2010-01-01,1,mining_domestic
873185,2010-01-01,1,mining_domestic
888504,2010-01-01,1,mining_domestic
891014,2010-01-01,1,mining_domestic
894561,2010-01-01,1,mining_domestic
903571,2010-01-01,1,mining_domestic
912365,2010-01-01,1,mining_domestic
912875,2010-01-01,1,mining_domestic
916863,2010-01-01,1,mining_domestic
917225,2010-01-01,1,mining_domestic
918160,2010-01-01,1,mining_domestic
918646,2010-01-01,1,mining_domestic
918997,2010-01-01,1,mining_domestic
928375,2010-01-01,1,mining_domestic
931948,2010-01-01,1,mining_domestic
938113,2010-01-01,1,mining_domestic
941138,2010-01-01,1,mining_domestic
1001838,2010-01-01,1,mining_domestic
1003344,2010-01-01,1,mining_domestic
1004411,2010-01-01,1,mining_domestic
1011509,2010-01-01,1,mining_domestic
1012569,2010-01-01,1,mining_domestic
1017290,2010-01-01,1,mining_domestic
1021860,2010-01-01,1,mining_domestic
1022321,2010-01-01,1,mining_domestic
1022671,2010-01-01,1,mining_domestic
1023291,2010-01-01,1,mining_domestic
1025362,2010-01-01,1,mining_domestic
1030192,2010-01-01,1,mining_domestic
1031093,2010-01-01,1,mining_domestic
1031296,2010-01-01,1,mining_domestic
1035422,2010-01-01,1,mining_domestic
1036478,2010-01-01,1,mining_domestic
1037049,2010-01-01,1,mining_domestic
1037676,2010-01-01,1,mining_domestic
1040721,2010-01-01,1,mining_domestic
1041609,2010-01-01,1,mining_domestic
1042784,2010-01-01,1,mining_domestic
1045929,2010-01-01,1,mining_domestic
1046672,2010-01-01,1,mining_domestic
1057877,2010-01-01,1,mining_domestic
1060910,2010-01-01,1,mining_domestic
1064728,2010-01-01,1,mining_domestic
1070412,2010-01-01,1,mining_domestic
1071760,2010-01-01,1,mining_domestic
1072725,2010-01-01,1,mining_domestic
1080319,2010-01-01,1,mining_domestic
1080448,2010-01-01,1,mining_domestic
1081316,2010-01-01,1,mining_domestic
1083410,2010-01-01,1,mining_domestic
1083848,2010-01-01,1,mining_domestic
1084226,2010-01-01,1,mining_domestic
1084415,2010-01-01,1,mining_domestic
1084828,2010-01-01,1,mining_domestic
1085104,2010-01-01,1,mining_domestic
1086600,2010-01-01,1,mining_domestic
1088787,2010-01-01,1,mining_domestic
1089575,2010-01-01,1,mining_domestic
1089819,2010-01-01,1,mining_domestic
1091171,2010-01-01,1,mining_domestic
1096298,2010-01-01,1,mining_domestic
1096385,2010-01-01,1,mining_domestic
1096555,2010-01-01,1,mining_domestic
1096791,2010-01-01,1,mining_domestic
1099290,2010-01-01,1,mining_domestic
1100747,2010-01-01,1,mining_domestic
1100788,2010-01-01,1,mining_domestic
1102392,2010-01-01,1,mining_domestic
1103078,2010-01-01,1,mining_domestic
1104657,2010-01-01,1,mining_domestic
1108426,2010-01-01,1,mining_domestic
1110737,2010-01-01,1,mining_domestic
1110783,2010-01-01,1,mining_domestic
1111391,2010-01-01,1,mining_domestic
1111665,2010-01-01,1,mining_domestic
1111741,2010-01-01,1,mining_domestic
1111817,2010-01-01,1,mining_domestic
1112706,2010-01-01,1,mining_domestic
1116137,2010-01-01,1,mining_domestic
1119807,2010-01-01,1,mining_domestic
1120970,2010-01-01,1,mining_domestic
1121484,2010-01-01,1,mining_domestic
1122993,2010-01-01,1,mining_domestic
1123836,2010-01-01,1,mining_domestic
1124024,2010-01-01,1,mining_domestic
1127007,2010-01-01,1,mining_domestic
1129018,2010-01-01,1,mining_domestic
1130126,2010-01-01,1,mining_domestic
1130464,2010-01-01,1,mining_domestic
1132143,2010-01-01,1,mining_domestic
1136352,2010-01-01,1,mining_domestic
1137083,2010-01-01,1,mining_domestic
1137239,2010-01-01,1,mining_domestic
1144519,2010-01-01,1,mining_domestic
1144945,2010-01-01,1,mining_domestic
1145761,2010-01-01,1,mining_domestic
1159275,2010-01-01,1,mining_domestic
1160791,2010-01-01,1,mining_domestic
1160798,2010-01-01,1,mining_domestic
1162324,2010-01-01,1,mining_domestic
1162896,2010-01-01,1,mining_domestic
1163003,2010-01-01,1,mining_domestic
1163165,2010-01-01,1,mining_domestic
1164727,2010-01-01,1,mining_domestic
1166338,2010-01-01,1,mining_domestic
1167887,2010-01-01,1,mining_domestic
1168938,2010-01-01,1,mining_domestic
1171486,2010-01-01,1,mining_domestic
1172178,2010-01-01,1,mining_domestic
1176236,2010-01-01,1,mining_domestic
1182737,2010-01-01,1,mining_domestic
1211526,2010-01-01,1,mining_domestic
1213788,2010-01-01,1,mining_domestic
1221548,2010-01-01,1,mining_domestic
1223550,2010-01-01,1,mining_domestic
1227654,2010-01-01,1,mining_domestic
1255895,2010-01-01,1,mining_domestic
1257640,2010-01-01,1,mining_domestic
1262751,2010-01-01,1,mining_domestic
1273507,2010-01-01,1,mining_domestic
1275229,2010-01-01,1,mining_domestic
1276187,2010-01-01,1,mining_domestic
1280396,2010-01-01,1,mining_domestic
1284452,2010-01-01,1,mining_domestic
1284766,2010-01-01,1,mining_domestic
1285785,2010-01-01,1,mining_domestic
1286181,2010-01-01,1,mining_domestic
1287701,2010-01-01,1,mining_domestic
1288750,2010-01-01,1,mining_domestic
1288770,2010-01-01,1,mining_domestic
1297223,2010-01-01,1,mining_domestic
1297720,2010-01-01,1,mining_domestic
1301063,2010-01-01,1,mining_domestic
1302084,2010-01-01,1,mining_domestic
1304409,2010-01-01,1,mining_domestic
1312069,2010-01-01,1,mining_domestic
1314259,2010-01-01,1,mining_domestic
1318196,2010-01-01,1,mining_domestic
1319009,2010-01-01,1,mining_domestic
1319643,2010-01-01,1,mining_domestic
1320338,2010-01-01,1,mining_domestic
1320691,2010-01-01,1,mining_domestic
1320934,2010-01-01,1,mining_domestic
1324404,2010-01-01,1,mining_domestic
1329484,2010-01-01,1,mining_domestic
1330323,2010-01-01,1,mining_domestic
1333614,2010-01-01,1,mining_domestic
1334699,2010-01-01,1,mining_domestic
1334933,2010-01-01,1,mining_domestic
1335137,2010-01-01,1,mining_domestic
1335793,2010-01-01,1,mining_domestic
1342916,2010-01-01,1,mining_domestic
1344394,2010-01-01,1,mining_domestic
1344980,2010-01-01,1,mining_domestic
1346917,2010-01-01,1,mining_domestic
1347652,2010-01-01,1,mining_domestic
1348788,2010-01-01,1,mining_domestic
1349777,2010-01-01,1,mining_domestic
1350770,2010-01-01,1,mining_domestic
1351765,2010-01-01,1,mining_domestic
1354636,2010-01-01,1,mining_domestic
1355677,2010-01-01,1,mining_domestic
1358099,2010-01-01,1,mining_domestic
1358654,2010-01-01,1,mining_domestic
1362120,2010-01-01,1,mining_domestic
1363573,2010-01-01,1,mining_domestic
1365554,2010-01-01,1,mining_domestic
1366292,2010-01-01,1,mining_domestic
1366823,2010-01-01,1,mining_domestic
1366826,2010-01-01,1,mining_domestic
1368505,2010-01-01,1,mining_domestic
1368620,2010-01-01,1,mining_domestic
1368714,2010-01-01,1,mining_domestic
1369203,2010-01-01,1,mining_domestic
1370823,2010-01-01,1,mining_domestic
1371247,2010-01-01,1,mining_domestic
1371310,2010-01-01,1,mining_domestic
1371424,2010-01-01,1,mining_domestic
1371487,2010-01-01,1,mining_domestic
1372020,2010-01-01,1,mining_domestic
1372954,2010-01-01,1,mining_domestic
1373024,2010-01-01,1,mining_domestic
1373690,2010-01-01,1,mining_domestic
1375348,2010-01-01,1,mining_domestic
1376610,2010-01-01,1,mining_domestic
1376742,2010-01-01,1,mining_domestic
1376812,2010-01-01,1,mining_domestic
1377963,2010-01-01,1,mining_domestic
1378948,2010-01-01,1,mining_domestic
1379810,2010-01-01,1,mining_domestic
1380412,2010-01-01,1,mining_domestic
1382231,2010-01-01,1,mining_domestic
1382462,2010-01-01,1,mining_domestic
1383116,2010-01-01,1,mining_domestic
1383571,2010-01-01,1,mining_domestic
1383859,2010-01-01,1,mining_domestic
1385329,2010-01-01,1,mining_domestic
1386110,2010-01-01,1,mining_domestic
1387054,2010-01-01,1,mining_domestic
1387341,2010-01-01,1,mining_domestic
1387522,2010-01-01,1,mining_domestic
1388510,2010-01-01,1,mining_domestic
1389294,2010-01-01,1,mining_domestic
1389415,2010-01-01,1,mining_domestic
1390533,2010-01-01,1,mining_domestic
1391253,2010-01-01,1,mining_domestic
1392960,2010-01-01,1,mining_domestic
1393772,2010-01-01,1,mining_domestic
1393909,2010-01-01,1,mining_domestic
1394872,2010-01-01,1,mining_domestic
1396009,2010-01-01,1,mining_domestic
1396054,2010-01-01,1,mining_domestic
1396709,2010-01-01,1,mining_domestic
1398005,2010-01-01,1,mining_domestic
1399095,2010-01-01,1,mining_domestic
1399306,2010-01-01,1,mining_domestic
1401835,2010-01-01,1,mining_domestic
1402062,2010-01-01,1,mining_domestic
1402357,2010-01-01,1,mining_domestic
1402486,2010-01-01,1,mining_domestic
1403674,2010-01-01,1,mining_domestic
1404592,2010-01-01,1,mining_domestic
1404593,2010-01-01,1,mining_domestic
1405286,2010-01-01,1,mining_domestic
1407583,2010-01-01,1,mining_domestic
1407703,2010-01-01,1,mining_domestic
1409432,2010-01-01,1,mining_domestic
1409624,2010-01-01,1,mining_domestic
1410056,2010-01-01,1,mining_domestic
1411179,2010-01-01,1,mining_domestic
1415020,2010-01-01,1,mining_domestic
1415286,2010-01-01,1,mining_domestic
1415305,2010-01-01,1,mining_domestic
1415332,2010-01-01,1,mining_domestic
1415432,2010-01-01,1,mining_domestic
1415952,2010-01-01,1,mining_domestic
1416090,2010-01-01,1,mining_domestic
1418065,2010-01-01,1,mining_domestic
1419482,2010-01-01,1,mining_domestic
1421461,2010-01-01,1,mining_domestic
1421865,2010-01-01,1,mining_domestic
1421907,2010-01-01,1,mining_domestic
1422105,2010-01-01,1,mining_domestic
1422109,2010-01-01,1,mining_domestic
1422220,2010-01-01,1,mining_domestic
1424404,2010-01-01,1,mining_domestic
1424822,2010-01-01,1,mining_domestic
1425173,2010-01-01,1,mining_domestic
1425392,2010-01-01,1,mining_domestic
1426780,2010-01-01,1,mining_domestic
1428389,2010-01-01,1,mining_domestic
1428816,2010-01-01,1,mining_domestic
1430124,2010-01-01,1,mining_domestic
1430975,2010-01-01,1,mining_domestic
1431676,2010-01-01,1,mining_domestic
1434028,2010-01-01,1,mining_domestic
1434994,2010-01-01,1,mining_domestic
1435064,2010-01-01,1,mining_domestic
1435163,2010-01-01,1,mining_domestic
1436568,2010-01-01,1,mining_domestic
1437467,2010-01-01,1,mining_domestic
1437925,2010-01-01,1,mining_domestic
1438461,2010-01-01,1,mining_domestic
1438884,2010-01-01,1,mining_domestic
1439254,2010-01-01,1,mining_domestic
1440153,2010-01-01,1,mining_domestic
1440172,2010-01-01,1,mining_domestic
1440799,2010-01-01,1,mining_domestic
1441247,2010-01-01,1,mining_domestic
1441849,2010-01-01,1,mining_domestic
1443105,2010-01-01,1,mining_domestic
1443270,2010-01-01,1,mining_domestic
1444839,2010-01-01,1,mining_domestic
1445049,2010-01-01,1,mining_domestic
1445196,2010-01-01,1,mining_domestic
1445314,2010-01-01,1,mining_domestic
1445815,2010-01-01,1,mining_domestic
1448597,2010-01-01,1,mining_domestic
1448763,2010-01-01,1,mining_domestic
1450708,2010-01-01,1,mining_domestic
1451433,2010-01-01,1,mining_domestic
1451654,2010-01-01,1,mining_domestic
1453420,2010-01-01,1,mining_domestic
1453820,2010-01-01,1,mining_domestic
1454298,2010-01-01,1,mining_domestic
1460290,2010-01-01,1,mining_domestic
1464830,2010-01-01,1,mining_domestic
1473334,2010-01-01,1,mining_domestic
1473637,2010-01-01,1,mining_domestic
3153,2011-01-01,1,mining_domestic
3545,2011-01-01,1,mining_domestic
4281,2011-01-01,1,mining_domestic
4904,2011-01-01,1,mining_domestic
6879,2011-01-01,1,mining_domestic
8328,2011-01-01,1,mining_domestic
13033,2011-01-01,1,mining_domestic
17485,2011-01-01,1,mining_domestic
18230,2011-01-01,1,mining_domestic
18672,2011-01-01,1,mining_domestic
20947,2011-01-01,1,mining_domestic
22198,2011-01-01,1,mining_domestic
30554,2011-01-01,1,mining_domestic
33213,2011-01-01,1,mining_domestic
34088,2011-01-01,1,mining_domestic
37748,2011-01-01,1,mining_domestic
37785,2011-01-01,1,mining_domestic
41091,2011-01-01,1,mining_domestic
43410,2011-01-01,1,mining_domestic
44545,2011-01-01,1,mining_domestic
45012,2011-01-01,1,mining_domestic
48898,2011-01-01,1,mining_domestic
49648,2011-01-01,1,mining_domestic
49938,2011-01-01,1,mining_domestic
50172,2011-01-01,1,mining_domestic
53456,2011-01-01,1,mining_domestic
54441,2011-01-01,1,mining_domestic
59255,2011-01-01,1,mining_domestic
59860,2011-01-01,1,mining_domestic
64279,2011-01-01,1,mining_domestic
65172,2011-01-01,1,mining_domestic
65350,2011-01-01,1,mining_domestic
66649,2011-01-01,1,mining_domestic
66756,2011-01-01,1,mining_domestic
66904,2011-01-01,1,mining_domestic
67716,2011-01-01,1,mining_domestic
69488,2011-01-01,1,mining_domestic
71180,2011-01-01,1,mining_domestic
72316,2011-01-01,1,mining_domestic
73960,2011-01-01,1,mining_domestic
73986,2011-01-01,1,mining_domestic
74046,2011-01-01,1,mining_domestic
75594,2011-01-01,1,mining_domestic
77227,2011-01-01,1,mining_domestic
81027,2011-01-01,1,mining_domestic
82020,2011-01-01,1,mining_domestic
85408,2011-01-01,1,mining_domestic
85535,2011-01-01,1,mining_domestic
90144,2011-01-01,1,mining_domestic
91440,2011-01-01,1,mining_domestic
92122,2011-01-01,1,mining_domestic
92487,2011-01-01,1,mining_domestic
93410,2011-01-01,1,mining_domestic
95304,2011-01-01,1,mining_domestic
96223,2011-01-01,1,mining_domestic
96271,2011-01-01,1,mining_domestic
98246,2011-01-01,1,mining_domestic
100122,2011-01-01,1,mining_domestic
101390,2011-01-01,1,mining_domestic
101538,2011-01-01,1,mining_domestic
101594,2011-01-01,1,mining_domestic
101778,2011-01-01,1,mining_domestic
102379,2011-01-01,1,mining_domestic
106455,2011-01-01,1,mining_domestic
107263,2011-01-01,1,mining_domestic
215466,2011-01-01,1,mining_domestic
216228,2011-01-01,1,mining_domestic
277948,2011-01-01,1,mining_domestic
314203,2011-01-01,1,mining_domestic
317187,2011-01-01,1,mining_domestic
318996,2011-01-01,1,mining_domestic
319671,2011-01-01,1,mining_domestic
350563,2011-01-01,1,mining_domestic
352049,2011-01-01,1,mining_domestic
353020,2011-01-01,1,mining_domestic
355356,2011-01-01,1,mining_domestic
356213,2011-01-01,1,mining_domestic
700815,2011-01-01,1,mining_domestic
711034,2011-01-01,1,mining_domestic
719413,2011-01-01,1,mining_domestic
726435,2011-01-01,1,mining_domestic
731727,2011-01-01,1,mining_domestic
740761,2011-01-01,1,mining_domestic
741508,2011-01-01,1,mining_domestic
746967,2011-01-01,1,mining_domestic
763846,2011-01-01,1,mining_domestic
764065,2011-01-01,1,mining_domestic
773717,2011-01-01,1,mining_domestic
774937,2011-01-01,1,mining_domestic
783324,2011-01-01,1,mining_domestic
784977,2011-01-01,1,mining_domestic
787251,2011-01-01,1,mining_domestic
788965,2011-01-01,1,mining_domestic
789879,2011-01-01,1,mining_domestic
789933,2011-01-01,1,mining_domestic
789944,2011-01-01,1,mining_domestic
790024,2011-01-01,1,mining_domestic
794323,2011-01-01,1,mining_domestic
795255,2011-01-01,1,mining_domestic
797662,2011-01-01,1,mining_domestic
801898,2011-01-01,1,mining_domestic
813621,2011-01-01,1,mining_domestic
814904,2011-01-01,1,mining_domestic
821899,2011-01-01,1,mining_domestic
823768,2011-01-01,1,mining_domestic
830741,2011-01-01,1,mining_domestic
831259,2011-01-01,1,mining_domestic
831355,2011-01-01,1,mining_domestic
837173,2011-01-01,1,mining_domestic
839470,2011-01-01,1,mining_domestic
844538,2011-01-01,1,mining_domestic
844788,2011-01-01,1,mining_domestic
849146,2011-01-01,1,mining_domestic
851726,2011-01-01,1,mining_domestic
855931,2011-01-01,1,mining_domestic
857501,2011-01-01,1,mining_domestic
861459,2011-01-01,1,mining_domestic
867687,2011-01-01,1,mining_domestic
869531,2011-01-01,1,mining_domestic
874792,2011-01-01,1,mining_domestic
879519,2011-01-01,1,mining_domestic
888504,2011-01-01,1,mining_domestic
889331,2011-01-01,1,mining_domestic
891014,2011-01-01,1,mining_domestic
903571,2011-01-01,1,mining_domestic
912365,2011-01-01,1,mining_domestic
916076,2011-01-01,1,mining_domestic
916863,2011-01-01,1,mining_domestic
917225,2011-01-01,1,mining_domestic
918160,2011-01-01,1,mining_domestic
918646,2011-01-01,1,mining_domestic
918997,2011-01-01,1,mining_domestic
922224,2011-01-01,1,mining_domestic
928375,2011-01-01,1,mining_domestic
931948,2011-01-01,1,mining_domestic
941138,2011-01-01,1,mining_domestic
1001838,2011-01-01,1,mining_domestic
1003344,2011-01-01,1,mining_domestic
1004411,2011-01-01,1,mining_domestic
1009759,2011-01-01,1,mining_domestic
1011509,2011-01-01,1,mining_domestic
1012569,2011-01-01,1,mining_domestic
1021860,2011-01-01,1,mining_domestic
1022321,2011-01-01,1,mining_domestic
1022671,2011-01-01,1,mining_domestic
1023291,2011-01-01,1,mining_domestic
1025362,2011-01-01,1,mining_domestic
1030192,2011-01-01,1,mining_domestic
1031093,2011-01-01,1,mining_domestic
1031296,2011-01-01,1,mining_domestic
1035422,2011-01-01,1,mining_domestic
1036478,2011-01-01,1,mining_domestic
1037049,2011-01-01,1,mining_domestic
1037676,2011-01-01,1,mining_domestic
1040721,2011-01-01,1,mining_domestic
1041609,2011-01-01,1,mining_domestic
1042784,2011-01-01,1,mining_domestic
1044650,2011-01-01,1,mining_domestic
1045390,2011-01-01,1,mining_domestic
1045929,2011-01-01,1,mining_domestic
1046672,2011-01-01,1,mining_domestic
1049861,2011-01-01,1,mining_domestic
1057877,2011-01-01,1,mining_domestic
1060910,2011-01-01,1,mining_domestic
1064728,2011-01-01,1,mining_domestic
1066551,2011-01-01,1,mining_domestic
1070412,2011-01-01,1,mining_domestic
1071760,2011-01-01,1,mining_domestic
1072725,2011-01-01,1,mining_domestic
1076966,2011-01-01,1,mining_domestic
1080448,2011-01-01,1,mining_domestic
1080602,2011-01-01,1,mining_domestic
1081316,2011-01-01,1,mining_domestic
1083848,2011-01-01,1,mining_domestic
1084226,2011-01-01,1,mining_domestic
1084415,2011-01-01,1,mining_domestic
1084828,2011-01-01,1,mining_domestic
1086600,2011-01-01,1,mining_domestic
1088787,2011-01-01,1,mining_domestic
1089819,2011-01-01,1,mining_domestic
1091171,2011-01-01,1,mining_domestic
1093677,2011-01-01,1,mining_domestic
1096298,2011-01-01,1,mining_domestic
1096385,2011-01-01,1,mining_domestic
1096791,2011-01-01,1,mining_domestic
1098881,2011-01-01,1,mining_domestic
1099290,2011-01-01,1,mining_domestic
1100747,2011-01-01,1,mining_domestic
1100788,2011-01-01,1,mining_domestic
1102392,2011-01-01,1,mining_domestic
1102414,2011-01-01,1,mining_domestic
1103078,2011-01-01,1,mining_domestic
1104657,2011-01-01,1,mining_domestic
1110783,2011-01-01,1,mining_domestic
1111665,2011-01-01,1,mining_domestic
1111741,2011-01-01,1,mining_domestic
1111817,2011-01-01,1,mining_domestic
1112706,2011-01-01,1,mining_domestic
1116137,2011-01-01,1,mining_domestic
1120970,2011-01-01,1,mining_domestic
1121484,2011-01-01,1,mining_domestic
1123312,2011-01-01,1,mining_domestic
1123836,2011-01-01,1,mining_domestic
1124024,2011-01-01,1,mining_domestic
1129018,2011-01-01,1,mining_domestic
1130126,2011-01-01,1,mining_domestic
1130464,2011-01-01,1,mining_domestic
1131903,2011-01-01,1,mining_domestic
1132143,2011-01-01,1,mining_domestic
1135202,2011-01-01,1,mining_domestic
1136352,2011-01-01,1,mining_domestic
1137083,2011-01-01,1,mining_domestic
1137239,2011-01-01,1,mining_domestic
1137855,2011-01-01,1,mining_domestic
1144834,2011-01-01,1,mining_domestic
1144945,2011-01-01,1,mining_domestic
1145761,2011-01-01,1,mining_domestic
1159275,2011-01-01,1,mining_domestic
1160661,2011-01-01,1,mining_domestic
1160791,2011-01-01,1,mining_domestic
1161976,2011-01-01,1,mining_domestic
1162324,2011-01-01,1,mining_domestic
1162747,2011-01-01,1,mining_domestic
1163003,2011-01-01,1,mining_domestic
1163165,2011-01-01,1,mining_domestic
1163302,2011-01-01,1,mining_domestic
1164727,2011-01-01,1,mining_domestic
1166338,2011-01-01,1,mining_domestic
1167887,2011-01-01,1,mining_domestic
1168081,2011-01-01,1,mining_domestic
1168938,2011-01-01,1,mining_domestic
1171486,2011-01-01,1,mining_domestic
1176236,2011-01-01,1,mining_domestic
1182737,2011-01-01,1,mining_domestic
1211526,2011-01-01,1,mining_domestic
1221548,2011-01-01,1,mining_domestic
1227654,2011-01-01,1,mining_domestic
1255895,2011-01-01,1,mining_domestic
1257640,2011-01-01,1,mining_domestic
1261487,2011-01-01,1,mining_domestic
1262751,2011-01-01,1,mining_domestic
1272906,2011-01-01,1,mining_domestic
1273507,2011-01-01,1,mining_domestic
1275229,2011-01-01,1,mining_domestic
1276187,2011-01-01,1,mining_domestic
1280396,2011-01-01,1,mining_domestic
1284452,2011-01-01,1,mining_domestic
1284766,2011-01-01,1,mining_domestic
1285785,2011-01-01,1,mining_domestic
1286181,2011-01-01,1,mining_domestic
1288750,2011-01-01,1,mining_domestic
1288770,2011-01-01,1,mining_domestic
1297223,2011-01-01,1,mining_domestic
1297720,2011-01-01,1,mining_domestic
1301063,2011-01-01,1,mining_domestic
1302084,2011-01-01,1,mining_domestic
1304409,2011-01-01,1,mining_domestic
1318196,2011-01-01,1,mining_domestic
1319009,2011-01-01,1,mining_domestic
1319643,2011-01-01,1,mining_domestic
1320338,2011-01-01,1,mining_domestic
1320729,2011-01-01,1,mining_domestic
1320934,2011-01-01,1,mining_domestic
1324404,2011-01-01,1,mining_domestic
1327195,2011-01-01,1,mining_domestic
1329484,2011-01-01,1,mining_domestic
1330323,2011-01-01,1,mining_domestic
1333614,2011-01-01,1,mining_domestic
1334699,2011-01-01,1,mining_domestic
1334933,2011-01-01,1,mining_domestic
1335137,2011-01-01,1,mining_domestic
1336282,2011-01-01,1,mining_domestic
1342854,2011-01-01,1,mining_domestic
1342916,2011-01-01,1,mining_domestic
1343009,2011-01-01,1,mining_domestic
1344394,2011-01-01,1,mining_domestic
1344980,2011-01-01,1,mining_domestic
1346917,2011-01-01,1,mining_domestic
1348788,2011-01-01,1,mining_domestic
1350770,2011-01-01,1,mining_domestic
1351765,2011-01-01,1,mining_domestic
1353633,2011-01-01,1,mining_domestic
1354213,2011-01-01,1,mining_domestic
1354591,2011-01-01,1,mining_domestic
1355677,2011-01-01,1,mining_domestic
1358099,2011-01-01,1,mining_domestic
1358654,2011-01-01,1,mining_domestic
1360564,2011-01-01,1,mining_domestic
1363573,2011-01-01,1,mining_domestic
1366292,2011-01-01,1,mining_domestic
1366407,2011-01-01,1,mining_domestic
1366823,2011-01-01,1,mining_domestic
1366826,2011-01-01,1,mining_domestic
1368714,2011-01-01,1,mining_domestic
1369203,2011-01-01,1,mining_domestic
1371247,2011-01-01,1,mining_domestic
1371310,2011-01-01,1,mining_domestic
1371424,2011-01-01,1,mining_domestic
1372020,2011-01-01,1,mining_domestic
1372184,2011-01-01,1,mining_domestic
1372954,2011-01-01,1,mining_domestic
1373024,2011-01-01,1,mining_domestic
1373853,2011-01-01,1,mining_domestic
1375348,2011-01-01,1,mining_domestic
1375576,2011-01-01,1,mining_domestic
1375596,2011-01-01,1,mining_domestic
1376610,2011-01-01,1,mining_domestic
1376812,2011-01-01,1,mining_domestic
1379810,2011-01-01,1,mining_domestic
1380412,2011-01-01,1,mining_domestic
1380713,2011-01-01,1,mining_domestic
1382231,2011-01-01,1,mining_domestic
1382462,2011-01-01,1,mining_domestic
1383571,2011-01-01,1,mining_domestic
1383859,2011-01-01,1,mining_domestic
1385329,2011-01-01,1,mining_domestic
1387054,2011-01-01,1,mining_domestic
1387522,2011-01-01,1,mining_domestic
1388510,2011-01-01,1,mining_domestic
1389294,2011-01-01,1,mining_domestic
1389415,2011-01-01,1,mining_domestic
1391174,2011-01-01,1,mining_domestic
1391253,2011-01-01,1,mining_domestic
1392121,2011-01-01,1,mining_domestic
1392960,2011-01-01,1,mining_domestic
1393772,2011-01-01,1,mining_domestic
1393909,2011-01-01,1,mining_domestic
1394872,2011-01-01,1,mining_domestic
1396009,2011-01-01,1,mining_domestic
1396054,2011-01-01,1,mining_domestic
1396709,2011-01-01,1,mining_domestic
1398005,2011-01-01,1,mining_domestic
1399095,2011-01-01,1,mining_domestic
1401835,2011-01-01,1,mining_domestic
1402062,2011-01-01,1,mining_domestic
1402357,2011-01-01,1,mining_domestic
1402486,2011-01-01,1,mining_domestic
1403674,2011-01-01,1,mining_domestic
1404280,2011-01-01,1,mining_domestic
1404592,2011-01-01,1,mining_domestic
1405249,2011-01-01,1,mining_domestic
1407583,2011-01-01,1,mining_domestic
1407703,2011-01-01,1,mining_domestic
1408956,2011-01-01,1,mining_domestic
1409432,2011-01-01,1,mining_domestic
1409624,2011-01-01,1,mining_domestic
1411179,2011-01-01,1,mining_domestic
1412126,2011-01-01,1,mining_domestic
1412347,2011-01-01,1,mining_domestic
1415020,2011-01-01,1,mining_domestic
1415305,2011-01-01,1,mining_domestic
1415332,2011-01-01,1,mining_domestic
1415432,2011-01-01,1,mining_domestic
1416090,2011-01-01,1,mining_domestic
1416712,2011-01-01,1,mining_domestic
1417451,2011-01-01,1,mining_domestic
1418121,2011-01-01,1,mining_domestic
1419482,2011-01-01,1,mining_domestic
1419806,2011-01-01,1,mining_domestic
1421461,2011-01-01,1,mining_domestic
1421601,2011-01-01,1,mining_domestic
1421816,2011-01-01,1,mining_domestic
1421865,2011-01-01,1,mining_domestic
1421907,2011-01-01,1,mining_domestic
1422105,2011-01-01,1,mining_domestic
1422109,2011-01-01,1,mining_domestic
1422220,2011-01-01,1,mining_domestic
1423325,2011-01-01,1,mining_domestic
1423417,2011-01-01,1,mining_domestic
1424030,2011-01-01,1,mining_domestic
1424404,2011-01-01,1,mining_domestic
1424455,2011-01-01,1,mining_domestic
1424822,2011-01-01,1,mining_domestic
1425173,2011-01-01,1,mining_domestic
1425289,2011-01-01,1,mining_domestic
1425392,2011-01-01,1,mining_domestic
1426780,2011-01-01,1,mining_domestic
1427714,2011-01-01,1,mining_domestic
1428389,2011-01-01,1,mining_domestic
1430124,2011-01-01,1,mining_domestic
1430975,2011-01-01,1,mining_domestic
1431880,2011-01-01,1,mining_domestic
1432001,2011-01-01,1,mining_domestic
1434028,2011-01-01,1,mining_domestic
1434994,2011-01-01,1,mining_domestic
1435064,2011-01-01,1,mining_domestic
1435163,2011-01-01,1,mining_domestic
1435387,2011-01-01,1,mining_domestic
1435617,2011-01-01,1,mining_domestic
1435936,2011-01-01,1,mining_domestic
1436568,2011-01-01,1,mining_domestic
1437467,2011-01-01,1,mining_domestic
1437925,2011-01-01,1,mining_domestic
1438461,2011-01-01,1,mining_domestic
1438884,2011-01-01,1,mining_domestic
1439254,2011-01-01,1,mining_domestic
1439264,2011-01-01,1,mining_domestic
1439746,2011-01-01,1,mining_domestic
1440172,2011-01-01,1,mining_domestic
1441247,2011-01-01,1,mining_domestic
1441849,2011-01-01,1,mining_domestic
1442999,2011-01-01,1,mining_domestic
1443270,2011-01-01,1,mining_domestic
1444403,2011-01-01,1,mining_domestic
1444839,2011-01-01,1,mining_domestic
1445049,2011-01-01,1,mining_domestic
1445942,2011-01-01,1,mining_domestic
1448597,2011-01-01,1,mining_domestic
1448763,2011-01-01,1,mining_domestic
1450390,2011-01-01,1,mining_domestic
1450524,2011-01-01,1,mining_domestic
1450551,2011-01-01,1,mining_domestic
1450708,2011-01-01,1,mining_domestic
1451433,2011-01-01,1,mining_domestic
1453122,2011-01-01,1,mining_domestic
1453420,2011-01-01,1,mining_domestic
1453820,2011-01-01,1,mining_domestic
1454007,2011-01-01,1,mining_domestic
1454298,2011-01-01,1,mining_domestic
1456802,2011-01-01,1,mining_domestic
1459697,2011-01-01,1,mining_domestic
1464830,2011-01-01,1,mining_domestic
1471136,2011-01-01,1,mining_domestic
1473591,2011-01-01,1,mining_domestic
1473637,2011-01-01,1,mining_domestic
1477961,2011-01-01,1,mining_domestic
1486597,2011-01-01,1,mining_domestic
1487439,2011-01-01,1,mining_domestic
1489137,2011-01-01,1,mining_domestic
1490381,2011-01-01,1,mining_domestic
1490630,2011-01-01,1,mining_domestic
1490700,2011-01-01,1,mining_domestic
1490711,2011-01-01,1,mining_domestic
1493144,2011-01-01,1,mining_domestic
1493893,2011-01-01,1,mining_domestic
1494809,2011-01-01,1,mining_domestic
1496443,2011-01-01,1,mining_domestic
1497246,2011-01-01,1,mining_domestic
1498352,2011-01-01,1,mining_domestic
1499034,2011-01-01,1,mining_domestic
1501972,2011-01-01,1,mining_domestic
1502377,2011-01-01,1,mining_domestic
1502555,2011-01-01,1,mining_domestic
1506522,2011-01-01,1,mining_domestic
1506929,2011-01-01,1,mining_domestic
3153,2012-01-01,1,mining_domestic
4281,2012-01-01,1,mining_domestic
4904,2012-01-01,1,mining_domestic
6879,2012-01-01,1,mining_domestic
7332,2012-01-01,1,mining_domestic
8328,2012-01-01,1,mining_domestic
13033,2012-01-01,1,mining_domestic
18672,2012-01-01,1,mining_domestic
20947,2012-01-01,1,mining_domestic
22767,2012-01-01,1,mining_domestic
24104,2012-01-01,1,mining_domestic
29952,2012-01-01,1,mining_domestic
30554,2012-01-01,1,mining_domestic
33213,2012-01-01,1,mining_domestic
34088,2012-01-01,1,mining_domestic
37785,2012-01-01,1,mining_domestic
41091,2012-01-01,1,mining_domestic
43410,2012-01-01,1,mining_domestic
44545,2012-01-01,1,mining_domestic
45012,2012-01-01,1,mining_domestic
48898,2012-01-01,1,mining_domestic
49648,2012-01-01,1,mining_domestic
49938,2012-01-01,1,mining_domestic
50172,2012-01-01,1,mining_domestic
52988,2012-01-01,1,mining_domestic
53456,2012-01-01,1,mining_domestic
54441,2012-01-01,1,mining_domestic
55242,2012-01-01,1,mining_domestic
59255,2012-01-01,1,mining_domestic
59860,2012-01-01,1,mining_domestic
61398,2012-01-01,1,mining_domestic
64279,2012-01-01,1,mining_domestic
65172,2012-01-01,1,mining_domestic
65350,2012-01-01,1,mining_domestic
66649,2012-01-01,1,mining_domestic
66756,2012-01-01,1,mining_domestic
66904,2012-01-01,1,mining_domestic
67716,2012-01-01,1,mining_domestic
68145,2012-01-01,1,mining_domestic
69488,2012-01-01,1,mining_domestic
71180,2012-01-01,1,mining_domestic
72316,2012-01-01,1,mining_domestic
73960,2012-01-01,1,mining_domestic
73986,2012-01-01,1,mining_domestic
74046,2012-01-01,1,mining_domestic
75594,2012-01-01,1,mining_domestic
77227,2012-01-01,1,mining_domestic
81023,2012-01-01,1,mining_domestic
81027,2012-01-01,1,mining_domestic
82020,2012-01-01,1,mining_domestic
85535,2012-01-01,1,mining_domestic
87347,2012-01-01,1,mining_domestic
90144,2012-01-01,1,mining_domestic
91440,2012-01-01,1,mining_domestic
92122,2012-01-01,1,mining_domestic
92487,2012-01-01,1,mining_domestic
93410,2012-01-01,1,mining_domestic
95304,2012-01-01,1,mining_domestic
96223,2012-01-01,1,mining_domestic
96271,2012-01-01,1,mining_domestic
97216,2012-01-01,1,mining_domestic
100122,2012-01-01,1,mining_domestic
101390,2012-01-01,1,mining_domestic
101538,2012-01-01,1,mining_domestic
101594,2012-01-01,1,mining_domestic
101778,2012-01-01,1,mining_domestic
102379,2012-01-01,1,mining_domestic
103096,2012-01-01,1,mining_domestic
106455,2012-01-01,1,mining_domestic
107263,2012-01-01,1,mining_domestic
215466,2012-01-01,1,mining_domestic
277948,2012-01-01,1,mining_domestic
314203,2012-01-01,1,mining_domestic
315449,2012-01-01,1,mining_domestic
319671,2012-01-01,1,mining_domestic
350563,2012-01-01,1,mining_domestic
352049,2012-01-01,1,mining_domestic
353020,2012-01-01,1,mining_domestic
700815,2012-01-01,1,mining_domestic
711034,2012-01-01,1,mining_domestic
719413,2012-01-01,1,mining_domestic
726435,2012-01-01,1,mining_domestic
741508,2012-01-01,1,mining_domestic
746967,2012-01-01,1,mining_domestic
764065,2012-01-01,1,mining_domestic
773717,2012-01-01,1,mining_domestic
774937,2012-01-01,1,mining_domestic
778165,2012-01-01,1,mining_domestic
783324,2012-01-01,1,mining_domestic
784977,2012-01-01,1,mining_domestic
788965,2012-01-01,1,mining_domestic
789879,2012-01-01,1,mining_domestic
789933,2012-01-01,1,mining_domestic
790024,2012-01-01,1,mining_domestic
795255,2012-01-01,1,mining_domestic
801898,2012-01-01,1,mining_domestic
808362,2012-01-01,1,mining_domestic
813621,2012-01-01,1,mining_domestic
814904,2012-01-01,1,mining_domestic
821189,2012-01-01,1,mining_domestic
821899,2012-01-01,1,mining_domestic
823544,2012-01-01,1,mining_domestic
823768,2012-01-01,1,mining_domestic
830741,2012-01-01,1,mining_domestic
831259,2012-01-01,1,mining_domestic
831355,2012-01-01,1,mining_domestic
831641,2012-01-01,1,mining_domestic
837173,2012-01-01,1,mining_domestic
839470,2012-01-01,1,mining_domestic
844538,2012-01-01,1,mining_domestic
844788,2012-01-01,1,mining_domestic
849146,2012-01-01,1,mining_domestic
851726,2012-01-01,1,mining_domestic
855931,2012-01-01,1,mining_domestic
857501,2012-01-01,1,mining_domestic
859598,2012-01-01,1,mining_domestic
861459,2012-01-01,1,mining_domestic
862692,2012-01-01,1,mining_domestic
867687,2012-01-01,1,mining_domestic
873185,2012-01-01,1,mining_domestic
874792,2012-01-01,1,mining_domestic
879519,2012-01-01,1,mining_domestic
885462,2012-01-01,1,mining_domestic
888504,2012-01-01,1,mining_domestic
889331,2012-01-01,1,mining_domestic
891014,2012-01-01,1,mining_domestic
903571,2012-01-01,1,mining_domestic
916076,2012-01-01,1,mining_domestic
916863,2012-01-01,1,mining_domestic
917225,2012-01-01,1,mining_domestic
918160,2012-01-01,1,mining_domestic
918646,2012-01-01,1,mining_domestic
928375,2012-01-01,1,mining_domestic
931948,2012-01-01,1,mining_domestic
941138,2012-01-01,1,mining_domestic
1001838,2012-01-01,1,mining_domestic
1003344,2012-01-01,1,mining_domestic
1004411,2012-01-01,1,mining_domestic
1009759,2012-01-01,1,mining_domestic
1011509,2012-01-01,1,mining_domestic
1016708,2012-01-01,1,mining_domestic
1021860,2012-01-01,1,mining_domestic
1022321,2012-01-01,1,mining_domestic
1022671,2012-01-01,1,mining_domestic
1023291,2012-01-01,1,mining_domestic
1025362,2012-01-01,1,mining_domestic
1030192,2012-01-01,1,mining_domestic
1031093,2012-01-01,1,mining_domestic
1031296,2012-01-01,1,mining_domestic
1035422,2012-01-01,1,mining_domestic
1036478,2012-01-01,1,mining_domestic
1037049,2012-01-01,1,mining_domestic
1037676,2012-01-01,1,mining_domestic
1040721,2012-01-01,1,mining_domestic
1042784,2012-01-01,1,mining_domestic
1045390,2012-01-01,1,mining_domestic
1045929,2012-01-01,1,mining_domestic
1046672,2012-01-01,1,mining_domestic
1057327,2012-01-01,1,mining_domestic
1057877,2012-01-01,1,mining_domestic
1058307,2012-01-01,1,mining_domestic
1060910,2012-01-01,1,mining_domestic
1064728,2012-01-01,1,mining_domestic
1065696,2012-01-01,1,mining_domestic
1066551,2012-01-01,1,mining_domestic
1070412,2012-01-01,1,mining_domestic
1072725,2012-01-01,1,mining_domestic
1076966,2012-01-01,1,mining_domestic
1080319,2012-01-01,1,mining_domestic
1081316,2012-01-01,1,mining_domestic
1083410,2012-01-01,1,mining_domestic
1083848,2012-01-01,1,mining_domestic
1086600,2012-01-01,1,mining_domestic
1089819,2012-01-01,1,mining_domestic
1091171,2012-01-01,1,mining_domestic
1093903,2012-01-01,1,mining_domestic
1096298,2012-01-01,1,mining_domestic
1096385,2012-01-01,1,mining_domestic
1099290,2012-01-01,1,mining_domestic
1100734,2012-01-01,1,mining_domestic
1100747,2012-01-01,1,mining_domestic
1102392,2012-01-01,1,mining_domestic
1102414,2012-01-01,1,mining_domestic
1104657,2012-01-01,1,mining_domestic
1108426,2012-01-01,1,mining_domestic
1110783,2012-01-01,1,mining_domestic
1111665,2012-01-01,1,mining_domestic
1111741,2012-01-01,1,mining_domestic
1111817,2012-01-01,1,mining_domestic
1112706,2012-01-01,1,mining_domestic
1120970,2012-01-01,1,mining_domestic
1121484,2012-01-01,1,mining_domestic
1123312,2012-01-01,1,mining_domestic
1124019,2012-01-01,1,mining_domestic
1124024,2012-01-01,1,mining_domestic
1129018,2012-01-01,1,mining_domestic
1130464,2012-01-01,1,mining_domestic
1131903,2012-01-01,1,mining_domestic
1132143,2012-01-01,1,mining_domestic
1135202,2012-01-01,1,mining_domestic
1136352,2012-01-01,1,mining_domestic
1137083,2012-01-01,1,mining_domestic
1137855,2012-01-01,1,mining_domestic
1144834,2012-01-01,1,mining_domestic
1144945,2012-01-01,1,mining_domestic
1145761,2012-01-01,1,mining_domestic
1159275,2012-01-01,1,mining_domestic
1160661,2012-01-01,1,mining_domestic
1160791,2012-01-01,1,mining_domestic
1162324,2012-01-01,1,mining_domestic
1163003,2012-01-01,1,mining_domestic
1163165,2012-01-01,1,mining_domestic
1164727,2012-01-01,1,mining_domestic
1166036,2012-01-01,1,mining_domestic
1166338,2012-01-01,1,mining_domestic
1168081,2012-01-01,1,mining_domestic
1171486,2012-01-01,1,mining_domestic
1176236,2012-01-01,1,mining_domestic
1182737,2012-01-01,1,mining_domestic
1221548,2012-01-01,1,mining_domestic
1227654,2012-01-01,1,mining_domestic
1255895,2012-01-01,1,mining_domestic
1257640,2012-01-01,1,mining_domestic
1261487,2012-01-01,1,mining_domestic
1262751,2012-01-01,1,mining_domestic
1272906,2012-01-01,1,mining_domestic
1275229,2012-01-01,1,mining_domestic
1284452,2012-01-01,1,mining_domestic
1284766,2012-01-01,1,mining_domestic
1285785,2012-01-01,1,mining_domestic
1286181,2012-01-01,1,mining_domestic
1288750,2012-01-01,1,mining_domestic
1288770,2012-01-01,1,mining_domestic
1289223,2012-01-01,1,mining_domestic
1297223,2012-01-01,1,mining_domestic
1297704,2012-01-01,1,mining_domestic
1297720,2012-01-01,1,mining_domestic
1301063,2012-01-01,1,mining_domestic
1301299,2012-01-01,1,mining_domestic
1302084,2012-01-01,1,mining_domestic
1304409,2012-01-01,1,mining_domestic
1304464,2012-01-01,1,mining_domestic
1309082,2012-01-01,1,mining_domestic
1310630,2012-01-01,1,mining_domestic
1319009,2012-01-01,1,mining_domestic
1320729,2012-01-01,1,mining_domestic
1324404,2012-01-01,1,mining_domestic
1326205,2012-01-01,1,mining_domestic
1329484,2012-01-01,1,mining_domestic
1330323,2012-01-01,1,mining_domestic
1330622,2012-01-01,1,mining_domestic
1333614,2012-01-01,1,mining_domestic
1334699,2012-01-01,1,mining_domestic
1334933,2012-01-01,1,mining_domestic
1335137,2012-01-01,1,mining_domestic
1336282,2012-01-01,1,mining_domestic
1342854,2012-01-01,1,mining_domestic
1343009,2012-01-01,1,mining_domestic
1344394,2012-01-01,1,mining_domestic
1344980,2012-01-01,1,mining_domestic
1346346,2012-01-01,1,mining_domestic
1348788,2012-01-01,1,mining_domestic
1351765,2012-01-01,1,mining_domestic
1353633,2012-01-01,1,mining_domestic
1354213,2012-01-01,1,mining_domestic
1354591,2012-01-01,1,mining_domestic
1355677,2012-01-01,1,mining_domestic
1358654,2012-01-01,1,mining_domestic
1360564,2012-01-01,1,mining_domestic
1360752,2012-01-01,1,mining_domestic
1363573,2012-01-01,1,mining_domestic
1366407,2012-01-01,1,mining_domestic
1368714,2012-01-01,1,mining_domestic
1369203,2012-01-01,1,mining_domestic
1371424,2012-01-01,1,mining_domestic
1372020,2012-01-01,1,mining_domestic
1372184,2012-01-01,1,mining_domestic
1373690,2012-01-01,1,mining_domestic
1373792,2012-01-01,1,mining_domestic
1373853,2012-01-01,1,mining_domestic
1375348,2012-01-01,1,mining_domestic
1375576,2012-01-01,1,mining_domestic
1375596,2012-01-01,1,mining_domestic
1376610,2012-01-01,1,mining_domestic
1376812,2012-01-01,1,mining_domestic
1378948,2012-01-01,1,mining_domestic
1379043,2012-01-01,1,mining_domestic
1379699,2012-01-01,1,mining_domestic
1380412,2012-01-01,1,mining_domestic
1380713,2012-01-01,1,mining_domestic
1381807,2012-01-01,1,mining_domestic
1382462,2012-01-01,1,mining_domestic
1383571,2012-01-01,1,mining_domestic
1383859,2012-01-01,1,mining_domestic
1385329,2012-01-01,1,mining_domestic
1387054,2012-01-01,1,mining_domestic
1387522,2012-01-01,1,mining_domestic
1389294,2012-01-01,1,mining_domestic
1389415,2012-01-01,1,mining_domestic
1391142,2012-01-01,1,mining_domestic
1392121,2012-01-01,1,mining_domestic
1392960,2012-01-01,1,mining_domestic
1393772,2012-01-01,1,mining_domestic
1393909,2012-01-01,1,mining_domestic
1394872,2012-01-01,1,mining_domestic
1398005,2012-01-01,1,mining_domestic
1399095,2012-01-01,1,mining_domestic
1401670,2012-01-01,1,mining_domestic
1401835,2012-01-01,1,mining_domestic
1402062,2012-01-01,1,mining_domestic
1402357,2012-01-01,1,mining_domestic
1402371,2012-01-01,1,mining_domestic
1402486,2012-01-01,1,mining_domestic
1403674,2012-01-01,1,mining_domestic
1404280,2012-01-01,1,mining_domestic
1404592,2012-01-01,1,mining_domestic
1407583,2012-01-01,1,mining_domestic
1407703,2012-01-01,1,mining_domestic
1408146,2012-01-01,1,mining_domestic
1408300,2012-01-01,1,mining_domestic
1408956,2012-01-01,1,mining_domestic
1409432,2012-01-01,1,mining_domestic
1409624,2012-01-01,1,mining_domestic
1412126,2012-01-01,1,mining_domestic
1412347,2012-01-01,1,mining_domestic
1413299,2012-01-01,1,mining_domestic
1414043,2012-01-01,1,mining_domestic
1415020,2012-01-01,1,mining_domestic
1415305,2012-01-01,1,mining_domestic
1415332,2012-01-01,1,mining_domestic
1415432,2012-01-01,1,mining_domestic
1415744,2012-01-01,1,mining_domestic
1415952,2012-01-01,1,mining_domestic
1416090,2012-01-01,1,mining_domestic
1417451,2012-01-01,1,mining_domestic
1419482,2012-01-01,1,mining_domestic
1419806,2012-01-01,1,mining_domestic
1421461,2012-01-01,1,mining_domestic
1421816,2012-01-01,1,mining_domestic
1421865,2012-01-01,1,mining_domestic
1421907,2012-01-01,1,mining_domestic
1422105,2012-01-01,1,mining_domestic
1423325,2012-01-01,1,mining_domestic
1423417,2012-01-01,1,mining_domestic
1424030,2012-01-01,1,mining_domestic
1424404,2012-01-01,1,mining_domestic
1424864,2012-01-01,1,mining_domestic
1425173,2012-01-01,1,mining_domestic
1425289,2012-01-01,1,mining_domestic
1425392,2012-01-01,1,mining_domestic
1426506,2012-01-01,1,mining_domestic
1427714,2012-01-01,1,mining_domestic
1428389,2012-01-01,1,mining_domestic
1430124,2012-01-01,1,mining_domestic
1430174,2012-01-01,1,mining_domestic
1430975,2012-01-01,1,mining_domestic
1431880,2012-01-01,1,mining_domestic
1432001,2012-01-01,1,mining_domestic
1432196,2012-01-01,1,mining_domestic
1434028,2012-01-01,1,mining_domestic
1434740,2012-01-01,1,mining_domestic
1434994,2012-01-01,1,mining_domestic
1435064,2012-01-01,1,mining_domestic
1435617,2012-01-01,1,mining_domestic
1435936,2012-01-01,1,mining_domestic
1436174,2012-01-01,1,mining_domestic
1436568,2012-01-01,1,mining_domestic
1437467,2012-01-01,1,mining_domestic
1437925,2012-01-01,1,mining_domestic
1438673,2012-01-01,1,mining_domestic
1438884,2012-01-01,1,mining_domestic
1440208,2012-01-01,1,mining_domestic
1441849,2012-01-01,1,mining_domestic
1443270,2012-01-01,1,mining_domestic
1444403,2012-01-01,1,mining_domestic
1444839,2012-01-01,1,mining_domestic
1445049,2012-01-01,1,mining_domestic
1445815,2012-01-01,1,mining_domestic
1445942,2012-01-01,1,mining_domestic
1446414,2012-01-01,1,mining_domestic
1448597,2012-01-01,1,mining_domestic
1448763,2012-01-01,1,mining_domestic
1450524,2012-01-01,1,mining_domestic
1450551,2012-01-01,1,mining_domestic
1450708,2012-01-01,1,mining_domestic
1451433,2012-01-01,1,mining_domestic
1452274,2012-01-01,1,mining_domestic
1453122,2012-01-01,1,mining_domestic
1453420,2012-01-01,1,mining_domestic
1454007,2012-01-01,1,mining_domestic
1454298,2012-01-01,1,mining_domestic
1456802,2012-01-01,1,mining_domestic
1459697,2012-01-01,1,mining_domestic
1464343,2012-01-01,1,mining_domestic
1464830,2012-01-01,1,mining_domestic
1464865,2012-01-01,1,mining_domestic
1471136,2012-01-01,1,mining_domestic
1473591,2012-01-01,1,mining_domestic
1475430,2012-01-01,1,mining_domestic
1477032,2012-01-01,1,mining_domestic
1477961,2012-01-01,1,mining_domestic
1484674,2012-01-01,1,mining_domestic
1489137,2012-01-01,1,mining_domestic
1490381,2012-01-01,1,mining_domestic
1490630,2012-01-01,1,mining_domestic
1490700,2012-01-01,1,mining_domestic
1490711,2012-01-01,1,mining_domestic
1490949,2012-01-01,1,mining_domestic
1492448,2012-01-01,1,mining_domestic
1492850,2012-01-01,1,mining_domestic
1493144,2012-01-01,1,mining_domestic
1493893,2012-01-01,1,mining_domestic
1494809,2012-01-01,1,mining_domestic
1495648,2012-01-01,1,mining_domestic
1497246,2012-01-01,1,mining_domestic
1497316,2012-01-01,1,mining_domestic
1499275,2012-01-01,1,mining_domestic
1499467,2012-01-01,1,mining_domestic
1501845,2012-01-01,1,mining_domestic
1501972,2012-01-01,1,mining_domestic
1502377,2012-01-01,1,mining_domestic
1502555,2012-01-01,1,mining_domestic
1502656,2012-01-01,1,mining_domestic
1506929,2012-01-01,1,mining_domestic
1507718,2012-01-01,1,mining_domestic
1508933,2012-01-01,1,mining_domestic
1510295,2012-01-01,1,mining_domestic
1510524,2012-01-01,1,mining_domestic
1511325,2012-01-01,1,mining_domestic
1514705,2012-01-01,1,mining_domestic
1515317,2012-01-01,1,mining_domestic
1517526,2012-01-01,1,mining_domestic
1518380,2012-01-01,1,mining_domestic
1522164,2012-01-01,1,mining_domestic
1522182,2012-01-01,1,mining_domestic
1522538,2012-01-01,1,mining_domestic
1524741,2012-01-01,1,mining_domestic
1527624,2012-01-01,1,mining_domestic
1529293,2012-01-01,1,mining_domestic
3153,2013-01-01,1,mining_domestic
4281,2013-01-01,1,mining_domestic
4904,2013-01-01,1,mining_domestic
5656,2013-01-01,1,mining_domestic
6879,2013-01-01,1,mining_domestic
7332,2013-01-01,1,mining_domestic
8328,2013-01-01,1,mining_domestic
16040,2013-01-01,1,mining_domestic
18672,2013-01-01,1,mining_domestic
22767,2013-01-01,1,mining_domestic
24104,2013-01-01,1,mining_domestic
29952,2013-01-01,1,mining_domestic
30554,2013-01-01,1,mining_domestic
33213,2013-01-01,1,mining_domestic
34088,2013-01-01,1,mining_domestic
37785,2013-01-01,1,mining_domestic
41091,2013-01-01,1,mining_domestic
43410,2013-01-01,1,mining_domestic
44545,2013-01-01,1,mining_domestic
45012,2013-01-01,1,mining_domestic
48898,2013-01-01,1,mining_domestic
49648,2013-01-01,1,mining_domestic
49938,2013-01-01,1,mining_domestic
50172,2013-01-01,1,mining_domestic
52988,2013-01-01,1,mining_domestic
53456,2013-01-01,1,mining_domestic
54441,2013-01-01,1,mining_domestic
55242,2013-01-01,1,mining_domestic
59255,2013-01-01,1,mining_domestic
59860,2013-01-01,1,mining_domestic
61398,2013-01-01,1,mining_domestic
64279,2013-01-01,1,mining_domestic
65172,2013-01-01,1,mining_domestic
66649,2013-01-01,1,mining_domestic
66756,2013-01-01,1,mining_domestic
66904,2013-01-01,1,mining_domestic
67716,2013-01-01,1,mining_domestic
69488,2013-01-01,1,mining_domestic
71180,2013-01-01,1,mining_domestic
72316,2013-01-01,1,mining_domestic
73960,2013-01-01,1,mining_domestic
73986,2013-01-01,1,mining_domestic
74046,2013-01-01,1,mining_domestic
75594,2013-01-01,1,mining_domestic
81023,2013-01-01,1,mining_domestic
81027,2013-01-01,1,mining_domestic
82020,2013-01-01,1,mining_domestic
85535,2013-01-01,1,mining_domestic
87347,2013-01-01,1,mining_domestic
90144,2013-01-01,1,mining_domestic
91440,2013-01-01,1,mining_domestic
92122,2013-01-01,1,mining_domestic
92487,2013-01-01,1,mining_domestic
93410,2013-01-01,1,mining_domestic
96223,2013-01-01,1,mining_domestic
96271,2013-01-01,1,mining_domestic
97216,2013-01-01,1,mining_domestic
98246,2013-01-01,1,mining_domestic
100122,2013-01-01,1,mining_domestic
101390,2013-01-01,1,mining_domestic
101538,2013-01-01,1,mining_domestic
101594,2013-01-01,1,mining_domestic
101778,2013-01-01,1,mining_domestic
102379,2013-01-01,1,mining_domestic
103096,2013-01-01,1,mining_domestic
106455,2013-01-01,1,mining_domestic
107263,2013-01-01,1,mining_domestic
201779,2013-01-01,1,mining_domestic
215466,2013-01-01,1,mining_domestic
277948,2013-01-01,1,mining_domestic
314203,2013-01-01,1,mining_domestic
315449,2013-01-01,1,mining_domestic
319671,2013-01-01,1,mining_domestic
350563,2013-01-01,1,mining_domestic
353020,2013-01-01,1,mining_domestic
700815,2013-01-01,1,mining_domestic
711034,2013-01-01,1,mining_domestic
719413,2013-01-01,1,mining_domestic
726435,2013-01-01,1,mining_domestic
741508,2013-01-01,1,mining_domestic
746967,2013-01-01,1,mining_domestic
757011,2013-01-01,1,mining_domestic
764065,2013-01-01,1,mining_domestic
783284,2013-01-01,1,mining_domestic
783324,2013-01-01,1,mining_domestic
784977,2013-01-01,1,mining_domestic
788965,2013-01-01,1,mining_domestic
789879,2013-01-01,1,mining_domestic
789933,2013-01-01,1,mining_domestic
795255,2013-01-01,1,mining_domestic
801898,2013-01-01,1,mining_domestic
808362,2013-01-01,1,mining_domestic
813621,2013-01-01,1,mining_domestic
814904,2013-01-01,1,mining_domestic
821189,2013-01-01,1,mining_domestic
823544,2013-01-01,1,mining_domestic
823768,2013-01-01,1,mining_domestic
826326,2013-01-01,1,mining_domestic
830741,2013-01-01,1,mining_domestic
831259,2013-01-01,1,mining_domestic
831355,2013-01-01,1,mining_domestic
831641,2013-01-01,1,mining_domestic
837173,2013-01-01,1,mining_domestic
839470,2013-01-01,1,mining_domestic
844538,2013-01-01,1,mining_domestic
844788,2013-01-01,1,mining_domestic
849146,2013-01-01,1,mining_domestic
851726,2013-01-01,1,mining_domestic
855931,2013-01-01,1,mining_domestic
859598,2013-01-01,1,mining_domestic
861459,2013-01-01,1,mining_domestic
862692,2013-01-01,1,mining_domestic
867773,2013-01-01,1,mining_domestic
873185,2013-01-01,1,mining_domestic
874792,2013-01-01,1,mining_domestic
879519,2013-01-01,1,mining_domestic
880285,2013-01-01,1,mining_domestic
885462,2013-01-01,1,mining_domestic
888504,2013-01-01,1,mining_domestic
889331,2013-01-01,1,mining_domestic
891014,2013-01-01,1,mining_domestic
892553,2013-01-01,1,mining_domestic
903571,2013-01-01,1,mining_domestic
914329,2013-01-01,1,mining_domestic
916076,2013-01-01,1,mining_domestic
917225,2013-01-01,1,mining_domestic
918160,2013-01-01,1,mining_domestic
918646,2013-01-01,1,mining_domestic
922011,2013-01-01,1,mining_domestic
931948,2013-01-01,1,mining_domestic
941138,2013-01-01,1,mining_domestic
1001838,2013-01-01,1,mining_domestic
1003344,2013-01-01,1,mining_domestic
1009759,2013-01-01,1,mining_domestic
1011509,2013-01-01,1,mining_domestic
1012620,2013-01-01,1,mining_domestic
1016708,2013-01-01,1,mining_domestic
1017290,2013-01-01,1,mining_domestic
1021860,2013-01-01,1,mining_domestic
1022321,2013-01-01,1,mining_domestic
1022671,2013-01-01,1,mining_domestic
1023291,2013-01-01,1,mining_domestic
1025362,2013-01-01,1,mining_domestic
1030192,2013-01-01,1,mining_domestic
1031093,2013-01-01,1,mining_domestic
1031296,2013-01-01,1,mining_domestic
1035422,2013-01-01,1,mining_domestic
1037049,2013-01-01,1,mining_domestic
1037676,2013-01-01,1,mining_domestic
1038357,2013-01-01,1,mining_domestic
1040721,2013-01-01,1,mining_domestic
1042784,2013-01-01,1,mining_domestic
1045929,2013-01-01,1,mining_domestic
1046672,2013-01-01,1,mining_domestic
1048268,2013-01-01,1,mining_domestic
1057877,2013-01-01,1,mining_domestic
1058307,2013-01-01,1,mining_domestic
1060910,2013-01-01,1,mining_domestic
1064728,2013-01-01,1,mining_domestic
1070412,2013-01-01,1,mining_domestic
1071760,2013-01-01,1,mining_domestic
1076966,2013-01-01,1,mining_domestic
1080319,2013-01-01,1,mining_domestic
1081316,2013-01-01,1,mining_domestic
1083848,2013-01-01,1,mining_domestic
1084226,2013-01-01,1,mining_domestic
1086600,2013-01-01,1,mining_domestic
1089819,2013-01-01,1,mining_domestic
1091171,2013-01-01,1,mining_domestic
1096296,2013-01-01,1,mining_domestic
1096385,2013-01-01,1,mining_domestic
1099290,2013-01-01,1,mining_domestic
1100734,2013-01-01,1,mining_domestic
1100747,2013-01-01,1,mining_domestic
1102392,2013-01-01,1,mining_domestic
1104657,2013-01-01,1,mining_domestic
1108426,2013-01-01,1,mining_domestic
1110783,2013-01-01,1,mining_domestic
1111665,2013-01-01,1,mining_domestic
1111741,2013-01-01,1,mining_domestic
1112706,2013-01-01,1,mining_domestic
1120970,2013-01-01,1,mining_domestic
1121484,2013-01-01,1,mining_domestic
1123312,2013-01-01,1,mining_domestic
1124019,2013-01-01,1,mining_domestic
1124024,2013-01-01,1,mining_domestic
1129542,2013-01-01,1,mining_domestic
1130464,2013-01-01,1,mining_domestic
1132143,2013-01-01,1,mining_domestic
1133798,2013-01-01,1,mining_domestic
1134115,2013-01-01,1,mining_domestic
1135202,2013-01-01,1,mining_domestic
1137083,2013-01-01,1,mining_domestic
1137855,2013-01-01,1,mining_domestic
1141787,2013-01-01,1,mining_domestic
1144834,2013-01-01,1,mining_domestic
1144945,2013-01-01,1,mining_domestic
1145761,2013-01-01,1,mining_domestic
1159275,2013-01-01,1,mining_domestic
1160661,2013-01-01,1,mining_domestic
1160791,2013-01-01,1,mining_domestic
1162324,2013-01-01,1,mining_domestic
1163165,2013-01-01,1,mining_domestic
1163300,2013-01-01,1,mining_domestic
1164727,2013-01-01,1,mining_domestic
1166036,2013-01-01,1,mining_domestic
1166338,2013-01-01,1,mining_domestic
1167886,2013-01-01,1,mining_domestic
1168081,2013-01-01,1,mining_domestic
1171486,2013-01-01,1,mining_domestic
1173911,2013-01-01,1,mining_domestic
1182737,2013-01-01,1,mining_domestic
1221548,2013-01-01,1,mining_domestic
1227654,2013-01-01,1,mining_domestic
1239188,2013-01-01,1,mining_domestic
1257640,2013-01-01,1,mining_domestic
1261487,2013-01-01,1,mining_domestic
1275229,2013-01-01,1,mining_domestic
1284452,2013-01-01,1,mining_domestic
1284766,2013-01-01,1,mining_domestic
1285785,2013-01-01,1,mining_domestic
1286181,2013-01-01,1,mining_domestic
1288750,2013-01-01,1,mining_domestic
1289046,2013-01-01,1,mining_domestic
1289223,2013-01-01,1,mining_domestic
1297223,2013-01-01,1,mining_domestic
1297704,2013-01-01,1,mining_domestic
1297720,2013-01-01,1,mining_domestic
1301063,2013-01-01,1,mining_domestic
1301838,2013-01-01,1,mining_domestic
1302084,2013-01-01,1,mining_domestic
1304409,2013-01-01,1,mining_domestic
1309082,2013-01-01,1,mining_domestic
1310630,2013-01-01,1,mining_domestic
1319009,2013-01-01,1,mining_domestic
1320729,2013-01-01,1,mining_domestic
1324404,2013-01-01,1,mining_domestic
1326205,2013-01-01,1,mining_domestic
1333614,2013-01-01,1,mining_domestic
1334699,2013-01-01,1,mining_domestic
1335137,2013-01-01,1,mining_domestic
1342854,2013-01-01,1,mining_domestic
1343009,2013-01-01,1,mining_domestic
1344394,2013-01-01,1,mining_domestic
1344980,2013-01-01,1,mining_domestic
1346346,2013-01-01,1,mining_domestic
1351765,2013-01-01,1,mining_domestic
1352302,2013-01-01,1,mining_domestic
1355677,2013-01-01,1,mining_domestic
1355732,2013-01-01,1,mining_domestic
1358654,2013-01-01,1,mining_domestic
1360752,2013-01-01,1,mining_domestic
1363573,2013-01-01,1,mining_domestic
1366407,2013-01-01,1,mining_domestic
1368055,2013-01-01,1,mining_domestic
1369203,2013-01-01,1,mining_domestic
1371424,2013-01-01,1,mining_domestic
1372020,2013-01-01,1,mining_domestic
1372184,2013-01-01,1,mining_domestic
1375348,2013-01-01,1,mining_domestic
1375576,2013-01-01,1,mining_domestic
1376610,2013-01-01,1,mining_domestic
1376812,2013-01-01,1,mining_domestic
1378948,2013-01-01,1,mining_domestic
1379043,2013-01-01,1,mining_domestic
1381807,2013-01-01,1,mining_domestic
1382462,2013-01-01,1,mining_domestic
1383571,2013-01-01,1,mining_domestic
1383859,2013-01-01,1,mining_domestic
1385329,2013-01-01,1,mining_domestic
1387054,2013-01-01,1,mining_domestic
1389294,2013-01-01,1,mining_domestic
1389415,2013-01-01,1,mining_domestic
1391142,2013-01-01,1,mining_domestic
1392121,2013-01-01,1,mining_domestic
1392902,2013-01-01,1,mining_domestic
1392960,2013-01-01,1,mining_domestic
1393403,2013-01-01,1,mining_domestic
1393909,2013-01-01,1,mining_domestic
1394872,2013-01-01,1,mining_domestic
1398005,2013-01-01,1,mining_domestic
1399095,2013-01-01,1,mining_domestic
1401670,2013-01-01,1,mining_domestic
1401835,2013-01-01,1,mining_domestic
1402062,2013-01-01,1,mining_domestic
1402371,2013-01-01,1,mining_domestic
1402486,2013-01-01,1,mining_domestic
1404280,2013-01-01,1,mining_domestic
1404592,2013-01-01,1,mining_domestic
1406588,2013-01-01,1,mining_domestic
1407583,2013-01-01,1,mining_domestic
1407703,2013-01-01,1,mining_domestic
1408146,2013-01-01,1,mining_domestic
1408300,2013-01-01,1,mining_domestic
1408956,2013-01-01,1,mining_domestic
1409432,2013-01-01,1,mining_domestic
1409624,2013-01-01,1,mining_domestic
1412126,2013-01-01,1,mining_domestic
1412347,2013-01-01,1,mining_domestic
1413299,2013-01-01,1,mining_domestic
1414043,2013-01-01,1,mining_domestic
1415020,2013-01-01,1,mining_domestic
1415305,2013-01-01,1,mining_domestic
1415332,2013-01-01,1,mining_domestic
1415432,2013-01-01,1,mining_domestic
1415543,2013-01-01,1,mining_domestic
1415744,2013-01-01,1,mining_domestic
1416090,2013-01-01,1,mining_domestic
1419482,2013-01-01,1,mining_domestic
1421461,2013-01-01,1,mining_domestic
1421601,2013-01-01,1,mining_domestic
1421907,2013-01-01,1,mining_domestic
1422105,2013-01-01,1,mining_domestic
1423325,2013-01-01,1,mining_domestic
1423417,2013-01-01,1,mining_domestic
1423586,2013-01-01,1,mining_domestic
1424030,2013-01-01,1,mining_domestic
1424404,2013-01-01,1,mining_domestic
1424455,2013-01-01,1,mining_domestic
1425289,2013-01-01,1,mining_domestic
1426506,2013-01-01,1,mining_domestic
1427714,2013-01-01,1,mining_domestic
1428389,2013-01-01,1,mining_domestic
1429373,2013-01-01,1,mining_domestic
1430174,2013-01-01,1,mining_domestic
1431880,2013-01-01,1,mining_domestic
1432001,2013-01-01,1,mining_domestic
1432196,2013-01-01,1,mining_domestic
1434740,2013-01-01,1,mining_domestic
1434994,2013-01-01,1,mining_domestic
1435617,2013-01-01,1,mining_domestic
1435936,2013-01-01,1,mining_domestic
1436309,2013-01-01,1,mining_domestic
1437467,2013-01-01,1,mining_domestic
1437925,2013-01-01,1,mining_domestic
1438673,2013-01-01,1,mining_domestic
1439264,2013-01-01,1,mining_domestic
1440208,2013-01-01,1,mining_domestic
1441849,2013-01-01,1,mining_domestic
1444839,2013-01-01,1,mining_domestic
1445049,2013-01-01,1,mining_domestic
1445815,2013-01-01,1,mining_domestic
1445942,2013-01-01,1,mining_domestic
1448597,2013-01-01,1,mining_domestic
1448763,2013-01-01,1,mining_domestic
1450524,2013-01-01,1,mining_domestic
1450708,2013-01-01,1,mining_domestic
1451433,2013-01-01,1,mining_domestic
1453122,2013-01-01,1,mining_domestic
1454007,2013-01-01,1,mining_domestic
1456802,2013-01-01,1,mining_domestic
1458581,2013-01-01,1,mining_domestic
1459697,2013-01-01,1,mining_domestic
1464343,2013-01-01,1,mining_domestic
1464830,2013-01-01,1,mining_domestic
1464865,2013-01-01,1,mining_domestic
1466593,2013-01-01,1,mining_domestic
1473591,2013-01-01,1,mining_domestic
1475065,2013-01-01,1,mining_domestic
1475430,2013-01-01,1,mining_domestic
1477032,2013-01-01,1,mining_domestic
1477168,2013-01-01,1,mining_domestic
1484674,2013-01-01,1,mining_domestic
1485156,2013-01-01,1,mining_domestic
1486315,2013-01-01,1,mining_domestic
1489137,2013-01-01,1,mining_domestic
1489300,2013-01-01,1,mining_domestic
1490630,2013-01-01,1,mining_domestic
1490949,2013-01-01,1,mining_domestic
1492541,2013-01-01,1,mining_domestic
1492850,2013-01-01,1,mining_domestic
1493144,2013-01-01,1,mining_domestic
1493893,2013-01-01,1,mining_domestic
1495648,2013-01-01,1,mining_domestic
1497046,2013-01-01,1,mining_domestic
1497316,2013-01-01,1,mining_domestic
1499197,2013-01-01,1,mining_domestic
1499275,2013-01-01,1,mining_domestic
1501845,2013-01-01,1,mining_domestic
1501972,2013-01-01,1,mining_domestic
1502377,2013-01-01,1,mining_domestic
1502555,2013-01-01,1,mining_domestic
1504937,2013-01-01,1,mining_domestic
1506503,2013-01-01,1,mining_domestic
1506522,2013-01-01,1,mining_domestic
1506929,2013-01-01,1,mining_domestic
1507196,2013-01-01,1,mining_domestic
1507718,2013-01-01,1,mining_domestic
1508128,2013-01-01,1,mining_domestic
1510295,2013-01-01,1,mining_domestic
1510524,2013-01-01,1,mining_domestic
1511325,2013-01-01,1,mining_domestic
1514324,2013-01-01,1,mining_domestic
1514705,2013-01-01,1,mining_domestic
1515317,2013-01-01,1,mining_domestic
1517990,2013-01-01,1,mining_domestic
1522164,2013-01-01,1,mining_domestic
1522182,2013-01-01,1,mining_domestic
1522538,2013-01-01,1,mining_domestic
1524741,2013-01-01,1,mining_domestic
1525221,2013-01-01,1,mining_domestic
1526726,2013-01-01,1,mining_domestic
1527624,2013-01-01,1,mining_domestic
1529293,2013-01-01,1,mining_domestic
1530804,2013-01-01,1,mining_domestic
1531433,2013-01-01,1,mining_domestic
1532828,2013-01-01,1,mining_domestic
1533357,2013-01-01,1,mining_domestic
1540684,2013-01-01,1,mining_domestic
1540947,2013-01-01,1,mining_domestic
1542628,2013-01-01,1,mining_domestic
1543395,2013-01-01,1,mining_domestic
1543418,2013-01-01,1,mining_domestic
1543637,2013-01-01,1,mining_domestic
1545312,2013-01-01,1,mining_domestic
1549848,2013-01-01,1,mining_domestic
1551887,2013-01-01,1,mining_domestic
1552946,2013-01-01,1,mining_domestic
1557421,2013-01-01,1,mining_domestic
1561697,2013-01-01,1,mining_domestic
1566265,2013-01-01,1,mining_domestic
3153,2014-01-01,1,mining_domestic
4281,2014-01-01,1,mining_domestic
4904,2014-01-01,1,mining_domestic
5656,2014-01-01,1,mining_domestic
6879,2014-01-01,1,mining_domestic
7039,2014-01-01,1,mining_domestic
7332,2014-01-01,1,mining_domestic
8328,2014-01-01,1,mining_domestic
16040,2014-01-01,1,mining_domestic
18672,2014-01-01,1,mining_domestic
22767,2014-01-01,1,mining_domestic
24104,2014-01-01,1,mining_domestic
29952,2014-01-01,1,mining_domestic
30554,2014-01-01,1,mining_domestic
33213,2014-01-01,1,mining_domestic
34088,2014-01-01,1,mining_domestic
37785,2014-01-01,1,mining_domestic
41091,2014-01-01,1,mining_domestic
43410,2014-01-01,1,mining_domestic
44545,2014-01-01,1,mining_domestic
45012,2014-01-01,1,mining_domestic
48898,2014-01-01,1,mining_domestic
49648,2014-01-01,1,mining_domestic
49938,2014-01-01,1,mining_domestic
50172,2014-01-01,1,mining_domestic
52988,2014-01-01,1,mining_domestic
54441,2014-01-01,1,mining_domestic
59255,2014-01-01,1,mining_domestic
59860,2014-01-01,1,mining_domestic
65172,2014-01-01,1,mining_domestic
66649,2014-01-01,1,mining_domestic
66756,2014-01-01,1,mining_domestic
66904,2014-01-01,1,mining_domestic
67716,2014-01-01,1,mining_domestic
69488,2014-01-01,1,mining_domestic
71180,2014-01-01,1,mining_domestic
73986,2014-01-01,1,mining_domestic
74046,2014-01-01,1,mining_domestic
75594,2014-01-01,1,mining_domestic
81023,2014-01-01,1,mining_domestic
81027,2014-01-01,1,mining_domestic
82020,2014-01-01,1,mining_domestic
85535,2014-01-01,1,mining_domestic
87347,2014-01-01,1,mining_domestic
91440,2014-01-01,1,mining_domestic
92122,2014-01-01,1,mining_domestic
92416,2014-01-01,1,mining_domestic
92487,2014-01-01,1,mining_domestic
93410,2014-01-01,1,mining_domestic
96271,2014-01-01,1,mining_domestic
98246,2014-01-01,1,mining_domestic
100122,2014-01-01,1,mining_domestic
101390,2014-01-01,1,mining_domestic
101538,2014-01-01,1,mining_domestic
101594,2014-01-01,1,mining_domestic
101778,2014-01-01,1,mining_domestic
102379,2014-01-01,1,mining_domestic
103096,2014-01-01,1,mining_domestic
106455,2014-01-01,1,mining_domestic
107263,2014-01-01,1,mining_domestic
201779,2014-01-01,1,mining_domestic
215466,2014-01-01,1,mining_domestic
277948,2014-01-01,1,mining_domestic
314203,2014-01-01,1,mining_domestic
315449,2014-01-01,1,mining_domestic
319671,2014-01-01,1,mining_domestic
350563,2014-01-01,1,mining_domestic
353020,2014-01-01,1,mining_domestic
711034,2014-01-01,1,mining_domestic
719413,2014-01-01,1,mining_domestic
726435,2014-01-01,1,mining_domestic
746967,2014-01-01,1,mining_domestic
757011,2014-01-01,1,mining_domestic
764065,2014-01-01,1,mining_domestic
773717,2014-01-01,1,mining_domestic
783324,2014-01-01,1,mining_domestic
784977,2014-01-01,1,mining_domestic
788965,2014-01-01,1,mining_domestic
789933,2014-01-01,1,mining_domestic
798528,2014-01-01,1,mining_domestic
801898,2014-01-01,1,mining_domestic
808362,2014-01-01,1,mining_domestic
813621,2014-01-01,1,mining_domestic
814904,2014-01-01,1,mining_domestic
821189,2014-01-01,1,mining_domestic
821899,2014-01-01,1,mining_domestic
823768,2014-01-01,1,mining_domestic
826326,2014-01-01,1,mining_domestic
831259,2014-01-01,1,mining_domestic
831355,2014-01-01,1,mining_domestic
831641,2014-01-01,1,mining_domestic
837173,2014-01-01,1,mining_domestic
839470,2014-01-01,1,mining_domestic
844788,2014-01-01,1,mining_domestic
849146,2014-01-01,1,mining_domestic
851726,2014-01-01,1,mining_domestic
855931,2014-01-01,1,mining_domestic
861459,2014-01-01,1,mining_domestic
862692,2014-01-01,1,mining_domestic
874792,2014-01-01,1,mining_domestic
879519,2014-01-01,1,mining_domestic
880285,2014-01-01,1,mining_domestic
885462,2014-01-01,1,mining_domestic
888504,2014-01-01,1,mining_domestic
889331,2014-01-01,1,mining_domestic
891014,2014-01-01,1,mining_domestic
892553,2014-01-01,1,mining_domestic
916076,2014-01-01,1,mining_domestic
917225,2014-01-01,1,mining_domestic
918160,2014-01-01,1,mining_domestic
918646,2014-01-01,1,mining_domestic
922011,2014-01-01,1,mining_domestic
931948,2014-01-01,1,mining_domestic
941138,2014-01-01,1,mining_domestic
1001838,2014-01-01,1,mining_domestic
1003344,2014-01-01,1,mining_domestic
1009759,2014-01-01,1,mining_domestic
1012620,2014-01-01,1,mining_domestic
1017290,2014-01-01,1,mining_domestic
1021860,2014-01-01,1,mining_domestic
1022321,2014-01-01,1,mining_domestic
1022671,2014-01-01,1,mining_domestic
1023291,2014-01-01,1,mining_domestic
1025362,2014-01-01,1,mining_domestic
1031093,2014-01-01,1,mining_domestic
1031296,2014-01-01,1,mining_domestic
1035422,2014-01-01,1,mining_domestic
1037049,2014-01-01,1,mining_domestic
1037676,2014-01-01,1,mining_domestic
1038357,2014-01-01,1,mining_domestic
1040721,2014-01-01,1,mining_domestic
1042784,2014-01-01,1,mining_domestic
1045929,2014-01-01,1,mining_domestic
1048268,2014-01-01,1,mining_domestic
1057877,2014-01-01,1,mining_domestic
1058307,2014-01-01,1,mining_domestic
1060910,2014-01-01,1,mining_domestic
1064728,2014-01-01,1,mining_domestic
1070412,2014-01-01,1,mining_domestic
1071760,2014-01-01,1,mining_domestic
1080319,2014-01-01,1,mining_domestic
1080448,2014-01-01,1,mining_domestic
1081316,2014-01-01,1,mining_domestic
1083848,2014-01-01,1,mining_domestic
1084226,2014-01-01,1,mining_domestic
1086600,2014-01-01,1,mining_domestic
1086745,2014-01-01,1,mining_domestic
1089819,2014-01-01,1,mining_domestic
1091171,2014-01-01,1,mining_domestic
1096296,2014-01-01,1,mining_domestic
1096385,2014-01-01,1,mining_domestic
1098881,2014-01-01,1,mining_domestic
1099290,2014-01-01,1,mining_domestic
1099568,2014-01-01,1,mining_domestic
1100734,2014-01-01,1,mining_domestic
1100747,2014-01-01,1,mining_domestic
1102392,2014-01-01,1,mining_domestic
1103384,2014-01-01,1,mining_domestic
1104657,2014-01-01,1,mining_domestic
1108426,2014-01-01,1,mining_domestic
1110783,2014-01-01,1,mining_domestic
1111665,2014-01-01,1,mining_domestic
1111741,2014-01-01,1,mining_domestic
1120970,2014-01-01,1,mining_domestic
1121484,2014-01-01,1,mining_domestic
1122904,2014-01-01,1,mining_domestic
1123312,2014-01-01,1,mining_domestic
1124024,2014-01-01,1,mining_domestic
1129542,2014-01-01,1,mining_domestic
1130464,2014-01-01,1,mining_domestic
1132143,2014-01-01,1,mining_domestic
1133798,2014-01-01,1,mining_domestic
1134115,2014-01-01,1,mining_domestic
1135202,2014-01-01,1,mining_domestic
1137855,2014-01-01,1,mining_domestic
1144945,2014-01-01,1,mining_domestic
1145761,2014-01-01,1,mining_domestic
1159275,2014-01-01,1,mining_domestic
1160661,2014-01-01,1,mining_domestic
1160791,2014-01-01,1,mining_domestic
1162324,2014-01-01,1,mining_domestic
1163300,2014-01-01,1,mining_domestic
1163302,2014-01-01,1,mining_domestic
1164727,2014-01-01,1,mining_domestic
1166036,2014-01-01,1,mining_domestic
1166338,2014-01-01,1,mining_domestic
1167886,2014-01-01,1,mining_domestic
1168081,2014-01-01,1,mining_domestic
1171486,2014-01-01,1,mining_domestic
1173420,2014-01-01,1,mining_domestic
1173911,2014-01-01,1,mining_domestic
1182737,2014-01-01,1,mining_domestic
1221548,2014-01-01,1,mining_domestic
1227654,2014-01-01,1,mining_domestic
1239188,2014-01-01,1,mining_domestic
1257640,2014-01-01,1,mining_domestic
1261487,2014-01-01,1,mining_domestic
1275229,2014-01-01,1,mining_domestic
1284452,2014-01-01,1,mining_domestic
1284766,2014-01-01,1,mining_domestic
1286181,2014-01-01,1,mining_domestic
1288750,2014-01-01,1,mining_domestic
1297223,2014-01-01,1,mining_domestic
1301063,2014-01-01,1,mining_domestic
1301838,2014-01-01,1,mining_domestic
1302084,2014-01-01,1,mining_domestic
1304409,2014-01-01,1,mining_domestic
1304741,2014-01-01,1,mining_domestic
1310497,2014-01-01,1,mining_domestic
1310630,2014-01-01,1,mining_domestic
1319009,2014-01-01,1,mining_domestic
1324404,2014-01-01,1,mining_domestic
1326205,2014-01-01,1,mining_domestic
1329136,2014-01-01,1,mining_domestic
1333614,2014-01-01,1,mining_domestic
1334699,2014-01-01,1,mining_domestic
1334933,2014-01-01,1,mining_domestic
1342854,2014-01-01,1,mining_domestic
1343009,2014-01-01,1,mining_domestic
1344980,2014-01-01,1,mining_domestic
1346346,2014-01-01,1,mining_domestic
1352302,2014-01-01,1,mining_domestic
1354591,2014-01-01,1,mining_domestic
1355677,2014-01-01,1,mining_domestic
1355732,2014-01-01,1,mining_domestic
1358654,2014-01-01,1,mining_domestic
1363573,2014-01-01,1,mining_domestic
1366407,2014-01-01,1,mining_domestic
1371424,2014-01-01,1,mining_domestic
1375205,2014-01-01,1,mining_domestic
1375348,2014-01-01,1,mining_domestic
1375576,2014-01-01,1,mining_domestic
1376610,2014-01-01,1,mining_domestic
1381447,2014-01-01,1,mining_domestic
1382462,2014-01-01,1,mining_domestic
1383571,2014-01-01,1,mining_domestic
1383756,2014-01-01,1,mining_domestic
1383859,2014-01-01,1,mining_domestic
1385329,2014-01-01,1,mining_domestic
1387054,2014-01-01,1,mining_domestic
1390533,2014-01-01,1,mining_domestic
1392960,2014-01-01,1,mining_domestic
1393403,2014-01-01,1,mining_domestic
1394872,2014-01-01,1,mining_domestic
1398005,2014-01-01,1,mining_domestic
1399306,2014-01-01,1,mining_domestic
1401670,2014-01-01,1,mining_domestic
1401835,2014-01-01,1,mining_domestic
1402062,2014-01-01,1,mining_domestic
1402486,2014-01-01,1,mining_domestic
1404280,2014-01-01,1,mining_domestic
1404592,2014-01-01,1,mining_domestic
1407343,2014-01-01,1,mining_domestic
1407583,2014-01-01,1,mining_domestic
1407703,2014-01-01,1,mining_domestic
1408146,2014-01-01,1,mining_domestic
1408300,2014-01-01,1,mining_domestic
1408956,2014-01-01,1,mining_domestic
1409171,2014-01-01,1,mining_domestic
1409432,2014-01-01,1,mining_domestic
1409624,2014-01-01,1,mining_domestic
1412347,2014-01-01,1,mining_domestic
1413299,2014-01-01,1,mining_domestic
1413659,2014-01-01,1,mining_domestic
1414043,2014-01-01,1,mining_domestic
1415020,2014-01-01,1,mining_domestic
1415332,2014-01-01,1,mining_domestic
1415744,2014-01-01,1,mining_domestic
1416090,2014-01-01,1,mining_domestic
1419482,2014-01-01,1,mining_domestic
1419806,2014-01-01,1,mining_domestic
1421461,2014-01-01,1,mining_domestic
1421601,2014-01-01,1,mining_domestic
1421865,2014-01-01,1,mining_domestic
1422105,2014-01-01,1,mining_domestic
1423325,2014-01-01,1,mining_domestic
1423417,2014-01-01,1,mining_domestic
1423586,2014-01-01,1,mining_domestic
1424030,2014-01-01,1,mining_domestic
1424404,2014-01-01,1,mining_domestic
1424455,2014-01-01,1,mining_domestic
1425289,2014-01-01,1,mining_domestic
1426506,2014-01-01,1,mining_domestic
1427644,2014-01-01,1,mining_domestic
1430174,2014-01-01,1,mining_domestic
1432001,2014-01-01,1,mining_domestic
1432196,2014-01-01,1,mining_domestic
1434994,2014-01-01,1,mining_domestic
1435064,2014-01-01,1,mining_domestic
1435617,2014-01-01,1,mining_domestic
1435936,2014-01-01,1,mining_domestic
1436229,2014-01-01,1,mining_domestic
1437925,2014-01-01,1,mining_domestic
1440208,2014-01-01,1,mining_domestic
1441849,2014-01-01,1,mining_domestic
1444839,2014-01-01,1,mining_domestic
1445049,2014-01-01,1,mining_domestic
1445815,2014-01-01,1,mining_domestic
1445942,2014-01-01,1,mining_domestic
1448597,2014-01-01,1,mining_domestic
1448763,2014-01-01,1,mining_domestic
1450524,2014-01-01,1,mining_domestic
1450708,2014-01-01,1,mining_domestic
1451433,2014-01-01,1,mining_domestic
1453122,2014-01-01,1,mining_domestic
1456802,2014-01-01,1,mining_domestic
1462013,2014-01-01,1,mining_domestic
1464343,2014-01-01,1,mining_domestic
1464830,2014-01-01,1,mining_domestic
1473591,2014-01-01,1,mining_domestic
1475065,2014-01-01,1,mining_domestic
1477168,2014-01-01,1,mining_domestic
1484674,2014-01-01,1,mining_domestic
1485156,2014-01-01,1,mining_domestic
1489137,2014-01-01,1,mining_domestic
1489300,2014-01-01,1,mining_domestic
1490630,2014-01-01,1,mining_domestic
1490949,2014-01-01,1,mining_domestic
1493144,2014-01-01,1,mining_domestic
1493893,2014-01-01,1,mining_domestic
1495648,2014-01-01,1,mining_domestic
1497046,2014-01-01,1,mining_domestic
1497316,2014-01-01,1,mining_domestic
1501845,2014-01-01,1,mining_domestic
1501972,2014-01-01,1,mining_domestic
1502377,2014-01-01,1,mining_domestic
1502555,2014-01-01,1,mining_domestic
1506503,2014-01-01,1,mining_domestic
1506929,2014-01-01,1,mining_domestic
1507196,2014-01-01,1,mining_domestic
1507718,2014-01-01,1,mining_domestic
1508128,2014-01-01,1,mining_domestic
1510295,2014-01-01,1,mining_domestic
1512787,2014-01-01,1,mining_domestic
1514324,2014-01-01,1,mining_domestic
1514705,2014-01-01,1,mining_domestic
1515317,2014-01-01,1,mining_domestic
1522182,2014-01-01,1,mining_domestic
1524741,2014-01-01,1,mining_domestic
1525221,2014-01-01,1,mining_domestic
1528356,2014-01-01,1,mining_domestic
1530804,2014-01-01,1,mining_domestic
1531433,2014-01-01,1,mining_domestic
1532288,2014-01-01,1,mining_domestic
1533357,2014-01-01,1,mining_domestic
1540684,2014-01-01,1,mining_domestic
1542628,2014-01-01,1,mining_domestic
1543395,2014-01-01,1,mining_domestic
1543418,2014-01-01,1,mining_domestic
1543637,2014-01-01,1,mining_domestic
1545312,2014-01-01,1,mining_domestic
1549848,2014-01-01,1,mining_domestic
1552164,2014-01-01,1,mining_domestic
1552719,2014-01-01,1,mining_domestic
1555177,2014-01-01,1,mining_domestic
1555538,2014-01-01,1,mining_domestic
1563315,2014-01-01,1,mining_domestic
1566265,2014-01-01,1,mining_domestic
1569389,2014-01-01,1,mining_domestic
1571274,2014-01-01,1,mining_domestic
1571371,2014-01-01,1,mining_domestic
1572317,2014-01-01,1,mining_domestic
1572386,2014-01-01,1,mining_domestic
1575051,2014-01-01,1,mining_domestic
1578523,2014-01-01,1,mining_domestic
1584509,2014-01-01,1,mining_domestic
1588238,2014-01-01,1,mining_domestic
3153,2015-01-01,1,mining_domestic
4281,2015-01-01,1,mining_domestic
4904,2015-01-01,1,mining_domestic
5656,2015-01-01,1,mining_domestic
6879,2015-01-01,1,mining_domestic
7039,2015-01-01,1,mining_domestic
7332,2015-01-01,1,mining_domestic
8328,2015-01-01,1,mining_domestic
16040,2015-01-01,1,mining_domestic
18672,2015-01-01,1,mining_domestic
22767,2015-01-01,1,mining_domestic
24104,2015-01-01,1,mining_domestic
29952,2015-01-01,1,mining_domestic
30554,2015-01-01,1,mining_domestic
33213,2015-01-01,1,mining_domestic
34088,2015-01-01,1,mining_domestic
37785,2015-01-01,1,mining_domestic
41091,2015-01-01,1,mining_domestic
43410,2015-01-01,1,mining_domestic
44545,2015-01-01,1,mining_domestic
45012,2015-01-01,1,mining_domestic
48898,2015-01-01,1,mining_domestic
49648,2015-01-01,1,mining_domestic
49938,2015-01-01,1,mining_domestic
50172,2015-01-01,1,mining_domestic
52988,2015-01-01,1,mining_domestic
54441,2015-01-01,1,mining_domestic
59255,2015-01-01,1,mining_domestic
59860,2015-01-01,1,mining_domestic
65172,2015-01-01,1,mining_domestic
66649,2015-01-01,1,mining_domestic
66756,2015-01-01,1,mining_domestic
66904,2015-01-01,1,mining_domestic
67716,2015-01-01,1,mining_domestic
69488,2015-01-01,1,mining_domestic
73986,2015-01-01,1,mining_domestic
74046,2015-01-01,1,mining_domestic
75594,2015-01-01,1,mining_domestic
81023,2015-01-01,1,mining_domestic
81027,2015-01-01,1,mining_domestic
82020,2015-01-01,1,mining_domestic
85535,2015-01-01,1,mining_domestic
87347,2015-01-01,1,mining_domestic
91440,2015-01-01,1,mining_domestic
92122,2015-01-01,1,mining_domestic
92416,2015-01-01,1,mining_domestic
92487,2015-01-01,1,mining_domestic
93410,2015-01-01,1,mining_domestic
96271,2015-01-01,1,mining_domestic
98246,2015-01-01,1,mining_domestic
100122,2015-01-01,1,mining_domestic
101390,2015-01-01,1,mining_domestic
101538,2015-01-01,1,mining_domestic
101594,2015-01-01,1,mining_domestic
101778,2015-01-01,1,mining_domestic
103096,2015-01-01,1,mining_domestic
106455,2015-01-01,1,mining_domestic
107263,2015-01-01,1,mining_domestic
201779,2015-01-01,1,mining_domestic
215466,2015-01-01,1,mining_domestic
277948,2015-01-01,1,mining_domestic
314203,2015-01-01,1,mining_domestic
315449,2015-01-01,1,mining_domestic
319671,2015-01-01,1,mining_domestic
350563,2015-01-01,1,mining_domestic
711034,2015-01-01,1,mining_domestic
719413,2015-01-01,1,mining_domestic
726435,2015-01-01,1,mining_domestic
757011,2015-01-01,1,mining_domestic
764065,2015-01-01,1,mining_domestic
773717,2015-01-01,1,mining_domestic
783324,2015-01-01,1,mining_domestic
784977,2015-01-01,1,mining_domestic
788340,2015-01-01,1,mining_domestic
788965,2015-01-01,1,mining_domestic
789933,2015-01-01,1,mining_domestic
798528,2015-01-01,1,mining_domestic
801898,2015-01-01,1,mining_domestic
808362,2015-01-01,1,mining_domestic
821189,2015-01-01,1,mining_domestic
823768,2015-01-01,1,mining_domestic
826326,2015-01-01,1,mining_domestic
831259,2015-01-01,1,mining_domestic
831355,2015-01-01,1,mining_domestic
831641,2015-01-01,1,mining_domestic
837173,2015-01-01,1,mining_domestic
839470,2015-01-01,1,mining_domestic
844059,2015-01-01,1,mining_domestic
849146,2015-01-01,1,mining_domestic
855931,2015-01-01,1,mining_domestic
857501,2015-01-01,1,mining_domestic
861459,2015-01-01,1,mining_domestic
862692,2015-01-01,1,mining_domestic
874792,2015-01-01,1,mining_domestic
879519,2015-01-01,1,mining_domestic
885462,2015-01-01,1,mining_domestic
888504,2015-01-01,1,mining_domestic
889331,2015-01-01,1,mining_domestic
891014,2015-01-01,1,mining_domestic
892553,2015-01-01,1,mining_domestic
895126,2015-01-01,1,mining_domestic
916076,2015-01-01,1,mining_domestic
917225,2015-01-01,1,mining_domestic
918160,2015-01-01,1,mining_domestic
918646,2015-01-01,1,mining_domestic
923680,2015-01-01,1,mining_domestic
931948,2015-01-01,1,mining_domestic
1001838,2015-01-01,1,mining_domestic
1003344,2015-01-01,1,mining_domestic
1009759,2015-01-01,1,mining_domestic
1010858,2015-01-01,1,mining_domestic
1012620,2015-01-01,1,mining_domestic
1017290,2015-01-01,1,mining_domestic
1022321,2015-01-01,1,mining_domestic
1022671,2015-01-01,1,mining_domestic
1023291,2015-01-01,1,mining_domestic
1025362,2015-01-01,1,mining_domestic
1030192,2015-01-01,1,mining_domestic
1031093,2015-01-01,1,mining_domestic
1031296,2015-01-01,1,mining_domestic
1037676,2015-01-01,1,mining_domestic
1038357,2015-01-01,1,mining_domestic
1042784,2015-01-01,1,mining_domestic
1045929,2015-01-01,1,mining_domestic
1057877,2015-01-01,1,mining_domestic
1064728,2015-01-01,1,mining_domestic
1070412,2015-01-01,1,mining_domestic
1080448,2015-01-01,1,mining_domestic
1081316,2015-01-01,1,mining_domestic
1084226,2015-01-01,1,mining_domestic
1086600,2015-01-01,1,mining_domestic
1088787,2015-01-01,1,mining_domestic
1089819,2015-01-01,1,mining_domestic
1091171,2015-01-01,1,mining_domestic
1091748,2015-01-01,1,mining_domestic
1098881,2015-01-01,1,mining_domestic
1099290,2015-01-01,1,mining_domestic
1099568,2015-01-01,1,mining_domestic
1100734,2015-01-01,1,mining_domestic
1102392,2015-01-01,1,mining_domestic
1102414,2015-01-01,1,mining_domestic
1103384,2015-01-01,1,mining_domestic
1104657,2015-01-01,1,mining_domestic
1108426,2015-01-01,1,mining_domestic
1110783,2015-01-01,1,mining_domestic
1111665,2015-01-01,1,mining_domestic
1111741,2015-01-01,1,mining_domestic
1120970,2015-01-01,1,mining_domestic
1123312,2015-01-01,1,mining_domestic
1130464,2015-01-01,1,mining_domestic
1133798,2015-01-01,1,mining_domestic
1134115,2015-01-01,1,mining_domestic
1159275,2015-01-01,1,mining_domestic
1160661,2015-01-01,1,mining_domestic
1160791,2015-01-01,1,mining_domestic
1162324,2015-01-01,1,mining_domestic
1163300,2015-01-01,1,mining_domestic
1163302,2015-01-01,1,mining_domestic
1164727,2015-01-01,1,mining_domestic
1166036,2015-01-01,1,mining_domestic
1166338,2015-01-01,1,mining_domestic
1168081,2015-01-01,1,mining_domestic
1171008,2015-01-01,1,mining_domestic
1171486,2015-01-01,1,mining_domestic
1172178,2015-01-01,1,mining_domestic
1173420,2015-01-01,1,mining_domestic
1182737,2015-01-01,1,mining_domestic
1227654,2015-01-01,1,mining_domestic
1239188,2015-01-01,1,mining_domestic
1257640,2015-01-01,1,mining_domestic
1261487,2015-01-01,1,mining_domestic
1275229,2015-01-01,1,mining_domestic
1284766,2015-01-01,1,mining_domestic
1285785,2015-01-01,1,mining_domestic
1286181,2015-01-01,1,mining_domestic
1288750,2015-01-01,1,mining_domestic
1289046,2015-01-01,1,mining_domestic
1297223,2015-01-01,1,mining_domestic
1301063,2015-01-01,1,mining_domestic
1301075,2015-01-01,1,mining_domestic
1301838,2015-01-01,1,mining_domestic
1302084,2015-01-01,1,mining_domestic
1304409,2015-01-01,1,mining_domestic
1304741,2015-01-01,1,mining_domestic
1310630,2015-01-01,1,mining_domestic
1319009,2015-01-01,1,mining_domestic
1333614,2015-01-01,1,mining_domestic
1334699,2015-01-01,1,mining_domestic
1334933,2015-01-01,1,mining_domestic
1338613,2015-01-01,1,mining_domestic
1344980,2015-01-01,1,mining_domestic
1346346,2015-01-01,1,mining_domestic
1355677,2015-01-01,1,mining_domestic
1355732,2015-01-01,1,mining_domestic
1358654,2015-01-01,1,mining_domestic
1366407,2015-01-01,1,mining_domestic
1373690,2015-01-01,1,mining_domestic
1375205,2015-01-01,1,mining_domestic
1375348,2015-01-01,1,mining_domestic
1375576,2015-01-01,1,mining_domestic
1375618,2015-01-01,1,mining_domestic
1376610,2015-01-01,1,mining_domestic
1381447,2015-01-01,1,mining_domestic
1383571,2015-01-01,1,mining_domestic
1383859,2015-01-01,1,mining_domestic
1385329,2015-01-01,1,mining_domestic
1385544,2015-01-01,1,mining_domestic
1387054,2015-01-01,1,mining_domestic
1392960,2015-01-01,1,mining_domestic
1394872,2015-01-01,1,mining_domestic
1401835,2015-01-01,1,mining_domestic
1402062,2015-01-01,1,mining_domestic
1403676,2015-01-01,1,mining_domestic
1404592,2015-01-01,1,mining_domestic
1405663,2015-01-01,1,mining_domestic
1407583,2015-01-01,1,mining_domestic
1407703,2015-01-01,1,mining_domestic
1408146,2015-01-01,1,mining_domestic
1408956,2015-01-01,1,mining_domestic
1409171,2015-01-01,1,mining_domestic
1412126,2015-01-01,1,mining_domestic
1412347,2015-01-01,1,mining_domestic
1415020,2015-01-01,1,mining_domestic
1415332,2015-01-01,1,mining_domestic
1415744,2015-01-01,1,mining_domestic
1416090,2015-01-01,1,mining_domestic
1419806,2015-01-01,1,mining_domestic
1421461,2015-01-01,1,mining_domestic
1421601,2015-01-01,1,mining_domestic
1422105,2015-01-01,1,mining_domestic
1423325,2015-01-01,1,mining_domestic
1423417,2015-01-01,1,mining_domestic
1423586,2015-01-01,1,mining_domestic
1425289,2015-01-01,1,mining_domestic
1427644,2015-01-01,1,mining_domestic
1428389,2015-01-01,1,mining_domestic
1430174,2015-01-01,1,mining_domestic
1432001,2015-01-01,1,mining_domestic
1432196,2015-01-01,1,mining_domestic
1434994,2015-01-01,1,mining_domestic
1435064,2015-01-01,1,mining_domestic
1436229,2015-01-01,1,mining_domestic
1437925,2015-01-01,1,mining_domestic
1441849,2015-01-01,1,mining_domestic
1445049,2015-01-01,1,mining_domestic
1445815,2015-01-01,1,mining_domestic
1445942,2015-01-01,1,mining_domestic
1448597,2015-01-01,1,mining_domestic
1450524,2015-01-01,1,mining_domestic
1451433,2015-01-01,1,mining_domestic
1453122,2015-01-01,1,mining_domestic
1464343,2015-01-01,1,mining_domestic
1477168,2015-01-01,1,mining_domestic
1489096,2015-01-01,1,mining_domestic
1489137,2015-01-01,1,mining_domestic
1489300,2015-01-01,1,mining_domestic
1490630,2015-01-01,1,mining_domestic
1490949,2015-01-01,1,mining_domestic
1493893,2015-01-01,1,mining_domestic
1495648,2015-01-01,1,mining_domestic
1497316,2015-01-01,1,mining_domestic
1501972,2015-01-01,1,mining_domestic
1502377,2015-01-01,1,mining_domestic
1506503,2015-01-01,1,mining_domestic
1506929,2015-01-01,1,mining_domestic
1507964,2015-01-01,1,mining_domestic
1510295,2015-01-01,1,mining_domestic
1512787,2015-01-01,1,mining_domestic
1514324,2015-01-01,1,mining_domestic
1514705,2015-01-01,1,mining_domestic
1515317,2015-01-01,1,mining_domestic
1520006,2015-01-01,1,mining_domestic
1522182,2015-01-01,1,mining_domestic
1524741,2015-01-01,1,mining_domestic
1527795,2015-01-01,1,mining_domestic
1528356,2015-01-01,1,mining_domestic
1530804,2015-01-01,1,mining_domestic
1532288,2015-01-01,1,mining_domestic
1532828,2015-01-01,1,mining_domestic
1533357,2015-01-01,1,mining_domestic
1540684,2015-01-01,1,mining_domestic
1540729,2015-01-01,1,mining_domestic
1543395,2015-01-01,1,mining_domestic
1543418,2015-01-01,1,mining_domestic
1543637,2015-01-01,1,mining_domestic
1545232,2015-01-01,1,mining_domestic
1549848,2015-01-01,1,mining_domestic
1551887,2015-01-01,1,mining_domestic
1555177,2015-01-01,1,mining_domestic
1555538,2015-01-01,1,mining_domestic
1563315,2015-01-01,1,mining_domestic
1569389,2015-01-01,1,mining_domestic
1571274,2015-01-01,1,mining_domestic
1571371,2015-01-01,1,mining_domestic
1572386,2015-01-01,1,mining_domestic
1575051,2015-01-01,1,mining_domestic
1575858,2015-01-01,1,mining_domestic
1578523,2015-01-01,1,mining_domestic
1578731,2015-01-01,1,mining_domestic
1582919,2015-01-01,1,mining_domestic
1584509,2015-01-01,1,mining_domestic
1588238,2015-01-01,1,mining_domestic
1590584,2015-01-01,1,mining_domestic
1598683,2015-01-01,1,mining_domestic
1600470,2015-01-01,1,mining_domestic
1607741,2015-01-01,1,mining_domestic
1609880,2015-01-01,1,mining_domestic
1612851,2015-01-01,1,mining_domestic
1620908,2015-01-01,1,mining_domestic
1620928,2015-01-01,1,mining_domestic
1629210,2015-01-01,1,mining_domestic
3153,2016-01-01,1,mining_domestic
4281,2016-01-01,1,mining_domestic
4904,2016-01-01,1,mining_domestic
5656,2016-01-01,1,mining_domestic
6879,2016-01-01,1,mining_domestic
7039,2016-01-01,1,mining_domestic
7286,2016-01-01,1,mining_domestic
7332,2016-01-01,1,mining_domestic
8328,2016-01-01,1,mining_domestic
16040,2016-01-01,1,mining_domestic
18230,2016-01-01,1,mining_domestic
18672,2016-01-01,1,mining_domestic
22767,2016-01-01,1,mining_domestic
24104,2016-01-01,1,mining_domestic
29952,2016-01-01,1,mining_domestic
30554,2016-01-01,1,mining_domestic
31978,2016-01-01,1,mining_domestic
33213,2016-01-01,1,mining_domestic
34088,2016-01-01,1,mining_domestic
37785,2016-01-01,1,mining_domestic
41091,2016-01-01,1,mining_domestic
44545,2016-01-01,1,mining_domestic
45012,2016-01-01,1,mining_domestic
48898,2016-01-01,1,mining_domestic
49648,2016-01-01,1,mining_domestic
50172,2016-01-01,1,mining_domestic
52988,2016-01-01,1,mining_domestic
59255,2016-01-01,1,mining_domestic
59860,2016-01-01,1,mining_domestic
60714,2016-01-01,1,mining_domestic
65172,2016-01-01,1,mining_domestic
66649,2016-01-01,1,mining_domestic
66756,2016-01-01,1,mining_domestic
66904,2016-01-01,1,mining_domestic
67716,2016-01-01,1,mining_domestic
69488,2016-01-01,1,mining_domestic
71180,2016-01-01,1,mining_domestic
73986,2016-01-01,1,mining_domestic
74046,2016-01-01,1,mining_domestic
75594,2016-01-01,1,mining_domestic
81023,2016-01-01,1,mining_domestic
81027,2016-01-01,1,mining_domestic
82020,2016-01-01,1,mining_domestic
85535,2016-01-01,1,mining_domestic
87347,2016-01-01,1,mining_domestic
90144,2016-01-01,1,mining_domestic
91440,2016-01-01,1,mining_domestic
92122,2016-01-01,1,mining_domestic
92416,2016-01-01,1,mining_domestic
92487,2016-01-01,1,mining_domestic
96271,2016-01-01,1,mining_domestic
98246,2016-01-01,1,mining_domestic
100122,2016-01-01,1,mining_domestic
101538,2016-01-01,1,mining_domestic
101594,2016-01-01,1,mining_domestic
101778,2016-01-01,1,mining_domestic
102729,2016-01-01,1,mining_domestic
103096,2016-01-01,1,mining_domestic
106455,2016-01-01,1,mining_domestic
107263,2016-01-01,1,mining_domestic
201779,2016-01-01,1,mining_domestic
215466,2016-01-01,1,mining_domestic
277948,2016-01-01,1,mining_domestic
314203,2016-01-01,1,mining_domestic
315449,2016-01-01,1,mining_domestic
319671,2016-01-01,1,mining_domestic
350563,2016-01-01,1,mining_domestic
711034,2016-01-01,1,mining_domestic
719413,2016-01-01,1,mining_domestic
757011,2016-01-01,1,mining_domestic
764065,2016-01-01,1,mining_domestic
764622,2016-01-01,1,mining_domestic
773717,2016-01-01,1,mining_domestic
783324,2016-01-01,1,mining_domestic
784977,2016-01-01,1,mining_domestic
788965,2016-01-01,1,mining_domestic
789933,2016-01-01,1,mining_domestic
801898,2016-01-01,1,mining_domestic
808362,2016-01-01,1,mining_domestic
813762,2016-01-01,1,mining_domestic
821189,2016-01-01,1,mining_domestic
823768,2016-01-01,1,mining_domestic
826326,2016-01-01,1,mining_domestic
831259,2016-01-01,1,mining_domestic
831355,2016-01-01,1,mining_domestic
839470,2016-01-01,1,mining_domestic
844059,2016-01-01,1,mining_domestic
849146,2016-01-01,1,mining_domestic
855931,2016-01-01,1,mining_domestic
861459,2016-01-01,1,mining_domestic
862692,2016-01-01,1,mining_domestic
879519,2016-01-01,1,mining_domestic
885462,2016-01-01,1,mining_domestic
888504,2016-01-01,1,mining_domestic
889331,2016-01-01,1,mining_domestic
891014,2016-01-01,1,mining_domestic
892553,2016-01-01,1,mining_domestic
916076,2016-01-01,1,mining_domestic
917225,2016-01-01,1,mining_domestic
918160,2016-01-01,1,mining_domestic
918646,2016-01-01,1,mining_domestic
923120,2016-01-01,1,mining_domestic
928576,2016-01-01,1,mining_domestic
931948,2016-01-01,1,mining_domestic
1001838,2016-01-01,1,mining_domestic
1003344,2016-01-01,1,mining_domestic
1009672,2016-01-01,1,mining_domestic
1009759,2016-01-01,1,mining_domestic
1010858,2016-01-01,1,mining_domestic
1011509,2016-01-01,1,mining_domestic
1012620,2016-01-01,1,mining_domestic
1017290,2016-01-01,1,mining_domestic
1019849,2016-01-01,1,mining_domestic
1022321,2016-01-01,1,mining_domestic
1022671,2016-01-01,1,mining_domestic
1023291,2016-01-01,1,mining_domestic
1025362,2016-01-01,1,mining_domestic
1030192,2016-01-01,1,mining_domestic
1031093,2016-01-01,1,mining_domestic
1031296,2016-01-01,1,mining_domestic
1034563,2016-01-01,1,mining_domestic
1037676,2016-01-01,1,mining_domestic
1038357,2016-01-01,1,mining_domestic
1045929,2016-01-01,1,mining_domestic
1057877,2016-01-01,1,mining_domestic
1064728,2016-01-01,1,mining_domestic
1070412,2016-01-01,1,mining_domestic
1080448,2016-01-01,1,mining_domestic
1081316,2016-01-01,1,mining_domestic
1083848,2016-01-01,1,mining_domestic
1084226,2016-01-01,1,mining_domestic
1086600,2016-01-01,1,mining_domestic
1089819,2016-01-01,1,mining_domestic
1091171,2016-01-01,1,mining_domestic
1091748,2016-01-01,1,mining_domestic
1098296,2016-01-01,1,mining_domestic
1099568,2016-01-01,1,mining_domestic
1100734,2016-01-01,1,mining_domestic
1104657,2016-01-01,1,mining_domestic
1108426,2016-01-01,1,mining_domestic
1110783,2016-01-01,1,mining_domestic
1111741,2016-01-01,1,mining_domestic
1120970,2016-01-01,1,mining_domestic
1130464,2016-01-01,1,mining_domestic
1133798,2016-01-01,1,mining_domestic
1134115,2016-01-01,1,mining_domestic
1135202,2016-01-01,1,mining_domestic
1137855,2016-01-01,1,mining_domestic
1159275,2016-01-01,1,mining_domestic
1160661,2016-01-01,1,mining_domestic
1160791,2016-01-01,1,mining_domestic
1163302,2016-01-01,1,mining_domestic
1164727,2016-01-01,1,mining_domestic
1166338,2016-01-01,1,mining_domestic
1168081,2016-01-01,1,mining_domestic
1171008,2016-01-01,1,mining_domestic
1171486,2016-01-01,1,mining_domestic
1172178,2016-01-01,1,mining_domestic
1173420,2016-01-01,1,mining_domestic
1182737,2016-01-01,1,mining_domestic
1227654,2016-01-01,1,mining_domestic
1239188,2016-01-01,1,mining_domestic
1257640,2016-01-01,1,mining_domestic
1275229,2016-01-01,1,mining_domestic
1284766,2016-01-01,1,mining_domestic
1285785,2016-01-01,1,mining_domestic
1288750,2016-01-01,1,mining_domestic
1297223,2016-01-01,1,mining_domestic
1300734,2016-01-01,1,mining_domestic
1301838,2016-01-01,1,mining_domestic
1302084,2016-01-01,1,mining_domestic
1304409,2016-01-01,1,mining_domestic
1310630,2016-01-01,1,mining_domestic
1316854,2016-01-01,1,mining_domestic
1334699,2016-01-01,1,mining_domestic
1334933,2016-01-01,1,mining_domestic
1344980,2016-01-01,1,mining_domestic
1355677,2016-01-01,1,mining_domestic
1358654,2016-01-01,1,mining_domestic
1375205,2016-01-01,1,mining_domestic
1375348,2016-01-01,1,mining_domestic
1375576,2016-01-01,1,mining_domestic
1375618,2016-01-01,1,mining_domestic
1381447,2016-01-01,1,mining_domestic
1385329,2016-01-01,1,mining_domestic
1385544,2016-01-01,1,mining_domestic
1385849,2016-01-01,1,mining_domestic
1386936,2016-01-01,1,mining_domestic
1394872,2016-01-01,1,mining_domestic
1399306,2016-01-01,1,mining_domestic
1401835,2016-01-01,1,mining_domestic
1402747,2016-01-01,1,mining_domestic
1405663,2016-01-01,1,mining_domestic
1407703,2016-01-01,1,mining_domestic
1408146,2016-01-01,1,mining_domestic
1409171,2016-01-01,1,mining_domestic
1412347,2016-01-01,1,mining_domestic
1415020,2016-01-01,1,mining_domestic
1415332,2016-01-01,1,mining_domestic
1415744,2016-01-01,1,mining_domestic
1416090,2016-01-01,1,mining_domestic
1419806,2016-01-01,1,mining_domestic
1421461,2016-01-01,1,mining_domestic
1421601,2016-01-01,1,mining_domestic
1422105,2016-01-01,1,mining_domestic
1423325,2016-01-01,1,mining_domestic
1423586,2016-01-01,1,mining_domestic
1428389,2016-01-01,1,mining_domestic
1430174,2016-01-01,1,mining_domestic
1432196,2016-01-01,1,mining_domestic
1435064,2016-01-01,1,mining_domestic
1436229,2016-01-01,1,mining_domestic
1438672,2016-01-01,1,mining_domestic
1441849,2016-01-01,1,mining_domestic
1444839,2016-01-01,1,mining_domestic
1445049,2016-01-01,1,mining_domestic
1445815,2016-01-01,1,mining_domestic
1445942,2016-01-01,1,mining_domestic
1448597,2016-01-01,1,mining_domestic
1477168,2016-01-01,1,mining_domestic
1489096,2016-01-01,1,mining_domestic
1489300,2016-01-01,1,mining_domestic
1490630,2016-01-01,1,mining_domestic
1493893,2016-01-01,1,mining_domestic
1494319,2016-01-01,1,mining_domestic
1495648,2016-01-01,1,mining_domestic
1502377,2016-01-01,1,mining_domestic
1502555,2016-01-01,1,mining_domestic
1506503,2016-01-01,1,mining_domestic
1506929,2016-01-01,1,mining_domestic
1507964,2016-01-01,1,mining_domestic
1510295,2016-01-01,1,mining_domestic
1514705,2016-01-01,1,mining_domestic
1515317,2016-01-01,1,mining_domestic
1520006,2016-01-01,1,mining_domestic
1522182,2016-01-01,1,mining_domestic
1524741,2016-01-01,1,mining_domestic
1527795,2016-01-01,1,mining_domestic
1530804,2016-01-01,1,mining_domestic
1532288,2016-01-01,1,mining_domestic
1533357,2016-01-01,1,mining_domestic
1539680,2016-01-01,1,mining_domestic
1540684,2016-01-01,1,mining_domestic
1540729,2016-01-01,1,mining_domestic
1543418,2016-01-01,1,mining_domestic
1543637,2016-01-01,1,mining_domestic
1545232,2016-01-01,1,mining_domestic
1549848,2016-01-01,1,mining_domestic
1552000,2016-01-01,1,mining_domestic
1552700,2016-01-01,1,mining_domestic
1555177,2016-01-01,1,mining_domestic
1555538,2016-01-01,1,mining_domestic
1556801,2016-01-01,1,mining_domestic
1563315,2016-01-01,1,mining_domestic
1571371,2016-01-01,1,mining_domestic
1572386,2016-01-01,1,mining_domestic
1575051,2016-01-01,1,mining_domestic
1575858,2016-01-01,1,mining_domestic
1578523,2016-01-01,1,mining_domestic
1582919,2016-01-01,1,mining_domestic
1584509,2016-01-01,1,mining_domestic
1584618,2016-01-01,1,mining_domestic
1588238,2016-01-01,1,mining_domestic
1590584,2016-01-01,1,mining_domestic
1594204,2016-01-01,1,mining_domestic
1598683,2016-01-01,1,mining_domestic
1600470,2016-01-01,1,mining_domestic
1605481,2016-01-01,1,mining_domestic
1609880,2016-01-01,1,mining_domestic
1612851,2016-01-01,1,mining_domestic
1614466,2016-01-01,1,mining_domestic
1620908,2016-01-01,1,mining_domestic
1620928,2016-01-01,1,mining_domestic
1621563,2016-01-01,1,mining_domestic
1624517,2016-01-01,1,mining_domestic
1627223,2016-01-01,1,mining_domestic
1629210,2016-01-01,1,mining_domestic
1632053,2016-01-01,1,mining_domestic
1632559,2016-01-01,1,mining_domestic
1637558,2016-01-01,1,mining_domestic
1637880,2016-01-01,1,mining_domestic
3153,2017-01-01,1,mining_domestic
4904,2017-01-01,1,mining_domestic
6879,2017-01-01,1,mining_domestic
7039,2017-01-01,1,mining_domestic
7332,2017-01-01,1,mining_domestic
8328,2017-01-01,1,mining_domestic
16040,2017-01-01,1,mining_domestic
18230,2017-01-01,1,mining_domestic
18672,2017-01-01,1,mining_domestic
22767,2017-01-01,1,mining_domestic
24104,2017-01-01,1,mining_domestic
27093,2017-01-01,1,mining_domestic
29952,2017-01-01,1,mining_domestic
33213,2017-01-01,1,mining_domestic
34088,2017-01-01,1,mining_domestic
37785,2017-01-01,1,mining_domestic
41091,2017-01-01,1,mining_domestic
44545,2017-01-01,1,mining_domestic
45012,2017-01-01,1,mining_domestic
48898,2017-01-01,1,mining_domestic
49648,2017-01-01,1,mining_domestic
50172,2017-01-01,1,mining_domestic
52988,2017-01-01,1,mining_domestic
59255,2017-01-01,1,mining_domestic
59860,2017-01-01,1,mining_domestic
65172,2017-01-01,1,mining_domestic
66756,2017-01-01,1,mining_domestic
66904,2017-01-01,1,mining_domestic
67716,2017-01-01,1,mining_domestic
71180,2017-01-01,1,mining_domestic
73986,2017-01-01,1,mining_domestic
74046,2017-01-01,1,mining_domestic
74925,2017-01-01,1,mining_domestic
75594,2017-01-01,1,mining_domestic
81023,2017-01-01,1,mining_domestic
81027,2017-01-01,1,mining_domestic
82020,2017-01-01,1,mining_domestic
85535,2017-01-01,1,mining_domestic
87347,2017-01-01,1,mining_domestic
90144,2017-01-01,1,mining_domestic
91440,2017-01-01,1,mining_domestic
92122,2017-01-01,1,mining_domestic
92416,2017-01-01,1,mining_domestic
92487,2017-01-01,1,mining_domestic
96271,2017-01-01,1,mining_domestic
98222,2017-01-01,1,mining_domestic
98246,2017-01-01,1,mining_domestic
101538,2017-01-01,1,mining_domestic
101594,2017-01-01,1,mining_domestic
101778,2017-01-01,1,mining_domestic
102729,2017-01-01,1,mining_domestic
106455,2017-01-01,1,mining_domestic
107263,2017-01-01,1,mining_domestic
215466,2017-01-01,1,mining_domestic
277948,2017-01-01,1,mining_domestic
314203,2017-01-01,1,mining_domestic
319671,2017-01-01,1,mining_domestic
711034,2017-01-01,1,mining_domestic
719413,2017-01-01,1,mining_domestic
757011,2017-01-01,1,mining_domestic
764065,2017-01-01,1,mining_domestic
773717,2017-01-01,1,mining_domestic
783324,2017-01-01,1,mining_domestic
784977,2017-01-01,1,mining_domestic
788965,2017-01-01,1,mining_domestic
789933,2017-01-01,1,mining_domestic
798528,2017-01-01,1,mining_domestic
808362,2017-01-01,1,mining_domestic
813762,2017-01-01,1,mining_domestic
821189,2017-01-01,1,mining_domestic
823768,2017-01-01,1,mining_domestic
826326,2017-01-01,1,mining_domestic
831259,2017-01-01,1,mining_domestic
831355,2017-01-01,1,mining_domestic
839470,2017-01-01,1,mining_domestic
849146,2017-01-01,1,mining_domestic
851726,2017-01-01,1,mining_domestic
855931,2017-01-01,1,mining_domestic
857501,2017-01-01,1,mining_domestic
861459,2017-01-01,1,mining_domestic
862692,2017-01-01,1,mining_domestic
874761,2017-01-01,1,mining_domestic
879519,2017-01-01,1,mining_domestic
885462,2017-01-01,1,mining_domestic
888504,2017-01-01,1,mining_domestic
889331,2017-01-01,1,mining_domestic
891014,2017-01-01,1,mining_domestic
892553,2017-01-01,1,mining_domestic
916076,2017-01-01,1,mining_domestic
917225,2017-01-01,1,mining_domestic
918646,2017-01-01,1,mining_domestic
923120,2017-01-01,1,mining_domestic
928054,2017-01-01,1,mining_domestic
928576,2017-01-01,1,mining_domestic
931948,2017-01-01,1,mining_domestic
1001601,2017-01-01,1,mining_domestic
1001838,2017-01-01,1,mining_domestic
1004155,2017-01-01,1,mining_domestic
1009759,2017-01-01,1,mining_domestic
1010858,2017-01-01,1,mining_domestic
1011509,2017-01-01,1,mining_domestic
1012620,2017-01-01,1,mining_domestic
1019849,2017-01-01,1,mining_domestic
1022321,2017-01-01,1,mining_domestic
1022671,2017-01-01,1,mining_domestic
1025362,2017-01-01,1,mining_domestic
1030192,2017-01-01,1,mining_domestic
1031093,2017-01-01,1,mining_domestic
1031296,2017-01-01,1,mining_domestic
1034563,2017-01-01,1,mining_domestic
1037676,2017-01-01,1,mining_domestic
1038357,2017-01-01,1,mining_domestic
1057877,2017-01-01,1,mining_domestic
1064728,2017-01-01,1,mining_domestic
1070412,2017-01-01,1,mining_domestic
1080448,2017-01-01,1,mining_domestic
1081316,2017-01-01,1,mining_domestic
1086600,2017-01-01,1,mining_domestic
1089819,2017-01-01,1,mining_domestic
1091748,2017-01-01,1,mining_domestic
1098296,2017-01-01,1,mining_domestic
1099290,2017-01-01,1,mining_domestic
1099568,2017-01-01,1,mining_domestic
1102392,2017-01-01,1,mining_domestic
1104657,2017-01-01,1,mining_domestic
1108426,2017-01-01,1,mining_domestic
1110783,2017-01-01,1,mining_domestic
1111741,2017-01-01,1,mining_domestic
1120970,2017-01-01,1,mining_domestic
1130464,2017-01-01,1,mining_domestic
1133798,2017-01-01,1,mining_domestic
1134115,2017-01-01,1,mining_domestic
1135202,2017-01-01,1,mining_domestic
1159275,2017-01-01,1,mining_domestic
1160661,2017-01-01,1,mining_domestic
1160791,2017-01-01,1,mining_domestic
1163302,2017-01-01,1,mining_domestic
1164727,2017-01-01,1,mining_domestic
1166338,2017-01-01,1,mining_domestic
1171008,2017-01-01,1,mining_domestic
1171486,2017-01-01,1,mining_domestic
1172178,2017-01-01,1,mining_domestic
1173420,2017-01-01,1,mining_domestic
1182737,2017-01-01,1,mining_domestic
1227654,2017-01-01,1,mining_domestic
1257640,2017-01-01,1,mining_domestic
1275229,2017-01-01,1,mining_domestic
1285785,2017-01-01,1,mining_domestic
1288750,2017-01-01,1,mining_domestic
1300734,2017-01-01,1,mining_domestic
1302084,2017-01-01,1,mining_domestic
1304409,2017-01-01,1,mining_domestic
1304741,2017-01-01,1,mining_domestic
1310630,2017-01-01,1,mining_domestic
1311605,2017-01-01,1,mining_domestic
1334933,2017-01-01,1,mining_domestic
1344980,2017-01-01,1,mining_domestic
1355677,2017-01-01,1,mining_domestic
1358654,2017-01-01,1,mining_domestic
1363573,2017-01-01,1,mining_domestic
1373690,2017-01-01,1,mining_domestic
1375063,2017-01-01,1,mining_domestic
1375205,2017-01-01,1,mining_domestic
1375348,2017-01-01,1,mining_domestic
1375576,2017-01-01,1,mining_domestic
1375618,2017-01-01,1,mining_domestic
1385849,2017-01-01,1,mining_domestic
1394872,2017-01-01,1,mining_domestic
1396054,2017-01-01,1,mining_domestic
1401835,2017-01-01,1,mining_domestic
1402747,2017-01-01,1,mining_domestic
1403676,2017-01-01,1,mining_domestic
1405663,2017-01-01,1,mining_domestic
1407583,2017-01-01,1,mining_domestic
1407703,2017-01-01,1,mining_domestic
1408146,2017-01-01,1,mining_domestic
1409171,2017-01-01,1,mining_domestic
1412347,2017-01-01,1,mining_domestic
1415332,2017-01-01,1,mining_domestic
1416090,2017-01-01,1,mining_domestic
1419806,2017-01-01,1,mining_domestic
1421461,2017-01-01,1,mining_domestic
1423325,2017-01-01,1,mining_domestic
1423586,2017-01-01,1,mining_domestic
1424864,2017-01-01,1,mining_domestic
1428389,2017-01-01,1,mining_domestic
1432196,2017-01-01,1,mining_domestic
1435064,2017-01-01,1,mining_domestic
1436229,2017-01-01,1,mining_domestic
1441849,2017-01-01,1,mining_domestic
1444839,2017-01-01,1,mining_domestic
1445541,2017-01-01,1,mining_domestic
1445815,2017-01-01,1,mining_domestic
1445942,2017-01-01,1,mining_domestic
1448597,2017-01-01,1,mining_domestic
1450708,2017-01-01,1,mining_domestic
1489096,2017-01-01,1,mining_domestic
1489300,2017-01-01,1,mining_domestic
1490630,2017-01-01,1,mining_domestic
1493893,2017-01-01,1,mining_domestic
1502377,2017-01-01,1,mining_domestic
1502557,2017-01-01,1,mining_domestic
1506929,2017-01-01,1,mining_domestic
1507964,2017-01-01,1,mining_domestic
1510295,2017-01-01,1,mining_domestic
1512228,2017-01-01,1,mining_domestic
1514324,2017-01-01,1,mining_domestic
1514705,2017-01-01,1,mining_domestic
1515317,2017-01-01,1,mining_domestic
1516559,2017-01-01,1,mining_domestic
1518171,2017-01-01,1,mining_domestic
1520006,2017-01-01,1,mining_domestic
1524741,2017-01-01,1,mining_domestic
1526726,2017-01-01,1,mining_domestic
1527795,2017-01-01,1,mining_domestic
1529628,2017-01-01,1,mining_domestic
1530804,2017-01-01,1,mining_domestic
1532288,2017-01-01,1,mining_domestic
1539680,2017-01-01,1,mining_domestic
1540684,2017-01-01,1,mining_domestic
1540729,2017-01-01,1,mining_domestic
1543418,2017-01-01,1,mining_domestic
1543637,2017-01-01,1,mining_domestic
1545232,2017-01-01,1,mining_domestic
1545312,2017-01-01,1,mining_domestic
1549848,2017-01-01,1,mining_domestic
1551206,2017-01-01,1,mining_domestic
1552000,2017-01-01,1,mining_domestic
1555177,2017-01-01,1,mining_domestic
1555538,2017-01-01,1,mining_domestic
1556179,2017-01-01,1,mining_domestic
1563315,2017-01-01,1,mining_domestic
1571371,2017-01-01,1,mining_domestic
1572386,2017-01-01,1,mining_domestic
1575051,2017-01-01,1,mining_domestic
1575345,2017-01-01,1,mining_domestic
1575858,2017-01-01,1,mining_domestic
1578523,2017-01-01,1,mining_domestic
1584618,2017-01-01,1,mining_domestic
1588238,2017-01-01,1,mining_domestic
1590584,2017-01-01,1,mining_domestic
1594204,2017-01-01,1,mining_domestic
1598683,2017-01-01,1,mining_domestic
1600470,2017-01-01,1,mining_domestic
1605481,2017-01-01,1,mining_domestic
1607741,2017-01-01,1,mining_domestic
1609880,2017-01-01,1,mining_domestic
1612851,2017-01-01,1,mining_domestic
1614466,2017-01-01,1,mining_domestic
1620928,2017-01-01,1,mining_domestic
1621563,2017-01-01,1,mining_domestic
1621906,2017-01-01,1,mining_domestic
1624644,2017-01-01,1,mining_domestic
1627223,2017-01-01,1,mining_domestic
1629210,2017-01-01,1,mining_domestic
1632053,2017-01-01,1,mining_domestic
1637558,2017-01-01,1,mining_domestic
1637880,2017-01-01,1,mining_domestic
1660329,2017-01-01,1,mining_domestic
1665421,2017-01-01,1,mining_domestic
1675149,2017-01-01,1,mining_domestic
1679268,2017-01-01,1,mining_domestic
1687187,2017-01-01,1,mining_domestic
1692115,2017-01-01,1,mining_domestic
2488,2018-01-01,1,mining_domestic
3153,2018-01-01,1,mining_domestic
4904,2018-01-01,1,mining_domestic
5656,2018-01-01,1,mining_domestic
6879,2018-01-01,1,mining_domestic
7039,2018-01-01,1,mining_domestic
7332,2018-01-01,1,mining_domestic
8328,2018-01-01,1,mining_domestic
16040,2018-01-01,1,mining_domestic
18230,2018-01-01,1,mining_domestic
18672,2018-01-01,1,mining_domestic
22767,2018-01-01,1,mining_domestic
24104,2018-01-01,1,mining_domestic
27093,2018-01-01,1,mining_domestic
33213,2018-01-01,1,mining_domestic
34088,2018-01-01,1,mining_domestic
37785,2018-01-01,1,mining_domestic
40545,2018-01-01,1,mining_domestic
41091,2018-01-01,1,mining_domestic
44545,2018-01-01,1,mining_domestic
45012,2018-01-01,1,mining_domestic
48898,2018-01-01,1,mining_domestic
49648,2018-01-01,1,mining_domestic
50172,2018-01-01,1,mining_domestic
52988,2018-01-01,1,mining_domestic
56047,2018-01-01,1,mining_domestic
59255,2018-01-01,1,mining_domestic
59860,2018-01-01,1,mining_domestic
65172,2018-01-01,1,mining_domestic
66600,2018-01-01,1,mining_domestic
66756,2018-01-01,1,mining_domestic
66904,2018-01-01,1,mining_domestic
67716,2018-01-01,1,mining_domestic
71180,2018-01-01,1,mining_domestic
73986,2018-01-01,1,mining_domestic
74046,2018-01-01,1,mining_domestic
75594,2018-01-01,1,mining_domestic
81023,2018-01-01,1,mining_domestic
81027,2018-01-01,1,mining_domestic
82020,2018-01-01,1,mining_domestic
85535,2018-01-01,1,mining_domestic
90144,2018-01-01,1,mining_domestic
91440,2018-01-01,1,mining_domestic
92122,2018-01-01,1,mining_domestic
92487,2018-01-01,1,mining_domestic
96271,2018-01-01,1,mining_domestic
101538,2018-01-01,1,mining_domestic
101594,2018-01-01,1,mining_domestic
106455,2018-01-01,1,mining_domestic
107263,2018-01-01,1,mining_domestic
215466,2018-01-01,1,mining_domestic
277948,2018-01-01,1,mining_domestic
314203,2018-01-01,1,mining_domestic
315449,2018-01-01,1,mining_domestic
704172,2018-01-01,1,mining_domestic
711034,2018-01-01,1,mining_domestic
719413,2018-01-01,1,mining_domestic
723125,2018-01-01,1,mining_domestic
748268,2018-01-01,1,mining_domestic
754811,2018-01-01,1,mining_domestic
757011,2018-01-01,1,mining_domestic
764065,2018-01-01,1,mining_domestic
773717,2018-01-01,1,mining_domestic
783324,2018-01-01,1,mining_domestic
784977,2018-01-01,1,mining_domestic
788965,2018-01-01,1,mining_domestic
789933,2018-01-01,1,mining_domestic
808362,2018-01-01,1,mining_domestic
813762,2018-01-01,1,mining_domestic
821189,2018-01-01,1,mining_domestic
823768,2018-01-01,1,mining_domestic
826326,2018-01-01,1,mining_domestic
831259,2018-01-01,1,mining_domestic
831355,2018-01-01,1,mining_domestic
839470,2018-01-01,1,mining_domestic
844059,2018-01-01,1,mining_domestic
851726,2018-01-01,1,mining_domestic
857501,2018-01-01,1,mining_domestic
861459,2018-01-01,1,mining_domestic
862651,2018-01-01,1,mining_domestic
862692,2018-01-01,1,mining_domestic
872248,2018-01-01,1,mining_domestic
888504,2018-01-01,1,mining_domestic
889331,2018-01-01,1,mining_domestic
891014,2018-01-01,1,mining_domestic
892553,2018-01-01,1,mining_domestic
896493,2018-01-01,1,mining_domestic
916076,2018-01-01,1,mining_domestic
917225,2018-01-01,1,mining_domestic
918646,2018-01-01,1,mining_domestic
928054,2018-01-01,1,mining_domestic
928576,2018-01-01,1,mining_domestic
1001601,2018-01-01,1,mining_domestic
1001838,2018-01-01,1,mining_domestic
1004155,2018-01-01,1,mining_domestic
1009759,2018-01-01,1,mining_domestic
1010858,2018-01-01,1,mining_domestic
1012620,2018-01-01,1,mining_domestic
1019849,2018-01-01,1,mining_domestic
1022321,2018-01-01,1,mining_domestic
1022671,2018-01-01,1,mining_domestic
1025362,2018-01-01,1,mining_domestic
1030192,2018-01-01,1,mining_domestic
1031093,2018-01-01,1,mining_domestic
1031296,2018-01-01,1,mining_domestic
1034563,2018-01-01,1,mining_domestic
1037676,2018-01-01,1,mining_domestic
1038357,2018-01-01,1,mining_domestic
1045810,2018-01-01,1,mining_domestic
1057877,2018-01-01,1,mining_domestic
1064728,2018-01-01,1,mining_domestic
1070412,2018-01-01,1,mining_domestic
1080448,2018-01-01,1,mining_domestic
1081316,2018-01-01,1,mining_domestic
1083848,2018-01-01,1,mining_domestic
1083922,2018-01-01,1,mining_domestic
1084370,2018-01-01,1,mining_domestic
1086600,2018-01-01,1,mining_domestic
1089819,2018-01-01,1,mining_domestic
1091748,2018-01-01,1,mining_domestic
1098296,2018-01-01,1,mining_domestic
1099568,2018-01-01,1,mining_domestic
1102392,2018-01-01,1,mining_domestic
1104657,2018-01-01,1,mining_domestic
1108426,2018-01-01,1,mining_domestic
1111741,2018-01-01,1,mining_domestic
1120970,2018-01-01,1,mining_domestic
1130464,2018-01-01,1,mining_domestic
1133798,2018-01-01,1,mining_domestic
1134115,2018-01-01,1,mining_domestic
1135202,2018-01-01,1,mining_domestic
1159275,2018-01-01,1,mining_domestic
1160661,2018-01-01,1,mining_domestic
1160791,2018-01-01,1,mining_domestic
1163302,2018-01-01,1,mining_domestic
1164727,2018-01-01,1,mining_domestic
1167419,2018-01-01,1,mining_domestic
1168081,2018-01-01,1,mining_domestic
1171008,2018-01-01,1,mining_domestic
1171486,2018-01-01,1,mining_domestic
1172178,2018-01-01,1,mining_domestic
1173420,2018-01-01,1,mining_domestic
1182737,2018-01-01,1,mining_domestic
1227654,2018-01-01,1,mining_domestic
1239188,2018-01-01,1,mining_domestic
1257640,2018-01-01,1,mining_domestic
1275229,2018-01-01,1,mining_domestic
1285785,2018-01-01,1,mining_domestic
1288750,2018-01-01,1,mining_domestic
1300734,2018-01-01,1,mining_domestic
1301838,2018-01-01,1,mining_domestic
1304409,2018-01-01,1,mining_domestic
1311605,2018-01-01,1,mining_domestic
1334933,2018-01-01,1,mining_domestic
1344980,2018-01-01,1,mining_domestic
1355677,2018-01-01,1,mining_domestic
1358654,2018-01-01,1,mining_domestic
1375063,2018-01-01,1,mining_domestic
1375205,2018-01-01,1,mining_domestic
1375348,2018-01-01,1,mining_domestic
1384072,2018-01-01,1,mining_domestic
1385849,2018-01-01,1,mining_domestic
1392694,2018-01-01,1,mining_domestic
1396009,2018-01-01,1,mining_domestic
1396054,2018-01-01,1,mining_domestic
1401835,2018-01-01,1,mining_domestic
1402747,2018-01-01,1,mining_domestic
1403676,2018-01-01,1,mining_domestic
1405663,2018-01-01,1,mining_domestic
1407583,2018-01-01,1,mining_domestic
1407703,2018-01-01,1,mining_domestic
1408146,2018-01-01,1,mining_domestic
1409171,2018-01-01,1,mining_domestic
1410636,2018-01-01,1,mining_domestic
1412347,2018-01-01,1,mining_domestic
1415332,2018-01-01,1,mining_domestic
1415744,2018-01-01,1,mining_domestic
1416090,2018-01-01,1,mining_domestic
1419806,2018-01-01,1,mining_domestic
1421461,2018-01-01,1,mining_domestic
1423325,2018-01-01,1,mining_domestic
1423586,2018-01-01,1,mining_domestic
1424864,2018-01-01,1,mining_domestic
1428389,2018-01-01,1,mining_domestic
1432196,2018-01-01,1,mining_domestic
1436229,2018-01-01,1,mining_domestic
1440153,2018-01-01,1,mining_domestic
1441849,2018-01-01,1,mining_domestic
1445541,2018-01-01,1,mining_domestic
1445942,2018-01-01,1,mining_domestic
1448597,2018-01-01,1,mining_domestic
1453122,2018-01-01,1,mining_domestic
1459482,2018-01-01,1,mining_domestic
1489096,2018-01-01,1,mining_domestic
1489300,2018-01-01,1,mining_domestic
1490630,2018-01-01,1,mining_domestic
1495231,2018-01-01,1,mining_domestic
1495648,2018-01-01,1,mining_domestic
1502377,2018-01-01,1,mining_domestic
1502555,2018-01-01,1,mining_domestic
1506929,2018-01-01,1,mining_domestic
1507605,2018-01-01,1,mining_domestic
1507964,2018-01-01,1,mining_domestic
1510295,2018-01-01,1,mining_domestic
1512228,2018-01-01,1,mining_domestic
1514705,2018-01-01,1,mining_domestic
1515317,2018-01-01,1,mining_domestic
1520006,2018-01-01,1,mining_domestic
1520118,2018-01-01,1,mining_domestic
1524741,2018-01-01,1,mining_domestic
1524872,2018-01-01,1,mining_domestic
1529628,2018-01-01,1,mining_domestic
1530804,2018-01-01,1,mining_domestic
1539680,2018-01-01,1,mining_domestic
1540684,2018-01-01,1,mining_domestic
1540729,2018-01-01,1,mining_domestic
1543418,2018-01-01,1,mining_domestic
1543637,2018-01-01,1,mining_domestic
1549848,2018-01-01,1,mining_domestic
1551206,2018-01-01,1,mining_domestic
1552000,2018-01-01,1,mining_domestic
1555177,2018-01-01,1,mining_domestic
1555538,2018-01-01,1,mining_domestic
1556179,2018-01-01,1,mining_domestic
1556801,2018-01-01,1,mining_domestic
1561660,2018-01-01,1,mining_domestic
1571371,2018-01-01,1,mining_domestic
1572386,2018-01-01,1,mining_domestic
1575051,2018-01-01,1,mining_domestic
1575659,2018-01-01,1,mining_domestic
1575858,2018-01-01,1,mining_domestic
1580485,2018-01-01,1,mining_domestic
1582962,2018-01-01,1,mining_domestic
1590584,2018-01-01,1,mining_domestic
1590715,2018-01-01,1,mining_domestic
1594204,2018-01-01,1,mining_domestic
1600470,2018-01-01,1,mining_domestic
1605481,2018-01-01,1,mining_domestic
1609880,2018-01-01,1,mining_domestic
1612851,2018-01-01,1,mining_domestic
1614466,2018-01-01,1,mining_domestic
1620928,2018-01-01,1,mining_domestic
1621563,2018-01-01,1,mining_domestic
1621906,2018-01-01,1,mining_domestic
1627223,2018-01-01,1,mining_domestic
1629210,2018-01-01,1,mining_domestic
1632053,2018-01-01,1,mining_domestic
1637558,2018-01-01,1,mining_domestic
1637880,2018-01-01,1,mining_domestic
1665421,2018-01-01,1,mining_domestic
1675149,2018-01-01,1,mining_domestic
1679268,2018-01-01,1,mining_domestic
1687187,2018-01-01,1,mining_domestic
1690486,2018-01-01,1,mining_domestic
1691303,2018-01-01,1,mining_domestic
1692819,2018-01-01,1,mining_domestic
1701605,2018-01-01,1,mining_domestic
1702494,2018-01-01,1,mining_domestic
1710366,2018-01-01,1,mining_domestic
1718227,2018-01-01,1,mining_domestic
1721781,2018-01-01,1,mining_domestic
2488,2019-01-01,1,mining_domestic
3153,2019-01-01,1,mining_domestic
4904,2019-01-01,1,mining_domestic
6879,2019-01-01,1,mining_domestic
7039,2019-01-01,1,mining_domestic
7332,2019-01-01,1,mining_domestic
8328,2019-01-01,1,mining_domestic
18230,2019-01-01,1,mining_domestic
18672,2019-01-01,1,mining_domestic
22767,2019-01-01,1,mining_domestic
24104,2019-01-01,1,mining_domestic
27093,2019-01-01,1,mining_domestic
33213,2019-01-01,1,mining_domestic
34088,2019-01-01,1,mining_domestic
37785,2019-01-01,1,mining_domestic
40545,2019-01-01,1,mining_domestic
41091,2019-01-01,1,mining_domestic
45012,2019-01-01,1,mining_domestic
48898,2019-01-01,1,mining_domestic
49648,2019-01-01,1,mining_domestic
50172,2019-01-01,1,mining_domestic
56047,2019-01-01,1,mining_domestic
59255,2019-01-01,1,mining_domestic
59860,2019-01-01,1,mining_domestic
65172,2019-01-01,1,mining_domestic
66600,2019-01-01,1,mining_domestic
66756,2019-01-01,1,mining_domestic
66904,2019-01-01,1,mining_domestic
67716,2019-01-01,1,mining_domestic
71180,2019-01-01,1,mining_domestic
73986,2019-01-01,1,mining_domestic
74046,2019-01-01,1,mining_domestic
75594,2019-01-01,1,mining_domestic
81023,2019-01-01,1,mining_domestic
81027,2019-01-01,1,mining_domestic
82020,2019-01-01,1,mining_domestic
85535,2019-01-01,1,mining_domestic
90144,2019-01-01,1,mining_domestic
91440,2019-01-01,1,mining_domestic
92122,2019-01-01,1,mining_domestic
92487,2019-01-01,1,mining_domestic
101538,2019-01-01,1,mining_domestic
101594,2019-01-01,1,mining_domestic
107263,2019-01-01,1,mining_domestic
215466,2019-01-01,1,mining_domestic
277948,2019-01-01,1,mining_domestic
314203,2019-01-01,1,mining_domestic
315449,2019-01-01,1,mining_domestic
711034,2019-01-01,1,mining_domestic
719413,2019-01-01,1,mining_domestic
748268,2019-01-01,1,mining_domestic
754811,2019-01-01,1,mining_domestic
757011,2019-01-01,1,mining_domestic
764065,2019-01-01,1,mining_domestic
783324,2019-01-01,1,mining_domestic
784977,2019-01-01,1,mining_domestic
788965,2019-01-01,1,mining_domestic
789933,2019-01-01,1,mining_domestic
808362,2019-01-01,1,mining_domestic
813762,2019-01-01,1,mining_domestic
821189,2019-01-01,1,mining_domestic
823768,2019-01-01,1,mining_domestic
831259,2019-01-01,1,mining_domestic
831355,2019-01-01,1,mining_domestic
839470,2019-01-01,1,mining_domestic
844059,2019-01-01,1,mining_domestic
861459,2019-01-01,1,mining_domestic
862651,2019-01-01,1,mining_domestic
862692,2019-01-01,1,mining_domestic
886346,2019-01-01,1,mining_domestic
889331,2019-01-01,1,mining_domestic
891014,2019-01-01,1,mining_domestic
896493,2019-01-01,1,mining_domestic
915913,2019-01-01,1,mining_domestic
916076,2019-01-01,1,mining_domestic
917225,2019-01-01,1,mining_domestic
918646,2019-01-01,1,mining_domestic
928054,2019-01-01,1,mining_domestic
928576,2019-01-01,1,mining_domestic
1001601,2019-01-01,1,mining_domestic
1001838,2019-01-01,1,mining_domestic
1004155,2019-01-01,1,mining_domestic
1009759,2019-01-01,1,mining_domestic
1012620,2019-01-01,1,mining_domestic
1019849,2019-01-01,1,mining_domestic
1022321,2019-01-01,1,mining_domestic
1022671,2019-01-01,1,mining_domestic
1025362,2019-01-01,1,mining_domestic
1030192,2019-01-01,1,mining_domestic
1031093,2019-01-01,1,mining_domestic
1031296,2019-01-01,1,mining_domestic
1034563,2019-01-01,1,mining_domestic
1037676,2019-01-01,1,mining_domestic
1038357,2019-01-01,1,mining_domestic
1045810,2019-01-01,1,mining_domestic
1057877,2019-01-01,1,mining_domestic
1064728,2019-01-01,1,mining_domestic
1069258,2019-01-01,1,mining_domestic
1070412,2019-01-01,1,mining_domestic
1080448,2019-01-01,1,mining_domestic
1081316,2019-01-01,1,mining_domestic
1083922,2019-01-01,1,mining_domestic
1086600,2019-01-01,1,mining_domestic
1089819,2019-01-01,1,mining_domestic
1091748,2019-01-01,1,mining_domestic
1098296,2019-01-01,1,mining_domestic
1102392,2019-01-01,1,mining_domestic
1104657,2019-01-01,1,mining_domestic
1108426,2019-01-01,1,mining_domestic
1111741,2019-01-01,1,mining_domestic
1120970,2019-01-01,1,mining_domestic
1130464,2019-01-01,1,mining_domestic
1133798,2019-01-01,1,mining_domestic
1134115,2019-01-01,1,mining_domestic
1159275,2019-01-01,1,mining_domestic
1160661,2019-01-01,1,mining_domestic
1160791,2019-01-01,1,mining_domestic
1163302,2019-01-01,1,mining_domestic
1164727,2019-01-01,1,mining_domestic
1167419,2019-01-01,1,mining_domestic
1168081,2019-01-01,1,mining_domestic
1171008,2019-01-01,1,mining_domestic
1171486,2019-01-01,1,mining_domestic
1172178,2019-01-01,1,mining_domestic
1173420,2019-01-01,1,mining_domestic
1182737,2019-01-01,1,mining_domestic
1227654,2019-01-01,1,mining_domestic
1239188,2019-01-01,1,mining_domestic
1257640,2019-01-01,1,mining_domestic
1275229,2019-01-01,1,mining_domestic
1285785,2019-01-01,1,mining_domestic
1300734,2019-01-01,1,mining_domestic
1301838,2019-01-01,1,mining_domestic
1304409,2019-01-01,1,mining_domestic
1304492,2019-01-01,1,mining_domestic
1310630,2019-01-01,1,mining_domestic
1319643,2019-01-01,1,mining_domestic
1334933,2019-01-01,1,mining_domestic
1355677,2019-01-01,1,mining_domestic
1358654,2019-01-01,1,mining_domestic
1375205,2019-01-01,1,mining_domestic
1375348,2019-01-01,1,mining_domestic
1384072,2019-01-01,1,mining_domestic
1384135,2019-01-01,1,mining_domestic
1385849,2019-01-01,1,mining_domestic
1392694,2019-01-01,1,mining_domestic
1396009,2019-01-01,1,mining_domestic
1396054,2019-01-01,1,mining_domestic
1401835,2019-01-01,1,mining_domestic
1403676,2019-01-01,1,mining_domestic
1405663,2019-01-01,1,mining_domestic
1407583,2019-01-01,1,mining_domestic
1408146,2019-01-01,1,mining_domestic
1408351,2019-01-01,1,mining_domestic
1409171,2019-01-01,1,mining_domestic
1410636,2019-01-01,1,mining_domestic
1412347,2019-01-01,1,mining_domestic
1415332,2019-01-01,1,mining_domestic
1416090,2019-01-01,1,mining_domestic
1419806,2019-01-01,1,mining_domestic
1421461,2019-01-01,1,mining_domestic
1423325,2019-01-01,1,mining_domestic
1424864,2019-01-01,1,mining_domestic
1428389,2019-01-01,1,mining_domestic
1432196,2019-01-01,1,mining_domestic
1436229,2019-01-01,1,mining_domestic
1437283,2019-01-01,1,mining_domestic
1440153,2019-01-01,1,mining_domestic
1441849,2019-01-01,1,mining_domestic
1444839,2019-01-01,1,mining_domestic
1445942,2019-01-01,1,mining_domestic
1448597,2019-01-01,1,mining_domestic
1456802,2019-01-01,1,mining_domestic
1459482,2019-01-01,1,mining_domestic
1475430,2019-01-01,1,mining_domestic
1489096,2019-01-01,1,mining_domestic
1489300,2019-01-01,1,mining_domestic
1490630,2019-01-01,1,mining_domestic
1495231,2019-01-01,1,mining_domestic
1502377,2019-01-01,1,mining_domestic
1502557,2019-01-01,1,mining_domestic
1506929,2019-01-01,1,mining_domestic
1507605,2019-01-01,1,mining_domestic
1507964,2019-01-01,1,mining_domestic
1510295,2019-01-01,1,mining_domestic
1512228,2019-01-01,1,mining_domestic
1514705,2019-01-01,1,mining_domestic
1515156,2019-01-01,1,mining_domestic
1515317,2019-01-01,1,mining_domestic
1516559,2019-01-01,1,mining_domestic
1518171,2019-01-01,1,mining_domestic
1520006,2019-01-01,1,mining_domestic
1520118,2019-01-01,1,mining_domestic
1524741,2019-01-01,1,mining_domestic
1524872,2019-01-01,1,mining_domestic
1529628,2019-01-01,1,mining_domestic
1530804,2019-01-01,1,mining_domestic
1539680,2019-01-01,1,mining_domestic
1540684,2019-01-01,1,mining_domestic
1540729,2019-01-01,1,mining_domestic
1540947,2019-01-01,1,mining_domestic
1543418,2019-01-01,1,mining_domestic
1543637,2019-01-01,1,mining_domestic
1549848,2019-01-01,1,mining_domestic
1551206,2019-01-01,1,mining_domestic
1552000,2019-01-01,1,mining_domestic
1555177,2019-01-01,1,mining_domestic
1555538,2019-01-01,1,mining_domestic
1557668,2019-01-01,1,mining_domestic
1561180,2019-01-01,1,mining_domestic
1567388,2019-01-01,1,mining_domestic
1570132,2019-01-01,1,mining_domestic
1571371,2019-01-01,1,mining_domestic
1572386,2019-01-01,1,mining_domestic
1575051,2019-01-01,1,mining_domestic
1575659,2019-01-01,1,mining_domestic
1575858,2019-01-01,1,mining_domestic
1576873,2019-01-01,1,mining_domestic
1582962,2019-01-01,1,mining_domestic
1590584,2019-01-01,1,mining_domestic
1590715,2019-01-01,1,mining_domestic
1594204,2019-01-01,1,mining_domestic
1600470,2019-01-01,1,mining_domestic
1605481,2019-01-01,1,mining_domestic
1612851,2019-01-01,1,mining_domestic
1614466,2019-01-01,1,mining_domestic
1614556,2019-01-01,1,mining_domestic
1614826,2019-01-01,1,mining_domestic
1621563,2019-01-01,1,mining_domestic
1621906,2019-01-01,1,mining_domestic
1627223,2019-01-01,1,mining_domestic
1629210,2019-01-01,1,mining_domestic
1637558,2019-01-01,1,mining_domestic
1637880,2019-01-01,1,mining_domestic
1653710,2019-01-01,1,mining_domestic
1665421,2019-01-01,1,mining_domestic
1675149,2019-01-01,1,mining_domestic
1679268,2019-01-01,1,mining_domestic
1681714,2019-01-01,1,mining_domestic
1687187,2019-01-01,1,mining_domestic
1691303,2019-01-01,1,mining_domestic
1692819,2019-01-01,1,mining_domestic
1695473,2019-01-01,1,mining_domestic
1701605,2019-01-01,1,mining_domestic
1701859,2019-01-01,1,mining_domestic
1702494,2019-01-01,1,mining_domestic
1704715,2019-01-01,1,mining_domestic
1710366,2019-01-01,1,mining_domestic
1718227,2019-01-01,1,mining_domestic
1721781,2019-01-01,1,mining_domestic
1722287,2019-01-01,1,mining_domestic
1730346,2019-01-01,1,mining_domestic
1742924,2019-01-01,1,mining_domestic
1747009,2019-01-01,1,mining_domestic
2488,2020-01-01,1,mining_domestic
3153,2020-01-01,1,mining_domestic
4904,2020-01-01,1,mining_domestic
6879,2020-01-01,1,mining_domestic
7039,2020-01-01,1,mining_domestic
8328,2020-01-01,1,mining_domestic
18230,2020-01-01,1,mining_domestic
18672,2020-01-01,1,mining_domestic
22767,2020-01-01,1,mining_domestic
24104,2020-01-01,1,mining_domestic
27093,2020-01-01,1,mining_domestic
33213,2020-01-01,1,mining_domestic
34088,2020-01-01,1,mining_domestic
41091,2020-01-01,1,mining_domestic
45012,2020-01-01,1,mining_domestic
48898,2020-01-01,1,mining_domestic
49648,2020-01-01,1,mining_domestic
49938,2020-01-01,1,mining_domestic
50172,2020-01-01,1,mining_domestic
51143,2020-01-01,1,mining_domestic
56047,2020-01-01,1,mining_domestic
59255,2020-01-01,1,mining_domestic
59860,2020-01-01,1,mining_domestic
65172,2020-01-01,1,mining_domestic
66600,2020-01-01,1,mining_domestic
66756,2020-01-01,1,mining_domestic
66904,2020-01-01,1,mining_domestic
67716,2020-01-01,1,mining_domestic
71180,2020-01-01,1,mining_domestic
73986,2020-01-01,1,mining_domestic
74046,2020-01-01,1,mining_domestic
75594,2020-01-01,1,mining_domestic
81023,2020-01-01,1,mining_domestic
81027,2020-01-01,1,mining_domestic
82020,2020-01-01,1,mining_domestic
85535,2020-01-01,1,mining_domestic
90144,2020-01-01,1,mining_domestic
91440,2020-01-01,1,mining_domestic
92122,2020-01-01,1,mining_domestic
92487,2020-01-01,1,mining_domestic
101538,2020-01-01,1,mining_domestic
101594,2020-01-01,1,mining_domestic
107263,2020-01-01,1,mining_domestic
215466,2020-01-01,1,mining_domestic
277948,2020-01-01,1,mining_domestic
314203,2020-01-01,1,mining_domestic
711034,2020-01-01,1,mining_domestic
719413,2020-01-01,1,mining_domestic
754811,2020-01-01,1,mining_domestic
764065,2020-01-01,1,mining_domestic
773717,2020-01-01,1,mining_domestic
783324,2020-01-01,1,mining_domestic
788965,2020-01-01,1,mining_domestic
789933,2020-01-01,1,mining_domestic
808362,2020-01-01,1,mining_domestic
813762,2020-01-01,1,mining_domestic
821189,2020-01-01,1,mining_domestic
823768,2020-01-01,1,mining_domestic
827876,2020-01-01,1,mining_domestic
831259,2020-01-01,1,mining_domestic
839470,2020-01-01,1,mining_domestic
844059,2020-01-01,1,mining_domestic
851726,2020-01-01,1,mining_domestic
862651,2020-01-01,1,mining_domestic
886346,2020-01-01,1,mining_domestic
889331,2020-01-01,1,mining_domestic
891014,2020-01-01,1,mining_domestic
896493,2020-01-01,1,mining_domestic
916076,2020-01-01,1,mining_domestic
917225,2020-01-01,1,mining_domestic
918646,2020-01-01,1,mining_domestic
928576,2020-01-01,1,mining_domestic
1001601,2020-01-01,1,mining_domestic
1001838,2020-01-01,1,mining_domestic
1004155,2020-01-01,1,mining_domestic
1009759,2020-01-01,1,mining_domestic
1019849,2020-01-01,1,mining_domestic
1022321,2020-01-01,1,mining_domestic
1022671,2020-01-01,1,mining_domestic
1030192,2020-01-01,1,mining_domestic
1031093,2020-01-01,1,mining_domestic
1031296,2020-01-01,1,mining_domestic
1034563,2020-01-01,1,mining_domestic
1037676,2020-01-01,1,mining_domestic
1038357,2020-01-01,1,mining_domestic
1045810,2020-01-01,1,mining_domestic
1057877,2020-01-01,1,mining_domestic
1064728,2020-01-01,1,mining_domestic
1070412,2020-01-01,1,mining_domestic
1081316,2020-01-01,1,mining_domestic
1083848,2020-01-01,1,mining_domestic
1083922,2020-01-01,1,mining_domestic
1086600,2020-01-01,1,mining_domestic
1089819,2020-01-01,1,mining_domestic
1091748,2020-01-01,1,mining_domestic
1098296,2020-01-01,1,mining_domestic
1104657,2020-01-01,1,mining_domestic
1108426,2020-01-01,1,mining_domestic
1111741,2020-01-01,1,mining_domestic
1120970,2020-01-01,1,mining_domestic
1130464,2020-01-01,1,mining_domestic
1134115,2020-01-01,1,mining_domestic
1138608,2020-01-01,1,mining_domestic
1159275,2020-01-01,1,mining_domestic
1160661,2020-01-01,1,mining_domestic
1160791,2020-01-01,1,mining_domestic
1163302,2020-01-01,1,mining_domestic
1164727,2020-01-01,1,mining_domestic
1165639,2020-01-01,1,mining_domestic
1167419,2020-01-01,1,mining_domestic
1168081,2020-01-01,1,mining_domestic
1171486,2020-01-01,1,mining_domestic
1172178,2020-01-01,1,mining_domestic
1173420,2020-01-01,1,mining_domestic
1182737,2020-01-01,1,mining_domestic
1225307,2020-01-01,1,mining_domestic
1227654,2020-01-01,1,mining_domestic
1257640,2020-01-01,1,mining_domestic
1275229,2020-01-01,1,mining_domestic
1285785,2020-01-01,1,mining_domestic
1288750,2020-01-01,1,mining_domestic
1300734,2020-01-01,1,mining_domestic
1301838,2020-01-01,1,mining_domestic
1304409,2020-01-01,1,mining_domestic
1304492,2020-01-01,1,mining_domestic
1312109,2020-01-01,1,mining_domestic
1319643,2020-01-01,1,mining_domestic
1334933,2020-01-01,1,mining_domestic
1355677,2020-01-01,1,mining_domestic
1358654,2020-01-01,1,mining_domestic
1375063,2020-01-01,1,mining_domestic
1375205,2020-01-01,1,mining_domestic
1375348,2020-01-01,1,mining_domestic
1384135,2020-01-01,1,mining_domestic
1385849,2020-01-01,1,mining_domestic
1392694,2020-01-01,1,mining_domestic
1394108,2020-01-01,1,mining_domestic
1396009,2020-01-01,1,mining_domestic
1401835,2020-01-01,1,mining_domestic
1405663,2020-01-01,1,mining_domestic
1407583,2020-01-01,1,mining_domestic
1408146,2020-01-01,1,mining_domestic
1409171,2020-01-01,1,mining_domestic
1410636,2020-01-01,1,mining_domestic
1415332,2020-01-01,1,mining_domestic
1415744,2020-01-01,1,mining_domestic
1416090,2020-01-01,1,mining_domestic
1419806,2020-01-01,1,mining_domestic
1421461,2020-01-01,1,mining_domestic
1424864,2020-01-01,1,mining_domestic
1428389,2020-01-01,1,mining_domestic
1433270,2020-01-01,1,mining_domestic
1436229,2020-01-01,1,mining_domestic
1437283,2020-01-01,1,mining_domestic
1440153,2020-01-01,1,mining_domestic
1444839,2020-01-01,1,mining_domestic
1445942,2020-01-01,1,mining_domestic
1448597,2020-01-01,1,mining_domestic
1475430,2020-01-01,1,mining_domestic
1489096,2020-01-01,1,mining_domestic
1490630,2020-01-01,1,mining_domestic
1502377,2020-01-01,1,mining_domestic
1504461,2020-01-01,1,mining_domestic
1506929,2020-01-01,1,mining_domestic
1507605,2020-01-01,1,mining_domestic
1507964,2020-01-01,1,mining_domestic
1510295,2020-01-01,1,mining_domestic
1512228,2020-01-01,1,mining_domestic
1514705,2020-01-01,1,mining_domestic
1515156,2020-01-01,1,mining_domestic
1515317,2020-01-01,1,mining_domestic
1518171,2020-01-01,1,mining_domestic
1520006,2020-01-01,1,mining_domestic
1520118,2020-01-01,1,mining_domestic
1524741,2020-01-01,1,mining_domestic
1524872,2020-01-01,1,mining_domestic
1529628,2020-01-01,1,mining_domestic
1530804,2020-01-01,1,mining_domestic
1539680,2020-01-01,1,mining_domestic
1540684,2020-01-01,1,mining_domestic
1540729,2020-01-01,1,mining_domestic
1540947,2020-01-01,1,mining_domestic
1543418,2020-01-01,1,mining_domestic
1543637,2020-01-01,1,mining_domestic
1549848,2020-01-01,1,mining_domestic
1551206,2020-01-01,1,mining_domestic
1552000,2020-01-01,1,mining_domestic
1556179,2020-01-01,1,mining_domestic
1559157,2020-01-01,1,mining_domestic
1561180,2020-01-01,1,mining_domestic
1570132,2020-01-01,1,mining_domestic
1571371,2020-01-01,1,mining_domestic
1575051,2020-01-01,1,mining_domestic
1575659,2020-01-01,1,mining_domestic
1575858,2020-01-01,1,mining_domestic
1577882,2020-01-01,1,mining_domestic
1588489,2020-01-01,1,mining_domestic
1590584,2020-01-01,1,mining_domestic
1590715,2020-01-01,1,mining_domestic
1594204,2020-01-01,1,mining_domestic
1600470,2020-01-01,1,mining_domestic
1605481,2020-01-01,1,mining_domestic
1609711,2020-01-01,1,mining_domestic
1614466,2020-01-01,1,mining_domestic
1614556,2020-01-01,1,mining_domestic
1614826,2020-01-01,1,mining_domestic
1621563,2020-01-01,1,mining_domestic
1621906,2020-01-01,1,mining_domestic
1627223,2020-01-01,1,mining_domestic
1629210,2020-01-01,1,mining_domestic
1637558,2020-01-01,1,mining_domestic
1637880,2020-01-01,1,mining_domestic
1653710,2020-01-01,1,mining_domestic
1656501,2020-01-01,1,mining_domestic
1675149,2020-01-01,1,mining_domestic
1679268,2020-01-01,1,mining_domestic
1687187,2020-01-01,1,mining_domestic
1691303,2020-01-01,1,mining_domestic
1692819,2020-01-01,1,mining_domestic
1692981,2020-01-01,1,mining_domestic
1695473,2020-01-01,1,mining_domestic
1701605,2020-01-01,1,mining_domestic
1701859,2020-01-01,1,mining_domestic
1702494,2020-01-01,1,mining_domestic
1704715,2020-01-01,1,mining_domestic
1710366,2020-01-01,1,mining_domestic
1712189,2020-01-01,1,mining_domestic
1718227,2020-01-01,1,mining_domestic
1721781,2020-01-01,1,mining_domestic
1722287,2020-01-01,1,mining_domestic
1730346,2020-01-01,1,mining_domestic
1742924,2020-01-01,1,mining_domestic
1747009,2020-01-01,1,mining_domestic
1761534,2020-01-01,1,mining_domestic
1763925,2020-01-01,1,mining_domestic
1770561,2020-01-01,1,mining_domestic
2488,2021-01-01,1,mining_domestic
3153,2021-01-01,1,mining_domestic
4904,2021-01-01,1,mining_domestic
6879,2021-01-01,1,mining_domestic
7039,2021-01-01,1,mining_domestic
8328,2021-01-01,1,mining_domestic
18230,2021-01-01,1,mining_domestic
18672,2021-01-01,1,mining_domestic
22767,2021-01-01,1,mining_domestic
27093,2021-01-01,1,mining_domestic
33213,2021-01-01,1,mining_domestic
34088,2021-01-01,1,mining_domestic
41091,2021-01-01,1,mining_domestic
45012,2021-01-01,1,mining_domestic
49648,2021-01-01,1,mining_domestic
49938,2021-01-01,1,mining_domestic
50172,2021-01-01,1,mining_domestic
51143,2021-01-01,1,mining_domestic
56047,2021-01-01,1,mining_domestic
59255,2021-01-01,1,mining_domestic
59860,2021-01-01,1,mining_domestic
64463,2021-01-01,1,mining_domestic
65172,2021-01-01,1,mining_domestic
66600,2021-01-01,1,mining_domestic
66756,2021-01-01,1,mining_domestic
66904,2021-01-01,1,mining_domestic
67716,2021-01-01,1,mining_domestic
71180,2021-01-01,1,mining_domestic
73986,2021-01-01,1,mining_domestic
74046,2021-01-01,1,mining_domestic
74925,2021-01-01,1,mining_domestic
75594,2021-01-01,1,mining_domestic
81023,2021-01-01,1,mining_domestic
81027,2021-01-01,1,mining_domestic
82020,2021-01-01,1,mining_domestic
85535,2021-01-01,1,mining_domestic
90144,2021-01-01,1,mining_domestic
91440,2021-01-01,1,mining_domestic
92122,2021-01-01,1,mining_domestic
92487,2021-01-01,1,mining_domestic
101538,2021-01-01,1,mining_domestic
101594,2021-01-01,1,mining_domestic
107263,2021-01-01,1,mining_domestic
215466,2021-01-01,1,mining_domestic
277948,2021-01-01,1,mining_domestic
314203,2021-01-01,1,mining_domestic
711034,2021-01-01,1,mining_domestic
711477,2021-01-01,1,mining_domestic
719413,2021-01-01,1,mining_domestic
754811,2021-01-01,1,mining_domestic
764065,2021-01-01,1,mining_domestic
773717,2021-01-01,1,mining_domestic
783324,2021-01-01,1,mining_domestic
788965,2021-01-01,1,mining_domestic
789933,2021-01-01,1,mining_domestic
808362,2021-01-01,1,mining_domestic
813762,2021-01-01,1,mining_domestic
821189,2021-01-01,1,mining_domestic
823768,2021-01-01,1,mining_domestic
827876,2021-01-01,1,mining_domestic
831259,2021-01-01,1,mining_domestic
839470,2021-01-01,1,mining_domestic
844059,2021-01-01,1,mining_domestic
857949,2021-01-01,1,mining_domestic
862651,2021-01-01,1,mining_domestic
886346,2021-01-01,1,mining_domestic
889331,2021-01-01,1,mining_domestic
891014,2021-01-01,1,mining_domestic
896493,2021-01-01,1,mining_domestic
915913,2021-01-01,1,mining_domestic
916076,2021-01-01,1,mining_domestic
917225,2021-01-01,1,mining_domestic
918646,2021-01-01,1,mining_domestic
928576,2021-01-01,1,mining_domestic
1001601,2021-01-01,1,mining_domestic
1001838,2021-01-01,1,mining_domestic
1004155,2021-01-01,1,mining_domestic
1009759,2021-01-01,1,mining_domestic
1011509,2021-01-01,1,mining_domestic
1019849,2021-01-01,1,mining_domestic
1021096,2021-01-01,1,mining_domestic
1022321,2021-01-01,1,mining_domestic
1030192,2021-01-01,1,mining_domestic
1031093,2021-01-01,1,mining_domestic
1031296,2021-01-01,1,mining_domestic
1034563,2021-01-01,1,mining_domestic
1037676,2021-01-01,1,mining_domestic
1038357,2021-01-01,1,mining_domestic
1039466,2021-01-01,1,mining_domestic
1045810,2021-01-01,1,mining_domestic
1057877,2021-01-01,1,mining_domestic
1064722,2021-01-01,1,mining_domestic
1064728,2021-01-01,1,mining_domestic
1070412,2021-01-01,1,mining_domestic
1080448,2021-01-01,1,mining_domestic
1081316,2021-01-01,1,mining_domestic
1083922,2021-01-01,1,mining_domestic
1086600,2021-01-01,1,mining_domestic
1089819,2021-01-01,1,mining_domestic
1091748,2021-01-01,1,mining_domestic
1098296,2021-01-01,1,mining_domestic
1104657,2021-01-01,1,mining_domestic
1108426,2021-01-01,1,mining_domestic
1111741,2021-01-01,1,mining_domestic
1120970,2021-01-01,1,mining_domestic
1130464,2021-01-01,1,mining_domestic
1134115,2021-01-01,1,mining_domestic
1138608,2021-01-01,1,mining_domestic
1160661,2021-01-01,1,mining_domestic
1160791,2021-01-01,1,mining_domestic
1163302,2021-01-01,1,mining_domestic
1163389,2021-01-01,1,mining_domestic
1164727,2021-01-01,1,mining_domestic
1167419,2021-01-01,1,mining_domestic
1168081,2021-01-01,1,mining_domestic
1171486,2021-01-01,1,mining_domestic
1172178,2021-01-01,1,mining_domestic
1173420,2021-01-01,1,mining_domestic
1174891,2021-01-01,1,mining_domestic
1182737,2021-01-01,1,mining_domestic
1218683,2021-01-01,1,mining_domestic
1225307,2021-01-01,1,mining_domestic
1227654,2021-01-01,1,mining_domestic
1257640,2021-01-01,1,mining_domestic
1285785,2021-01-01,1,mining_domestic
1288750,2021-01-01,1,mining_domestic
1300734,2021-01-01,1,mining_domestic
1301838,2021-01-01,1,mining_domestic
1304409,2021-01-01,1,mining_domestic
1304492,2021-01-01,1,mining_domestic
1312109,2021-01-01,1,mining_domestic
1319643,2021-01-01,1,mining_domestic
1334933,2021-01-01,1,mining_domestic
1355677,2021-01-01,1,mining_domestic
1358654,2021-01-01,1,mining_domestic
1375205,2021-01-01,1,mining_domestic
1375348,2021-01-01,1,mining_domestic
1384135,2021-01-01,1,mining_domestic
1385849,2021-01-01,1,mining_domestic
1392694,2021-01-01,1,mining_domestic
1396009,2021-01-01,1,mining_domestic
1401835,2021-01-01,1,mining_domestic
1405663,2021-01-01,1,mining_domestic
1408146,2021-01-01,1,mining_domestic
1410636,2021-01-01,1,mining_domestic
1415332,2021-01-01,1,mining_domestic
1416090,2021-01-01,1,mining_domestic
1419806,2021-01-01,1,mining_domestic
1421461,2021-01-01,1,mining_domestic
1422892,2021-01-01,1,mining_domestic
1424864,2021-01-01,1,mining_domestic
1433270,2021-01-01,1,mining_domestic
1435617,2021-01-01,1,mining_domestic
1436229,2021-01-01,1,mining_domestic
1437283,2021-01-01,1,mining_domestic
1437491,2021-01-01,1,mining_domestic
1444839,2021-01-01,1,mining_domestic
1445942,2021-01-01,1,mining_domestic
1448597,2021-01-01,1,mining_domestic
1456802,2021-01-01,1,mining_domestic
1475430,2021-01-01,1,mining_domestic
1488419,2021-01-01,1,mining_domestic
1502377,2021-01-01,1,mining_domestic
1502557,2021-01-01,1,mining_domestic
1504461,2021-01-01,1,mining_domestic
1506929,2021-01-01,1,mining_domestic
1507605,2021-01-01,1,mining_domestic
1507964,2021-01-01,1,mining_domestic
1509786,2021-01-01,1,mining_domestic
1510295,2021-01-01,1,mining_domestic
1510832,2021-01-01,1,mining_domestic
1512228,2021-01-01,1,mining_domestic
1514705,2021-01-01,1,mining_domestic
1515156,2021-01-01,1,mining_domestic
1515317,2021-01-01,1,mining_domestic
1517006,2021-01-01,1,mining_domestic
1520006,2021-01-01,1,mining_domestic
1520118,2021-01-01,1,mining_domestic
1524741,2021-01-01,1,mining_domestic
1525852,2021-01-01,1,mining_domestic
1528129,2021-01-01,1,mining_domestic
1529628,2021-01-01,1,mining_domestic
1530804,2021-01-01,1,mining_domestic
1540684,2021-01-01,1,mining_domestic
1543418,2021-01-01,1,mining_domestic
1543637,2021-01-01,1,mining_domestic
1552000,2021-01-01,1,mining_domestic
1556179,2021-01-01,1,mining_domestic
1559157,2021-01-01,1,mining_domestic
1561180,2021-01-01,1,mining_domestic
1567388,2021-01-01,1,mining_domestic
1570132,2021-01-01,1,mining_domestic
1570937,2021-01-01,1,mining_domestic
1571371,2021-01-01,1,mining_domestic
1572386,2021-01-01,1,mining_domestic
1575051,2021-01-01,1,mining_domestic
1575858,2021-01-01,1,mining_domestic
1588489,2021-01-01,1,mining_domestic
1590584,2021-01-01,1,mining_domestic
1590715,2021-01-01,1,mining_domestic
1593812,2021-01-01,1,mining_domestic
1594204,2021-01-01,1,mining_domestic
1603291,2021-01-01,1,mining_domestic
1605481,2021-01-01,1,mining_domestic
1609711,2021-01-01,1,mining_domestic
1612851,2021-01-01,1,mining_domestic
1614466,2021-01-01,1,mining_domestic
1614556,2021-01-01,1,mining_domestic
1614826,2021-01-01,1,mining_domestic
1621563,2021-01-01,1,mining_domestic
1621906,2021-01-01,1,mining_domestic
1627223,2021-01-01,1,mining_domestic
1629210,2021-01-01,1,mining_domestic
1637880,2021-01-01,1,mining_domestic
1656501,2021-01-01,1,mining_domestic
1675149,2021-01-01,1,mining_domestic
1676852,2021-01-01,1,mining_domestic
1679268,2021-01-01,1,mining_domestic
1680689,2021-01-01,1,mining_domestic
1687187,2021-01-01,1,mining_domestic
1691303,2021-01-01,1,mining_domestic
1692819,2021-01-01,1,mining_domestic
1692981,2021-01-01,1,mining_domestic
1694028,2021-01-01,1,mining_domestic
1698832,2021-01-01,1,mining_domestic
1701605,2021-01-01,1,mining_domestic
1701859,2021-01-01,1,mining_domestic
1702494,2021-01-01,1,mining_domestic
1704715,2021-01-01,1,mining_domestic
1710366,2021-01-01,1,mining_domestic
1712189,2021-01-01,1,mining_domestic
1718227,2021-01-01,1,mining_domestic
1718405,2021-01-01,1,mining_domestic
1721781,2021-01-01,1,mining_domestic
1723089,2021-01-01,1,mining_domestic
1725210,2021-01-01,1,mining_domestic
1725579,2021-01-01,1,mining_domestic
1728205,2021-01-01,1,mining_domestic
1729997,2021-01-01,1,mining_domestic
1730346,2021-01-01,1,mining_domestic
1742924,2021-01-01,1,mining_domestic
1743759,2021-01-01,1,mining_domestic
1761534,2021-01-01,1,mining_domestic
1770561,2021-01-01,1,mining_domestic
1793330,2021-01-01,1,mining_domestic
1801368,2021-01-01,1,mining_domestic
1815302,2021-01-01,1,mining_domestic
1828377,2021-01-01,1,mining_domestic
1829311,2021-01-01,1,mining_domestic
2488,2022-01-01,1,mining_domestic
4904,2022-01-01,1,mining_domestic
6879,2022-01-01,1,mining_domestic
8328,2022-01-01,1,mining_domestic
18230,2022-01-01,1,mining_domestic
22767,2022-01-01,1,mining_domestic
27093,2022-01-01,1,mining_domestic
33213,2022-01-01,1,mining_domestic
34088,2022-01-01,1,mining_domestic
45012,2022-01-01,1,mining_domestic
49648,2022-01-01,1,mining_domestic
49938,2022-01-01,1,mining_domestic
50172,2022-01-01,1,mining_domestic
51143,2022-01-01,1,mining_domestic
56047,2022-01-01,1,mining_domestic
59255,2022-01-01,1,mining_domestic
59860,2022-01-01,1,mining_domestic
64463,2022-01-01,1,mining_domestic
65172,2022-01-01,1,mining_domestic
66600,2022-01-01,1,mining_domestic
66756,2022-01-01,1,mining_domestic
67716,2022-01-01,1,mining_domestic
71180,2022-01-01,1,mining_domestic
73986,2022-01-01,1,mining_domestic
74046,2022-01-01,1,mining_domestic
75594,2022-01-01,1,mining_domestic
81023,2022-01-01,1,mining_domestic
81027,2022-01-01,1,mining_domestic
82020,2022-01-01,1,mining_domestic
90144,2022-01-01,1,mining_domestic
91440,2022-01-01,1,mining_domestic
92487,2022-01-01,1,mining_domestic
101538,2022-01-01,1,mining_domestic
101594,2022-01-01,1,mining_domestic
102729,2022-01-01,1,mining_domestic
107263,2022-01-01,1,mining_domestic
215466,2022-01-01,1,mining_domestic
277948,2022-01-01,1,mining_domestic
314203,2022-01-01,1,mining_domestic
356590,2022-01-01,1,mining_domestic
711034,2022-01-01,1,mining_domestic
719413,2022-01-01,1,mining_domestic
754811,2022-01-01,1,mining_domestic
764065,2022-01-01,1,mining_domestic
773717,2022-01-01,1,mining_domestic
783324,2022-01-01,1,mining_domestic
788965,2022-01-01,1,mining_domestic
789933,2022-01-01,1,mining_domestic
798528,2022-01-01,1,mining_domestic
810136,2022-01-01,1,mining_domestic
813762,2022-01-01,1,mining_domestic
821189,2022-01-01,1,mining_domestic
823768,2022-01-01,1,mining_domestic
827876,2022-01-01,1,mining_domestic
831259,2022-01-01,1,mining_domestic
839470,2022-01-01,1,mining_domestic
844059,2022-01-01,1,mining_domestic
851726,2022-01-01,1,mining_domestic
857949,2022-01-01,1,mining_domestic
860131,2022-01-01,1,mining_domestic
861459,2022-01-01,1,mining_domestic
866439,2022-01-01,1,mining_domestic
886346,2022-01-01,1,mining_domestic
889331,2022-01-01,1,mining_domestic
891014,2022-01-01,1,mining_domestic
894556,2022-01-01,1,mining_domestic
896493,2022-01-01,1,mining_domestic
916076,2022-01-01,1,mining_domestic
917225,2022-01-01,1,mining_domestic
918646,2022-01-01,1,mining_domestic
921638,2022-01-01,1,mining_domestic
924095,2022-01-01,1,mining_domestic
924396,2022-01-01,1,mining_domestic
928576,2022-01-01,1,mining_domestic
1001601,2022-01-01,1,mining_domestic
1001838,2022-01-01,1,mining_domestic
1009759,2022-01-01,1,mining_domestic
1011509,2022-01-01,1,mining_domestic
1019849,2022-01-01,1,mining_domestic
1021917,2022-01-01,1,mining_domestic
1022321,2022-01-01,1,mining_domestic
1030192,2022-01-01,1,mining_domestic
1031093,2022-01-01,1,mining_domestic
1031296,2022-01-01,1,mining_domestic
1037676,2022-01-01,1,mining_domestic
1038357,2022-01-01,1,mining_domestic
1039466,2022-01-01,1,mining_domestic
1045810,2022-01-01,1,mining_domestic
1050446,2022-01-01,1,mining_domestic
1057877,2022-01-01,1,mining_domestic
1064722,2022-01-01,1,mining_domestic
1064728,2022-01-01,1,mining_domestic
1066923,2022-01-01,1,mining_domestic
1069258,2022-01-01,1,mining_domestic
1070412,2022-01-01,1,mining_domestic
1080448,2022-01-01,1,mining_domestic
1081316,2022-01-01,1,mining_domestic
1083301,2022-01-01,1,mining_domestic
1083922,2022-01-01,1,mining_domestic
1086600,2022-01-01,1,mining_domestic
1091748,2022-01-01,1,mining_domestic
1098296,2022-01-01,1,mining_domestic
1104657,2022-01-01,1,mining_domestic
1108426,2022-01-01,1,mining_domestic
1111741,2022-01-01,1,mining_domestic
1120970,2022-01-01,1,mining_domestic
1134115,2022-01-01,1,mining_domestic
1138608,2022-01-01,1,mining_domestic
1144879,2022-01-01,1,mining_domestic
1160791,2022-01-01,1,mining_domestic
1162896,2022-01-01,1,mining_domestic
1163302,2022-01-01,1,mining_domestic
1163389,2022-01-01,1,mining_domestic
1164727,2022-01-01,1,mining_domestic
1167419,2022-01-01,1,mining_domestic
1168081,2022-01-01,1,mining_domestic
1171486,2022-01-01,1,mining_domestic
1172178,2022-01-01,1,mining_domestic
1173420,2022-01-01,1,mining_domestic
1174891,2022-01-01,1,mining_domestic
1210618,2022-01-01,1,mining_domestic
1218683,2022-01-01,1,mining_domestic
1227654,2022-01-01,1,mining_domestic
1257640,2022-01-01,1,mining_domestic
1285785,2022-01-01,1,mining_domestic
1288750,2022-01-01,1,mining_domestic
1300734,2022-01-01,1,mining_domestic
1304409,2022-01-01,1,mining_domestic
1304492,2022-01-01,1,mining_domestic
1312109,2022-01-01,1,mining_domestic
1314196,2022-01-01,1,mining_domestic
1334933,2022-01-01,1,mining_domestic
1349706,2022-01-01,1,mining_domestic
1355677,2022-01-01,1,mining_domestic
1375205,2022-01-01,1,mining_domestic
1375348,2022-01-01,1,mining_domestic
1376321,2022-01-01,1,mining_domestic
1384135,2022-01-01,1,mining_domestic
1385849,2022-01-01,1,mining_domestic
1392380,2022-01-01,1,mining_domestic
1392694,2022-01-01,1,mining_domestic
1396009,2022-01-01,1,mining_domestic
1401835,2022-01-01,1,mining_domestic
1405663,2022-01-01,1,mining_domestic
1407583,2022-01-01,1,mining_domestic
1408146,2022-01-01,1,mining_domestic
1409446,2022-01-01,1,mining_domestic
1410636,2022-01-01,1,mining_domestic
1415332,2022-01-01,1,mining_domestic
1416090,2022-01-01,1,mining_domestic
1419806,2022-01-01,1,mining_domestic
1421461,2022-01-01,1,mining_domestic
1421517,2022-01-01,1,mining_domestic
1424404,2022-01-01,1,mining_domestic
1424864,2022-01-01,1,mining_domestic
1433270,2022-01-01,1,mining_domestic
1435387,2022-01-01,1,mining_domestic
1435617,2022-01-01,1,mining_domestic
1436229,2022-01-01,1,mining_domestic
1437491,2022-01-01,1,mining_domestic
1437750,2022-01-01,1,mining_domestic
1440153,2022-01-01,1,mining_domestic
1444839,2022-01-01,1,mining_domestic
1445942,2022-01-01,1,mining_domestic
1448597,2022-01-01,1,mining_domestic
1451448,2022-01-01,1,mining_domestic
1456802,2022-01-01,1,mining_domestic
1462056,2022-01-01,1,mining_domestic
1469115,2022-01-01,1,mining_domestic
1475430,2022-01-01,1,mining_domestic
1491487,2022-01-01,1,mining_domestic
1495231,2022-01-01,1,mining_domestic
1495648,2022-01-01,1,mining_domestic
1502377,2022-01-01,1,mining_domestic
1502557,2022-01-01,1,mining_domestic
1504461,2022-01-01,1,mining_domestic
1505952,2022-01-01,1,mining_domestic
1506929,2022-01-01,1,mining_domestic
1507605,2022-01-01,1,mining_domestic
1509786,2022-01-01,1,mining_domestic
1510295,2022-01-01,1,mining_domestic
1510832,2022-01-01,1,mining_domestic
1512228,2022-01-01,1,mining_domestic
1514705,2022-01-01,1,mining_domestic
1515156,2022-01-01,1,mining_domestic
1515317,2022-01-01,1,mining_domestic
1520006,2022-01-01,1,mining_domestic
1520118,2022-01-01,1,mining_domestic
1523486,2022-01-01,1,mining_domestic
1524741,2022-01-01,1,mining_domestic
1524872,2022-01-01,1,mining_domestic
1526243,2022-01-01,1,mining_domestic
1527102,2022-01-01,1,mining_domestic
1528129,2022-01-01,1,mining_domestic
1529628,2022-01-01,1,mining_domestic
1530804,2022-01-01,1,mining_domestic
1535079,2022-01-01,1,mining_domestic
1540684,2022-01-01,1,mining_domestic
1543418,2022-01-01,1,mining_domestic
1543637,2022-01-01,1,mining_domestic
1552000,2022-01-01,1,mining_domestic
1556179,2022-01-01,1,mining_domestic
1559157,2022-01-01,1,mining_domestic
1571371,2022-01-01,1,mining_domestic
1572386,2022-01-01,1,mining_domestic
1575051,2022-01-01,1,mining_domestic
1575659,2022-01-01,1,mining_domestic
1575858,2022-01-01,1,mining_domestic
1588489,2022-01-01,1,mining_domestic
1590584,2022-01-01,1,mining_domestic
1590715,2022-01-01,1,mining_domestic
1594204,2022-01-01,1,mining_domestic
1603291,2022-01-01,1,mining_domestic
1605481,2022-01-01,1,mining_domestic
1609711,2022-01-01,1,mining_domestic
1612851,2022-01-01,1,mining_domestic
1614556,2022-01-01,1,mining_domestic
1614826,2022-01-01,1,mining_domestic
1621563,2022-01-01,1,mining_domestic
1621832,2022-01-01,1,mining_domestic
1621906,2022-01-01,1,mining_domestic
1627223,2022-01-01,1,mining_domestic
1629210,2022-01-01,1,mining_domestic
1636051,2022-01-01,1,mining_domestic
1637880,2022-01-01,1,mining_domestic
1640384,2022-01-01,1,mining_domestic
1641398,2022-01-01,1,mining_domestic
1652958,2022-01-01,1,mining_domestic
1662684,2022-01-01,1,mining_domestic
1665300,2022-01-01,1,mining_domestic
1675149,2022-01-01,1,mining_domestic
1676852,2022-01-01,1,mining_domestic
1679268,2022-01-01,1,mining_domestic
1680689,2022-01-01,1,mining_domestic
1686400,2022-01-01,1,mining_domestic
1687187,2022-01-01,1,mining_domestic
1688126,2022-01-01,1,mining_domestic
1691303,2022-01-01,1,mining_domestic
1692819,2022-01-01,1,mining_domestic
1694028,2022-01-01,1,mining_domestic
1698832,2022-01-01,1,mining_domestic
1702494,2022-01-01,1,mining_domestic
1703157,2022-01-01,1,mining_domestic
1704715,2022-01-01,1,mining_domestic
1705181,2022-01-01,1,mining_domestic
1708410,2022-01-01,1,mining_domestic
1710366,2022-01-01,1,mining_domestic
1712189,2022-01-01,1,mining_domestic
1715768,2022-01-01,1,mining_domestic
1717556,2022-01-01,1,mining_domestic
1718227,2022-01-01,1,mining_domestic
1718405,2022-01-01,1,mining_domestic
1721781,2022-01-01,1,mining_domestic
1723089,2022-01-01,1,mining_domestic
1723788,2022-01-01,1,mining_domestic
1725210,2022-01-01,1,mining_domestic
1729997,2022-01-01,1,mining_domestic
1730346,2022-01-01,1,mining_domestic
1730869,2022-01-01,1,mining_domestic
1732406,2022-01-01,1,mining_domestic
1732409,2022-01-01,1,mining_domestic
1737372,2022-01-01,1,mining_domestic
1739445,2022-01-01,1,mining_domestic
1742924,2022-01-01,1,mining_domestic
1743759,2022-01-01,1,mining_domestic
1748945,2022-01-01,1,mining_domestic
1761534,2022-01-01,1,mining_domestic
1767057,2022-01-01,1,mining_domestic
1770561,2022-01-01,1,mining_domestic
1778784,2022-01-01,1,mining_domestic
1783879,2022-01-01,1,mining_domestic
1793330,2022-01-01,1,mining_domestic
1798562,2022-01-01,1,mining_domestic
1801368,2022-01-01,1,mining_domestic
1801762,2022-01-01,1,mining_domestic
1819989,2022-01-01,1,mining_domestic
1820302,2022-01-01,1,mining_domestic
1821769,2022-01-01,1,mining_domestic
1828377,2022-01-01,1,mining_domestic
1829311,2022-01-01,1,mining_domestic
1833909,2022-01-01,1,mining_domestic
1837344,2022-01-01,1,mining_domestic
1839341,2022-01-01,1,mining_domestic
1844971,2022-01-01,1,mining_domestic
1848334,2022-01-01,1,mining_domestic
1850699,2022-01-01,1,mining_domestic
1852353,2022-01-01,1,mining_domestic
1855474,2022-01-01,1,mining_domestic
1856028,2022-01-01,1,mining_domestic
1860879,2022-01-01,1,mining_domestic
1865191,2022-01-01,1,mining_domestic
1866757,2022-01-01,1,mining_domestic
1867072,2022-01-01,1,mining_domestic
1868573,2022-01-01,1,mining_domestic
1870471,2022-01-01,1,mining_domestic
1888654,2022-01-01,1,mining_domestic
2488,2023-01-01,1,mining_domestic
4904,2023-01-01,1,mining_domestic
6879,2023-01-01,1,mining_domestic
15615,2023-01-01,1,mining_domestic
18230,2023-01-01,1,mining_domestic
22767,2023-01-01,1,mining_domestic
27093,2023-01-01,1,mining_domestic
33213,2023-01-01,1,mining_domestic
34088,2023-01-01,1,mining_domestic
45012,2023-01-01,1,mining_domestic
49648,2023-01-01,1,mining_domestic
49938,2023-01-01,1,mining_domestic
50172,2023-01-01,1,mining_domestic
51143,2023-01-01,1,mining_domestic
56047,2023-01-01,1,mining_domestic
59255,2023-01-01,1,mining_domestic
59860,2023-01-01,1,mining_domestic
60714,2023-01-01,1,mining_domestic
64463,2023-01-01,1,mining_domestic
65172,2023-01-01,1,mining_domestic
66600,2023-01-01,1,mining_domestic
66756,2023-01-01,1,mining_domestic
67716,2023-01-01,1,mining_domestic
71180,2023-01-01,1,mining_domestic
73986,2023-01-01,1,mining_domestic
74046,2023-01-01,1,mining_domestic
74145,2023-01-01,1,mining_domestic
75594,2023-01-01,1,mining_domestic
81023,2023-01-01,1,mining_domestic
81027,2023-01-01,1,mining_domestic
82020,2023-01-01,1,mining_domestic
85535,2023-01-01,1,mining_domestic
90144,2023-01-01,1,mining_domestic
91440,2023-01-01,1,mining_domestic
92487,2023-01-01,1,mining_domestic
101538,2023-01-01,1,mining_domestic
101594,2023-01-01,1,mining_domestic
102729,2023-01-01,1,mining_domestic
107263,2023-01-01,1,mining_domestic
110471,2023-01-01,1,mining_domestic
215466,2023-01-01,1,mining_domestic
277948,2023-01-01,1,mining_domestic
314203,2023-01-01,1,mining_domestic
356590,2023-01-01,1,mining_domestic
711034,2023-01-01,1,mining_domestic
719413,2023-01-01,1,mining_domestic
743758,2023-01-01,1,mining_domestic
754811,2023-01-01,1,mining_domestic
764065,2023-01-01,1,mining_domestic
773717,2023-01-01,1,mining_domestic
783324,2023-01-01,1,mining_domestic
788965,2023-01-01,1,mining_domestic
789019,2023-01-01,1,mining_domestic
789933,2023-01-01,1,mining_domestic
798528,2023-01-01,1,mining_domestic
808362,2023-01-01,1,mining_domestic
810136,2023-01-01,1,mining_domestic
821189,2023-01-01,1,mining_domestic
823768,2023-01-01,1,mining_domestic
827876,2023-01-01,1,mining_domestic
831259,2023-01-01,1,mining_domestic
839470,2023-01-01,1,mining_domestic
844059,2023-01-01,1,mining_domestic
844965,2023-01-01,1,mining_domestic
857949,2023-01-01,1,mining_domestic
861459,2023-01-01,1,mining_domestic
862651,2023-01-01,1,mining_domestic
866439,2023-01-01,1,mining_domestic
886346,2023-01-01,1,mining_domestic
889331,2023-01-01,1,mining_domestic
891014,2023-01-01,1,mining_domestic
894556,2023-01-01,1,mining_domestic
896493,2023-01-01,1,mining_domestic
916076,2023-01-01,1,mining_domestic
917225,2023-01-01,1,mining_domestic
918646,2023-01-01,1,mining_domestic
921638,2023-01-01,1,mining_domestic
924095,2023-01-01,1,mining_domestic
928576,2023-01-01,1,mining_domestic
1001601,2023-01-01,1,mining_domestic
1001838,2023-01-01,1,mining_domestic
1011509,2023-01-01,1,mining_domestic
1019849,2023-01-01,1,mining_domestic
1021635,2023-01-01,1,mining_domestic
1021917,2023-01-01,1,mining_domestic
1022321,2023-01-01,1,mining_domestic
1030192,2023-01-01,1,mining_domestic
1031093,2023-01-01,1,mining_domestic
1031296,2023-01-01,1,mining_domestic
1037676,2023-01-01,1,mining_domestic
1038357,2023-01-01,1,mining_domestic
1039466,2023-01-01,1,mining_domestic
1045810,2023-01-01,1,mining_domestic
1050446,2023-01-01,1,mining_domestic
1057877,2023-01-01,1,mining_domestic
1064722,2023-01-01,1,mining_domestic
1064728,2023-01-01,1,mining_domestic
1066923,2023-01-01,1,mining_domestic
1070412,2023-01-01,1,mining_domestic
1080448,2023-01-01,1,mining_domestic
1081316,2023-01-01,1,mining_domestic
1083301,2023-01-01,1,mining_domestic
1083922,2023-01-01,1,mining_domestic
1086600,2023-01-01,1,mining_domestic
1091748,2023-01-01,1,mining_domestic
1098296,2023-01-01,1,mining_domestic
1104657,2023-01-01,1,mining_domestic
1108426,2023-01-01,1,mining_domestic
1111741,2023-01-01,1,mining_domestic
1120970,2023-01-01,1,mining_domestic
1134115,2023-01-01,1,mining_domestic
1144879,2023-01-01,1,mining_domestic
1160791,2023-01-01,1,mining_domestic
1162896,2023-01-01,1,mining_domestic
1163302,2023-01-01,1,mining_domestic
1164727,2023-01-01,1,mining_domestic
1167419,2023-01-01,1,mining_domestic
1168081,2023-01-01,1,mining_domestic
1171486,2023-01-01,1,mining_domestic
1172178,2023-01-01,1,mining_domestic
1173420,2023-01-01,1,mining_domestic
1174891,2023-01-01,1,mining_domestic
1210618,2023-01-01,1,mining_domestic
1218683,2023-01-01,1,mining_domestic
1227654,2023-01-01,1,mining_domestic
1236275,2023-01-01,1,mining_domestic
1257640,2023-01-01,1,mining_domestic
1262823,2023-01-01,1,mining_domestic
1263364,2023-01-01,1,mining_domestic
1277902,2023-01-01,1,mining_domestic
1285785,2023-01-01,1,mining_domestic
1300734,2023-01-01,1,mining_domestic
1304409,2023-01-01,1,mining_domestic
1304492,2023-01-01,1,mining_domestic
1314196,2023-01-01,1,mining_domestic
1334933,2023-01-01,1,mining_domestic
1339688,2023-01-01,1,mining_domestic
1375205,2023-01-01,1,mining_domestic
1375348,2023-01-01,1,mining_domestic
1376321,2023-01-01,1,mining_domestic
1385849,2023-01-01,1,mining_domestic
1392694,2023-01-01,1,mining_domestic
1396009,2023-01-01,1,mining_domestic
1401835,2023-01-01,1,mining_domestic
1407583,2023-01-01,1,mining_domestic
1408146,2023-01-01,1,mining_domestic
1409446,2023-01-01,1,mining_domestic
1410636,2023-01-01,1,mining_domestic
1415332,2023-01-01,1,mining_domestic
1416090,2023-01-01,1,mining_domestic
1419806,2023-01-01,1,mining_domestic
1421461,2023-01-01,1,mining_domestic
1421517,2023-01-01,1,mining_domestic
1422892,2023-01-01,1,mining_domestic
1424864,2023-01-01,1,mining_domestic
1433270,2023-01-01,1,mining_domestic
1434740,2023-01-01,1,mining_domestic
1436229,2023-01-01,1,mining_domestic
1437491,2023-01-01,1,mining_domestic
1438943,2023-01-01,1,mining_domestic
1444839,2023-01-01,1,mining_domestic
1445942,2023-01-01,1,mining_domestic
1448597,2023-01-01,1,mining_domestic
1462056,2023-01-01,1,mining_domestic
1466593,2023-01-01,1,mining_domestic
1469115,2023-01-01,1,mining_domestic
1471824,2023-01-01,1,mining_domestic
1487718,2023-01-01,1,mining_domestic
1495231,2023-01-01,1,mining_domestic
1502377,2023-01-01,1,mining_domestic
1504461,2023-01-01,1,mining_domestic
1505952,2023-01-01,1,mining_domestic
1506929,2023-01-01,1,mining_domestic
1507605,2023-01-01,1,mining_domestic
1509786,2023-01-01,1,mining_domestic
1510295,2023-01-01,1,mining_domestic
1512228,2023-01-01,1,mining_domestic
1512673,2023-01-01,1,mining_domestic
1514705,2023-01-01,1,mining_domestic
1515156,2023-01-01,1,mining_domestic
1515317,2023-01-01,1,mining_domestic
1517006,2023-01-01,1,mining_domestic
1520006,2023-01-01,1,mining_domestic
1520118,2023-01-01,1,mining_domestic
1524741,2023-01-01,1,mining_domestic
1526243,2023-01-01,1,mining_domestic
1527102,2023-01-01,1,mining_domestic
1528129,2023-01-01,1,mining_domestic
1529113,2023-01-01,1,mining_domestic
1529628,2023-01-01,1,mining_domestic
1530804,2023-01-01,1,mining_domestic
1536394,2023-01-01,1,mining_domestic
1540684,2023-01-01,1,mining_domestic
1543418,2023-01-01,1,mining_domestic
1543637,2023-01-01,1,mining_domestic
1552000,2023-01-01,1,mining_domestic
1556179,2023-01-01,1,mining_domestic
1559157,2023-01-01,1,mining_domestic
1567388,2023-01-01,1,mining_domestic
1571371,2023-01-01,1,mining_domestic
1572386,2023-01-01,1,mining_domestic
1575051,2023-01-01,1,mining_domestic
1575659,2023-01-01,1,mining_domestic
1575858,2023-01-01,1,mining_domestic
1576873,2023-01-01,1,mining_domestic
1588489,2023-01-01,1,mining_domestic
1590584,2023-01-01,1,mining_domestic
1590715,2023-01-01,1,mining_domestic
1591956,2023-01-01,1,mining_domestic
1594204,2023-01-01,1,mining_domestic
1603291,2023-01-01,1,mining_domestic
1605481,2023-01-01,1,mining_domestic
1609711,2023-01-01,1,mining_domestic
1614556,2023-01-01,1,mining_domestic
1621563,2023-01-01,1,mining_domestic
1621832,2023-01-01,1,mining_domestic
1621906,2023-01-01,1,mining_domestic
1627223,2023-01-01,1,mining_domestic
1629210,2023-01-01,1,mining_domestic
1636051,2023-01-01,1,mining_domestic
1637880,2023-01-01,1,mining_domestic
1640384,2023-01-01,1,mining_domestic
1641398,2023-01-01,1,mining_domestic
1652958,2023-01-01,1,mining_domestic
1662684,2023-01-01,1,mining_domestic
1665300,2023-01-01,1,mining_domestic
1675149,2023-01-01,1,mining_domestic
1678848,2023-01-01,1,mining_domestic
1679268,2023-01-01,1,mining_domestic
1679788,2023-01-01,1,mining_domestic
1680689,2023-01-01,1,mining_domestic
1687187,2023-01-01,1,mining_domestic
1688126,2023-01-01,1,mining_domestic
1691303,2023-01-01,1,mining_domestic
1692819,2023-01-01,1,mining_domestic
1694028,2023-01-01,1,mining_domestic
1701605,2023-01-01,1,mining_domestic
1702494,2023-01-01,1,mining_domestic
1703157,2023-01-01,1,mining_domestic
1704715,2023-01-01,1,mining_domestic
1705181,2023-01-01,1,mining_domestic
1710366,2023-01-01,1,mining_domestic
1712189,2023-01-01,1,mining_domestic
1715768,2023-01-01,1,mining_domestic
1718227,2023-01-01,1,mining_domestic
1718405,2023-01-01,1,mining_domestic
1720265,2023-01-01,1,mining_domestic
1721781,2023-01-01,1,mining_domestic
1723089,2023-01-01,1,mining_domestic
1723788,2023-01-01,1,mining_domestic
1727255,2023-01-01,1,mining_domestic
1728205,2023-01-01,1,mining_domestic
1729997,2023-01-01,1,mining_domestic
1730346,2023-01-01,1,mining_domestic
1730869,2023-01-01,1,mining_domestic
1732409,2023-01-01,1,mining_domestic
1737372,2023-01-01,1,mining_domestic
1739445,2023-01-01,1,mining_domestic
1742924,2023-01-01,1,mining_domestic
1743759,2023-01-01,1,mining_domestic
1748945,2023-01-01,1,mining_domestic
1755953,2023-01-01,1,mining_domestic
1761534,2023-01-01,1,mining_domestic
1763657,2023-01-01,1,mining_domestic
1767057,2023-01-01,1,mining_domestic
1770561,2023-01-01,1,mining_domestic
1778784,2023-01-01,1,mining_domestic
1783879,2023-01-01,1,mining_domestic
1798562,2023-01-01,1,mining_domestic
1801368,2023-01-01,1,mining_domestic
1811074,2023-01-01,1,mining_domestic
1819989,2023-01-01,1,mining_domestic
1820302,2023-01-01,1,mining_domestic
1828377,2023-01-01,1,mining_domestic
1829311,2023-01-01,1,mining_domestic
1837344,2023-01-01,1,mining_domestic
1839341,2023-01-01,1,mining_domestic
1844971,2023-01-01,1,mining_domestic
1848334,2023-01-01,1,mining_domestic
1850699,2023-01-01,1,mining_domestic
1853021,2023-01-01,1,mining_domestic
1855474,2023-01-01,1,mining_domestic
1856028,2023-01-01,1,mining_domestic
1860879,2023-01-01,1,mining_domestic
1865191,2023-01-01,1,mining_domestic
1866757,2023-01-01,1,mining_domestic
1868573,2023-01-01,1,mining_domestic
1879016,2023-01-01,1,mining_domestic
1881487,2023-01-01,1,mining_domestic
1882781,2023-01-01,1,mining_domestic
1888654,2023-01-01,1,mining_domestic
1892492,2023-01-01,1,mining_domestic
1894954,2023-01-01,1,mining_domestic
1936737,2023-01-01,1,mining_domestic
1945619,2023-01-01,1,mining_domestic
2488,2024-01-01,1,mining_domestic
4904,2024-01-01,1,mining_domestic
6879,2024-01-01,1,mining_domestic
8504,2024-01-01,1,mining_domestic
15615,2024-01-01,1,mining_domestic
18230,2024-01-01,1,mining_domestic
22767,2024-01-01,1,mining_domestic
27093,2024-01-01,1,mining_domestic
29915,2024-01-01,1,mining_domestic
33213,2024-01-01,1,mining_domestic
34088,2024-01-01,1,mining_domestic
45012,2024-01-01,1,mining_domestic
49648,2024-01-01,1,mining_domestic
49938,2024-01-01,1,mining_domestic
50172,2024-01-01,1,mining_domestic
51143,2024-01-01,1,mining_domestic
56047,2024-01-01,1,mining_domestic
59255,2024-01-01,1,mining_domestic
64463,2024-01-01,1,mining_domestic
65172,2024-01-01,1,mining_domestic
66740,2024-01-01,1,mining_domestic
66756,2024-01-01,1,mining_domestic
71180,2024-01-01,1,mining_domestic
72903,2024-01-01,1,mining_domestic
72909,2024-01-01,1,mining_domestic
73986,2024-01-01,1,mining_domestic
74046,2024-01-01,1,mining_domestic
75594,2024-01-01,1,mining_domestic
81018,2024-01-01,1,mining_domestic
81023,2024-01-01,1,mining_domestic
81027,2024-01-01,1,mining_domestic
82020,2024-01-01,1,mining_domestic
85535,2024-01-01,1,mining_domestic
90144,2024-01-01,1,mining_domestic
91440,2024-01-01,1,mining_domestic
92487,2024-01-01,1,mining_domestic
92521,2024-01-01,1,mining_domestic
101538,2024-01-01,1,mining_domestic
101594,2024-01-01,1,mining_domestic
102729,2024-01-01,1,mining_domestic
107263,2024-01-01,1,mining_domestic
110471,2024-01-01,1,mining_domestic
215466,2024-01-01,1,mining_domestic
277948,2024-01-01,1,mining_domestic
314203,2024-01-01,1,mining_domestic
711034,2024-01-01,1,mining_domestic
719413,2024-01-01,1,mining_domestic
736012,2024-01-01,1,mining_domestic
743758,2024-01-01,1,mining_domestic
754811,2024-01-01,1,mining_domestic
764065,2024-01-01,1,mining_domestic
773717,2024-01-01,1,mining_domestic
783324,2024-01-01,1,mining_domestic
788965,2024-01-01,1,mining_domestic
789019,2024-01-01,1,mining_domestic
789933,2024-01-01,1,mining_domestic
795800,2024-01-01,1,mining_domestic
798528,2024-01-01,1,mining_domestic
823277,2024-01-01,1,mining_domestic
823768,2024-01-01,1,mining_domestic
827876,2024-01-01,1,mining_domestic
831259,2024-01-01,1,mining_domestic
839470,2024-01-01,1,mining_domestic
844059,2024-01-01,1,mining_domestic
846377,2024-01-01,1,mining_domestic
849395,2024-01-01,1,mining_domestic
857949,2024-01-01,1,mining_domestic
861459,2024-01-01,1,mining_domestic
862651,2024-01-01,1,mining_domestic
866439,2024-01-01,1,mining_domestic
886346,2024-01-01,1,mining_domestic
889331,2024-01-01,1,mining_domestic
889900,2024-01-01,1,mining_domestic
891014,2024-01-01,1,mining_domestic
894556,2024-01-01,1,mining_domestic
896493,2024-01-01,1,mining_domestic
915913,2024-01-01,1,mining_domestic
916076,2024-01-01,1,mining_domestic
917225,2024-01-01,1,mining_domestic
918646,2024-01-01,1,mining_domestic
921638,2024-01-01,1,mining_domestic
928576,2024-01-01,1,mining_domestic
1001601,2024-01-01,1,mining_domestic
1001838,2024-01-01,1,mining_domestic
1009759,2024-01-01,1,mining_domestic
1011509,2024-01-01,1,mining_domestic
1019849,2024-01-01,1,mining_domestic
1021917,2024-01-01,1,mining_domestic
1022321,2024-01-01,1,mining_domestic
1030192,2024-01-01,1,mining_domestic
1031093,2024-01-01,1,mining_domestic
1031296,2024-01-01,1,mining_domestic
1035002,2024-01-01,1,mining_domestic
1037676,2024-01-01,1,mining_domestic
1038357,2024-01-01,1,mining_domestic
1039466,2024-01-01,1,mining_domestic
1045810,2024-01-01,1,mining_domestic
1050446,2024-01-01,1,mining_domestic
1057877,2024-01-01,1,mining_domestic
1064722,2024-01-01,1,mining_domestic
1064728,2024-01-01,1,mining_domestic
1066923,2024-01-01,1,mining_domestic
1070412,2024-01-01,1,mining_domestic
1080448,2024-01-01,1,mining_domestic
1081316,2024-01-01,1,mining_domestic
1083301,2024-01-01,1,mining_domestic
1086600,2024-01-01,1,mining_domestic
1091748,2024-01-01,1,mining_domestic
1098296,2024-01-01,1,mining_domestic
1104657,2024-01-01,1,mining_domestic
1108426,2024-01-01,1,mining_domestic
1111741,2024-01-01,1,mining_domestic
1120970,2024-01-01,1,mining_domestic
1123852,2024-01-01,1,mining_domestic
1134115,2024-01-01,1,mining_domestic
1144879,2024-01-01,1,mining_domestic
1160791,2024-01-01,1,mining_domestic
1162896,2024-01-01,1,mining_domestic
1163302,2024-01-01,1,mining_domestic
1164727,2024-01-01,1,mining_domestic
1167419,2024-01-01,1,mining_domestic
1168081,2024-01-01,1,mining_domestic
1171486,2024-01-01,1,mining_domestic
1173420,2024-01-01,1,mining_domestic
1174891,2024-01-01,1,mining_domestic
1193311,2024-01-01,1,mining_domestic
1218683,2024-01-01,1,mining_domestic
1227654,2024-01-01,1,mining_domestic
1257640,2024-01-01,1,mining_domestic
1262823,2024-01-01,1,mining_domestic
1263364,2024-01-01,1,mining_domestic
1276187,2024-01-01,1,mining_domestic
1285785,2024-01-01,1,mining_domestic
1288750,2024-01-01,1,mining_domestic
1300734,2024-01-01,1,mining_domestic
1304409,2024-01-01,1,mining_domestic
1304492,2024-01-01,1,mining_domestic
1314196,2024-01-01,1,mining_domestic
1334933,2024-01-01,1,mining_domestic
1339688,2024-01-01,1,mining_domestic
1355677,2024-01-01,1,mining_domestic
1375205,2024-01-01,1,mining_domestic
1375348,2024-01-01,1,mining_domestic
1376986,2024-01-01,1,mining_domestic
1385849,2024-01-01,1,mining_domestic
1392694,2024-01-01,1,mining_domestic
1396009,2024-01-01,1,mining_domestic
1401835,2024-01-01,1,mining_domestic
1407583,2024-01-01,1,mining_domestic
1408146,2024-01-01,1,mining_domestic
1410636,2024-01-01,1,mining_domestic
1415332,2024-01-01,1,mining_domestic
1416090,2024-01-01,1,mining_domestic
1419806,2024-01-01,1,mining_domestic
1421461,2024-01-01,1,mining_domestic
1422892,2024-01-01,1,mining_domestic
1424864,2024-01-01,1,mining_domestic
1433270,2024-01-01,1,mining_domestic
1434740,2024-01-01,1,mining_domestic
1436229,2024-01-01,1,mining_domestic
1437491,2024-01-01,1,mining_domestic
1437750,2024-01-01,1,mining_domestic
1438943,2024-01-01,1,mining_domestic
1440153,2024-01-01,1,mining_domestic
1444839,2024-01-01,1,mining_domestic
1445942,2024-01-01,1,mining_domestic
1448597,2024-01-01,1,mining_domestic
1462056,2024-01-01,1,mining_domestic
1469115,2024-01-01,1,mining_domestic
1471824,2024-01-01,1,mining_domestic
1474558,2024-01-01,1,mining_domestic
1487718,2024-01-01,1,mining_domestic
1495231,2024-01-01,1,mining_domestic
1502557,2024-01-01,1,mining_domestic
1505952,2024-01-01,1,mining_domestic
1506929,2024-01-01,1,mining_domestic
1507605,2024-01-01,1,mining_domestic
1509786,2024-01-01,1,mining_domestic
1510295,2024-01-01,1,mining_domestic
1512228,2024-01-01,1,mining_domestic
1512673,2024-01-01,1,mining_domestic
1514705,2024-01-01,1,mining_domestic
1515156,2024-01-01,1,mining_domestic
1515317,2024-01-01,1,mining_domestic
1517006,2024-01-01,1,mining_domestic
1520006,2024-01-01,1,mining_domestic
1520118,2024-01-01,1,mining_domestic
1524741,2024-01-01,1,mining_domestic
1526243,2024-01-01,1,mining_domestic
1528129,2024-01-01,1,mining_domestic
1529113,2024-01-01,1,mining_domestic
1529628,2024-01-01,1,mining_domestic
1530804,2024-01-01,1,mining_domestic
1536394,2024-01-01,1,mining_domestic
1540684,2024-01-01,1,mining_domestic
1543418,2024-01-01,1,mining_domestic
1543637,2024-01-01,1,mining_domestic
1552000,2024-01-01,1,mining_domestic
1559157,2024-01-01,1,mining_domestic
1567388,2024-01-01,1,mining_domestic
1567683,2024-01-01,1,mining_domestic
1571371,2024-01-01,1,mining_domestic
1572386,2024-01-01,1,mining_domestic
1575858,2024-01-01,1,mining_domestic
1576873,2024-01-01,1,mining_domestic
1588489,2024-01-01,1,mining_domestic
1590584,2024-01-01,1,mining_domestic
1590715,2024-01-01,1,mining_domestic
1591956,2024-01-01,1,mining_domestic
1594204,2024-01-01,1,mining_domestic
1603291,2024-01-01,1,mining_domestic
1605481,2024-01-01,1,mining_domestic
1609711,2024-01-01,1,mining_domestic
1621563,2024-01-01,1,mining_domestic
1621832,2024-01-01,1,mining_domestic
1621906,2024-01-01,1,mining_domestic
1627223,2024-01-01,1,mining_domestic
1629210,2024-01-01,1,mining_domestic
1636051,2024-01-01,1,mining_domestic
1637880,2024-01-01,1,mining_domestic
1640384,2024-01-01,1,mining_domestic
1652958,2024-01-01,1,mining_domestic
1662684,2024-01-01,1,mining_domestic
1665300,2024-01-01,1,mining_domestic
1675149,2024-01-01,1,mining_domestic
1679268,2024-01-01,1,mining_domestic
1679788,2024-01-01,1,mining_domestic
1680689,2024-01-01,1,mining_domestic
1687187,2024-01-01,1,mining_domestic
1688126,2024-01-01,1,mining_domestic
1691303,2024-01-01,1,mining_domestic
1692819,2024-01-01,1,mining_domestic
1694028,2024-01-01,1,mining_domestic
1701605,2024-01-01,1,mining_domestic
1702494,2024-01-01,1,mining_domestic
1703157,2024-01-01,1,mining_domestic
1704715,2024-01-01,1,mining_domestic
1705181,2024-01-01,1,mining_domestic
1710366,2024-01-01,1,mining_domestic
1712189,2024-01-01,1,mining_domestic
1718227,2024-01-01,1,mining_domestic
1718405,2024-01-01,1,mining_domestic
1720265,2024-01-01,1,mining_domestic
1721781,2024-01-01,1,mining_domestic
1723089,2024-01-01,1,mining_domestic
1723788,2024-01-01,1,mining_domestic
1727255,2024-01-01,1,mining_domestic
1728205,2024-01-01,1,mining_domestic
1729997,2024-01-01,1,mining_domestic
1730869,2024-01-01,1,mining_domestic
1732406,2024-01-01,1,mining_domestic
1732409,2024-01-01,1,mining_domestic
1739445,2024-01-01,1,mining_domestic
1743759,2024-01-01,1,mining_domestic
1748945,2024-01-01,1,mining_domestic
1751788,2024-01-01,1,mining_domestic
1753373,2024-01-01,1,mining_domestic
1755953,2024-01-01,1,mining_domestic
1761534,2024-01-01,1,mining_domestic
1763415,2024-01-01,1,mining_domestic
1770561,2024-01-01,1,mining_domestic
1778784,2024-01-01,1,mining_domestic
1781870,2024-01-01,1,mining_domestic
1783879,2024-01-01,1,mining_domestic
1784970,2024-01-01,1,mining_domestic
1796514,2024-01-01,1,mining_domestic
1798562,2024-01-01,1,mining_domestic
1801368,2024-01-01,1,mining_domestic
1811074,2024-01-01,1,mining_domestic
1819989,2024-01-01,1,mining_domestic
1820302,2024-01-01,1,mining_domestic
1828377,2024-01-01,1,mining_domestic
1829311,2024-01-01,1,mining_domestic
1830029,2024-01-01,1,mining_domestic
1838028,2024-01-01,1,mining_domestic
1839341,2024-01-01,1,mining_domestic
1841175,2024-01-01,1,mining_domestic
1843656,2024-01-01,1,mining_domestic
1844971,2024-01-01,1,mining_domestic
1848334,2024-01-01,1,mining_domestic
1850391,2024-01-01,1,mining_domestic
1852317,2024-01-01,1,mining_domestic
1852353,2024-01-01,1,mining_domestic
1855781,2024-01-01,1,mining_domestic
1856028,2024-01-01,1,mining_domestic
1860879,2024-01-01,1,mining_domestic
1866757,2024-01-01,1,mining_domestic
1869699,2024-01-01,1,mining_domestic
1879016,2024-01-01,1,mining_domestic
1881487,2024-01-01,1,mining_domestic
1882781,2024-01-01,1,mining_domestic
1888654,2024-01-01,1,mining_domestic
1892492,2024-01-01,1,mining_domestic
1897525,2024-01-01,1,mining_domestic
1923891,2024-01-01,1,mining_domestic
1936737,2024-01-01,1,mining_domestic
1947244,2024-01-01,1,mining_domestic
1947861,2024-01-01,1,mining_domestic
1955520,2024-01-01,1,mining_domestic
1977303,2024-01-01,1,mining_domestic
1980994,2024-01-01,1,mining_domestic
1984060,2024-01-01,1,mining_domestic
1985840,2024-01-01,1,mining_domestic
1992870,2024-01-01,1,mining_domestic
2488,2025-01-01,1,mining_domestic
4904,2025-01-01,1,mining_domestic
6879,2025-01-01,1,mining_domestic
8504,2025-01-01,1,mining_domestic
12239,2025-01-01,1,mining_domestic
15615,2025-01-01,1,mining_domestic
18230,2025-01-01,1,mining_domestic
18672,2025-01-01,1,mining_domestic
33213,2025-01-01,1,mining_domestic
34088,2025-01-01,1,mining_domestic
45012,2025-01-01,1,mining_domestic
49648,2025-01-01,1,mining_domestic
49938,2025-01-01,1,mining_domestic
50172,2025-01-01,1,mining_domestic
51143,2025-01-01,1,mining_domestic
56047,2025-01-01,1,mining_domestic
59255,2025-01-01,1,mining_domestic
60714,2025-01-01,1,mining_domestic
64463,2025-01-01,1,mining_domestic
65172,2025-01-01,1,mining_domestic
65770,2025-01-01,1,mining_domestic
66740,2025-01-01,1,mining_domestic
66756,2025-01-01,1,mining_domestic
71180,2025-01-01,1,mining_domestic
72903,2025-01-01,1,mining_domestic
72909,2025-01-01,1,mining_domestic
73986,2025-01-01,1,mining_domestic
75594,2025-01-01,1,mining_domestic
81018,2025-01-01,1,mining_domestic
81027,2025-01-01,1,mining_domestic
82020,2025-01-01,1,mining_domestic
85535,2025-01-01,1,mining_domestic
88000,2025-01-01,1,mining_domestic
90144,2025-01-01,1,mining_domestic
91440,2025-01-01,1,mining_domestic
92487,2025-01-01,1,mining_domestic
92521,2025-01-01,1,mining_domestic
101538,2025-01-01,1,mining_domestic
101594,2025-01-01,1,mining_domestic
102729,2025-01-01,1,mining_domestic
109657,2025-01-01,1,mining_domestic
110471,2025-01-01,1,mining_domestic
215466,2025-01-01,1,mining_domestic
277948,2025-01-01,1,mining_domestic
314203,2025-01-01,1,mining_domestic
711034,2025-01-01,1,mining_domestic
719413,2025-01-01,1,mining_domestic
764065,2025-01-01,1,mining_domestic
783324,2025-01-01,1,mining_domestic
788965,2025-01-01,1,mining_domestic
789933,2025-01-01,1,mining_domestic
793306,2025-01-01,1,mining_domestic
795800,2025-01-01,1,mining_domestic
798528,2025-01-01,1,mining_domestic
823768,2025-01-01,1,mining_domestic
831259,2025-01-01,1,mining_domestic
832988,2025-01-01,1,mining_domestic
839470,2025-01-01,1,mining_domestic
844059,2025-01-01,1,mining_domestic
846377,2025-01-01,1,mining_domestic
849395,2025-01-01,1,mining_domestic
861459,2025-01-01,1,mining_domestic
862651,2025-01-01,1,mining_domestic
862861,2025-01-01,1,mining_domestic
866439,2025-01-01,1,mining_domestic
885462,2025-01-01,1,mining_domestic
886346,2025-01-01,1,mining_domestic
889331,2025-01-01,1,mining_domestic
889900,2025-01-01,1,mining_domestic
891014,2025-01-01,1,mining_domestic
896493,2025-01-01,1,mining_domestic
915913,2025-01-01,1,mining_domestic
916076,2025-01-01,1,mining_domestic
917225,2025-01-01,1,mining_domestic
918646,2025-01-01,1,mining_domestic
921638,2025-01-01,1,mining_domestic
928576,2025-01-01,1,mining_domestic
949157,2025-01-01,1,mining_domestic
1001838,2025-01-01,1,mining_domestic
1009759,2025-01-01,1,mining_domestic
1011509,2025-01-01,1,mining_domestic
1019849,2025-01-01,1,mining_domestic
1022321,2025-01-01,1,mining_domestic
1030192,2025-01-01,1,mining_domestic
1031093,2025-01-01,1,mining_domestic
1031296,2025-01-01,1,mining_domestic
1035002,2025-01-01,1,mining_domestic
1038277,2025-01-01,1,mining_domestic
1045810,2025-01-01,1,mining_domestic
1050446,2025-01-01,1,mining_domestic
1057877,2025-01-01,1,mining_domestic
1064722,2025-01-01,1,mining_domestic
1064728,2025-01-01,1,mining_domestic
1066923,2025-01-01,1,mining_domestic
1070412,2025-01-01,1,mining_domestic
1080448,2025-01-01,1,mining_domestic
1081316,2025-01-01,1,mining_domestic
1083301,2025-01-01,1,mining_domestic
1086600,2025-01-01,1,mining_domestic
1089819,2025-01-01,1,mining_domestic
1091748,2025-01-01,1,mining_domestic
1098296,2025-01-01,1,mining_domestic
1104657,2025-01-01,1,mining_domestic
1111741,2025-01-01,1,mining_domestic
1120970,2025-01-01,1,mining_domestic
1123852,2025-01-01,1,mining_domestic
1134115,2025-01-01,1,mining_domestic
1160791,2025-01-01,1,mining_domestic
1162896,2025-01-01,1,mining_domestic
1163302,2025-01-01,1,mining_domestic
1164727,2025-01-01,1,mining_domestic
1167419,2025-01-01,1,mining_domestic
1171486,2025-01-01,1,mining_domestic
1173420,2025-01-01,1,mining_domestic
1174891,2025-01-01,1,mining_domestic
1193311,2025-01-01,1,mining_domestic
1218683,2025-01-01,1,mining_domestic
1257640,2025-01-01,1,mining_domestic
1262823,2025-01-01,1,mining_domestic
1263364,2025-01-01,1,mining_domestic
1276187,2025-01-01,1,mining_domestic
1285785,2025-01-01,1,mining_domestic
1304409,2025-01-01,1,mining_domestic
1304492,2025-01-01,1,mining_domestic
1314196,2025-01-01,1,mining_domestic
1339688,2025-01-01,1,mining_domestic
1368622,2025-01-01,1,mining_domestic
1375205,2025-01-01,1,mining_domestic
1385849,2025-01-01,1,mining_domestic
1391135,2025-01-01,1,mining_domestic
1392694,2025-01-01,1,mining_domestic
1396009,2025-01-01,1,mining_domestic
1407583,2025-01-01,1,mining_domestic
1410636,2025-01-01,1,mining_domestic
1415332,2025-01-01,1,mining_domestic
1416090,2025-01-01,1,mining_domestic
1419793,2025-01-01,1,mining_domestic
1419806,2025-01-01,1,mining_domestic
1421461,2025-01-01,1,mining_domestic
1421517,2025-01-01,1,mining_domestic
1433270,2025-01-01,1,mining_domestic
1434740,2025-01-01,1,mining_domestic
1436229,2025-01-01,1,mining_domestic
1438943,2025-01-01,1,mining_domestic
1444839,2025-01-01,1,mining_domestic
1448597,2025-01-01,1,mining_domestic
1474558,2025-01-01,1,mining_domestic
1487718,2025-01-01,1,mining_domestic
1495231,2025-01-01,1,mining_domestic
1500881,2025-01-01,1,mining_domestic
1502377,2025-01-01,1,mining_domestic
1502557,2025-01-01,1,mining_domestic
1505952,2025-01-01,1,mining_domestic
1507605,2025-01-01,1,mining_domestic
1510295,2025-01-01,1,mining_domestic
1512673,2025-01-01,1,mining_domestic
1514705,2025-01-01,1,mining_domestic
1515156,2025-01-01,1,mining_domestic
1515317,2025-01-01,1,mining_domestic
1520006,2025-01-01,1,mining_domestic
1526243,2025-01-01,1,mining_domestic
1528129,2025-01-01,1,mining_domestic
1529113,2025-01-01,1,mining_domestic
1529628,2025-01-01,1,mining_domestic
1530804,2025-01-01,1,mining_domestic
1540684,2025-01-01,1,mining_domestic
1543418,2025-01-01,1,mining_domestic
1543637,2025-01-01,1,mining_domestic
1552000,2025-01-01,1,mining_domestic
1554859,2025-01-01,1,mining_domestic
1567683,2025-01-01,1,mining_domestic
1572386,2025-01-01,1,mining_domestic
1575858,2025-01-01,1,mining_domestic
1588489,2025-01-01,1,mining_domestic
1590584,2025-01-01,1,mining_domestic
1590715,2025-01-01,1,mining_domestic
1591956,2025-01-01,1,mining_domestic
1594204,2025-01-01,1,mining_domestic
1603291,2025-01-01,1,mining_domestic
1605481,2025-01-01,1,mining_domestic
1614556,2025-01-01,1,mining_domestic
1621832,2025-01-01,1,mining_domestic
1621906,2025-01-01,1,mining_domestic
1622536,2025-01-01,1,mining_domestic
1627223,2025-01-01,1,mining_domestic
1637880,2025-01-01,1,mining_domestic
1640384,2025-01-01,1,mining_domestic
1652958,2025-01-01,1,mining_domestic
1662684,2025-01-01,1,mining_domestic
1664703,2025-01-01,1,mining_domestic
1665300,2025-01-01,1,mining_domestic
1671941,2025-01-01,1,mining_domestic
1675149,2025-01-01,1,mining_domestic
1679268,2025-01-01,1,mining_domestic
1679788,2025-01-01,1,mining_domestic
1680689,2025-01-01,1,mining_domestic
1687187,2025-01-01,1,mining_domestic
1691303,2025-01-01,1,mining_domestic
1692819,2025-01-01,1,mining_domestic
1694028,2025-01-01,1,mining_domestic
1701605,2025-01-01,1,mining_domestic
1702494,2025-01-01,1,mining_domestic
1703157,2025-01-01,1,mining_domestic
1704715,2025-01-01,1,mining_domestic
1705181,2025-01-01,1,mining_domestic
1710350,2025-01-01,1,mining_domestic
1710366,2025-01-01,1,mining_domestic
1712189,2025-01-01,1,mining_domestic
1718405,2025-01-01,1,mining_domestic
1720265,2025-01-01,1,mining_domestic
1721781,2025-01-01,1,mining_domestic
1723089,2025-01-01,1,mining_domestic
1723788,2025-01-01,1,mining_domestic
1727255,2025-01-01,1,mining_domestic
1728205,2025-01-01,1,mining_domestic
1739445,2025-01-01,1,mining_domestic
1743759,2025-01-01,1,mining_domestic
1753373,2025-01-01,1,mining_domestic
1755953,2025-01-01,1,mining_domestic
1761534,2025-01-01,1,mining_domestic
1763415,2025-01-01,1,mining_domestic
1770561,2025-01-01,1,mining_domestic
1778784,2025-01-01,1,mining_domestic
1783879,2025-01-01,1,mining_domestic
1784970,2025-01-01,1,mining_domestic
1801368,2025-01-01,1,mining_domestic
1811074,2025-01-01,1,mining_domestic
1812447,2025-01-01,1,mining_domestic
1819989,2025-01-01,1,mining_domestic
1820302,2025-01-01,1,mining_domestic
1821534,2025-01-01,1,mining_domestic
1826397,2025-01-01,1,mining_domestic
1828377,2025-01-01,1,mining_domestic
1838028,2025-01-01,1,mining_domestic
1839341,2025-01-01,1,mining_domestic
1841175,2025-01-01,1,mining_domestic
1843656,2025-01-01,1,mining_domestic
1844971,2025-01-01,1,mining_domestic
1850391,2025-01-01,1,mining_domestic
1852317,2025-01-01,1,mining_domestic
1852353,2025-01-01,1,mining_domestic
1853070,2025-01-01,1,mining_domestic
1853825,2025-01-01,1,mining_domestic
1853962,2025-01-01,1,mining_domestic
1855781,2025-01-01,1,mining_domestic
1860788,2025-01-01,1,mining_domestic
1860879,2025-01-01,1,mining_domestic
1866757,2025-01-01,1,mining_domestic
1869699,2025-01-01,1,mining_domestic
1879016,2025-01-01,1,mining_domestic
1881487,2025-01-01,1,mining_domestic
1889123,2025-01-01,1,mining_domestic
1892492,2025-01-01,1,mining_domestic
1897525,2025-01-01,1,mining_domestic
1901799,2025-01-01,1,mining_domestic
1936737,2025-01-01,1,mining_domestic
1947244,2025-01-01,1,mining_domestic
1947861,2025-01-01,1,mining_domestic
1955520,2025-01-01,1,mining_domestic
1964789,2025-01-01,1,mining_domestic
1966983,2025-01-01,1,mining_domestic
1970622,2025-01-01,1,mining_domestic
1977303,2025-01-01,1,mining_domestic
1980994,2025-01-01,1,mining_domestic
1984060,2025-01-01,1,mining_domestic
1992508,2025-01-01,1,mining_domestic
1992870,2025-01-01,1,mining_domestic
1995807,2025-01-01,1,mining_domestic
2015034,2025-01-01,1,mining_domestic
2029118,2025-01-01,1,mining_domestic
2037804,2025-01-01,1,mining_domestic
1611277,2017-01-01,1,investment_domestic
1627811,2017-01-01,1,investment_domestic
1167419,2018-01-01,1,investment_domestic
1459482,2018-01-01,1,investment_domestic
1611277,2018-01-01,1,investment_domestic
1050446,2020-01-01,1,investment_domestic
1507605,2021-01-01,1,investment_domestic
1512673,2021-01-01,1,investment_domestic
1588489,2021-01-01,1,investment_domestic
1830795,2021-01-01,1,investment_domestic
1512673,2022-01-01,1,investment_domestic
1588489,2022-01-01,1,investment_domestic
1652958,2022-01-01,1,investment_domestic
1066923,2023-01-01,1,investment_domestic
1360565,2023-01-01,1,investment_domestic
1512673,2023-01-01,1,investment_domestic
1588489,2023-01-01,1,investment_domestic
1592782,2023-01-01,1,investment_domestic
1512673,2024-01-01,1,investment_domestic
1554859,2024-01-01,1,investment_domestic
1588489,2024-01-01,1,investment_domestic
1787518,2024-01-01,1,investment_domestic
1839341,2024-01-01,1,investment_domestic
1853825,2024-01-01,1,investment_domestic
1859199,2024-01-01,1,investment_domestic
1889123,2024-01-01,1,investment_domestic
1050446,2025-01-01,1,investment_domestic
1512673,2025-01-01,1,investment_domestic
1518461,2025-01-01,1,investment_domestic
1554818,2025-01-01,1,investment_domestic
1650101,2025-01-01,1,investment_domestic
1688126,2025-01-01,1,investment_domestic
1755953,2025-01-01,1,investment_domestic
1853825,2025-01-01,1,investment_domestic
1859199,2025-01-01,1,investment_domestic
1865602,2025-01-01,1,investment_domestic
1889123,2025-01-01,1,investment_domestic
1946573,2025-01-01,1,investment_domestic
1679788,2022-01-01,1,risk_domestic
1686400,2022-01-01,1,risk_domestic
847942,2023-01-01,1,risk_domestic
1001171,2023-01-01,1,risk_domestic
1679788,2023-01-01,1,risk_domestic
847942,2024-01-01,1,risk_domestic
1001171,2024-01-01,1,risk_domestic
1980994,2024-01-01,1,risk_domestic
1985840,2024-01-01,1,risk_domestic
847942,2025-01-01,1,risk_domestic
1001171,2025-01-01,1,risk_domestic
1850391,2025-01-01,1,risk_domestic
1980994,2025-01-01,1,risk_domestic
