cik,date,value,component
74783,2001-01-01,1,adoption_domestic
86115,2001-01-01,1,adoption_domestic
864683,2001-01-01,1,adoption_domestic
890923,2001-01-01,1,adoption_domestic
943895,2001-01-01,1,adoption_domestic
1000693,2001-01-01,1,adoption_domestic
74783,2002-01-01,1,adoption_domestic
86115,2002-01-01,1,adoption_domestic
350797,2002-01-01,1,adoption_domestic
714154,2002-01-01,1,adoption_domestic
722077,2002-01-01,1,adoption_domestic
837991,2002-01-01,1,adoption_domestic
864683,2002-01-01,1,adoption_domestic
917273,2002-01-01,1,adoption_domestic
943895,2002-01-01,1,adoption_domestic
1005010,2002-01-01,1,adoption_domestic
1005284,2002-01-01,1,adoption_domestic
46989,2003-01-01,1,adoption_domestic
59440,2003-01-01,1,adoption_domestic
74783,2003-01-01,1,adoption_domestic
77543,2003-01-01,1,adoption_domestic
104169,2003-01-01,1,adoption_domestic
350797,2003-01-01,1,adoption_domestic
784977,2003-01-01,1,adoption_domestic
837991,2003-01-01,1,adoption_domestic
858346,2003-01-01,1,adoption_domestic
864683,2003-01-01,1,adoption_domestic
919482,2003-01-01,1,adoption_domestic
934749,2003-01-01,1,adoption_domestic
943895,2003-01-01,1,adoption_domestic
1003214,2003-01-01,1,adoption_domestic
1005010,2003-01-01,1,adoption_domestic
1005284,2003-01-01,1,adoption_domestic
1085776,2003-01-01,1,adoption_domestic
1121484,2003-01-01,1,adoption_domestic
1130194,2003-01-01,1,adoption_domestic
1139650,2003-01-01,1,adoption_domestic
1179484,2003-01-01,1,adoption_domestic
46989,2004-01-01,1,adoption_domestic
59440,2004-01-01,1,adoption_domestic
74783,2004-01-01,1,adoption_domestic
104169,2004-01-01,1,adoption_domestic
107687,2004-01-01,1,adoption_domestic
355199,2004-01-01,1,adoption_domestic
784977,2004-01-01,1,adoption_domestic
858346,2004-01-01,1,adoption_domestic
864683,2004-01-01,1,adoption_domestic
899689,2004-01-01,1,adoption_domestic
917273,2004-01-01,1,adoption_domestic
934749,2004-01-01,1,adoption_domestic
1003214,2004-01-01,1,adoption_domestic
1005010,2004-01-01,1,adoption_domestic
1005284,2004-01-01,1,adoption_domestic
1040660,2004-01-01,1,adoption_domestic
1040765,2004-01-01,1,adoption_domestic
1121484,2004-01-01,1,adoption_domestic
1130194,2004-01-01,1,adoption_domestic
46989,2005-01-01,1,adoption_domestic
59440,2005-01-01,1,adoption_domestic
104169,2005-01-01,1,adoption_domestic
355199,2005-01-01,1,adoption_domestic
732485,2005-01-01,1,adoption_domestic
784977,2005-01-01,1,adoption_domestic
864683,2005-01-01,1,adoption_domestic
888228,2005-01-01,1,adoption_domestic
899689,2005-01-01,1,adoption_domestic
923808,2005-01-01,1,adoption_domestic
1003214,2005-01-01,1,adoption_domestic
1005010,2005-01-01,1,adoption_domestic
1005284,2005-01-01,1,adoption_domestic
1010002,2005-01-01,1,adoption_domestic
1040660,2005-01-01,1,adoption_domestic
1040765,2005-01-01,1,adoption_domestic
1121484,2005-01-01,1,adoption_domestic
1130194,2005-01-01,1,adoption_domestic
1135017,2005-01-01,1,adoption_domestic
46989,2006-01-01,1,adoption_domestic
59440,2006-01-01,1,adoption_domestic
104169,2006-01-01,1,adoption_domestic
203077,2006-01-01,1,adoption_domestic
355199,2006-01-01,1,adoption_domestic
888228,2006-01-01,1,adoption_domestic
899689,2006-01-01,1,adoption_domestic
1005010,2006-01-01,1,adoption_domestic
1005284,2006-01-01,1,adoption_domestic
1010002,2006-01-01,1,adoption_domestic
1040765,2006-01-01,1,adoption_domestic
1041403,2006-01-01,1,adoption_domestic
1082510,2006-01-01,1,adoption_domestic
1121484,2006-01-01,1,adoption_domestic
1135017,2006-01-01,1,adoption_domestic
1306944,2006-01-01,1,adoption_domestic
54502,2007-01-01,1,adoption_domestic
59440,2007-01-01,1,adoption_domestic
104169,2007-01-01,1,adoption_domestic
203077,2007-01-01,1,adoption_domestic
864683,2007-01-01,1,adoption_domestic
888228,2007-01-01,1,adoption_domestic
899689,2007-01-01,1,adoption_domestic
1005010,2007-01-01,1,adoption_domestic
1005284,2007-01-01,1,adoption_domestic
1040765,2007-01-01,1,adoption_domestic
1121484,2007-01-01,1,adoption_domestic
1135017,2007-01-01,1,adoption_domestic
1306944,2007-01-01,1,adoption_domestic
54502,2008-01-01,1,adoption_domestic
59440,2008-01-01,1,adoption_domestic
104169,2008-01-01,1,adoption_domestic
203077,2008-01-01,1,adoption_domestic
776867,2008-01-01,1,adoption_domestic
863157,2008-01-01,1,adoption_domestic
864683,2008-01-01,1,adoption_domestic
888228,2008-01-01,1,adoption_domestic
899689,2008-01-01,1,adoption_domestic
1005010,2008-01-01,1,adoption_domestic
1005284,2008-01-01,1,adoption_domestic
1011064,2008-01-01,1,adoption_domestic
1032033,2008-01-01,1,adoption_domestic
1040765,2008-01-01,1,adoption_domestic
1045942,2008-01-01,1,adoption_domestic
1046995,2008-01-01,1,adoption_domestic
1102287,2008-01-01,1,adoption_domestic
1121484,2008-01-01,1,adoption_domestic
1135017,2008-01-01,1,adoption_domestic
1162000,2008-01-01,1,adoption_domestic
1272830,2008-01-01,1,adoption_domestic
1306944,2008-01-01,1,adoption_domestic
1369817,2008-01-01,1,adoption_domestic
1374845,2008-01-01,1,adoption_domestic
59440,2009-01-01,1,adoption_domestic
104169,2009-01-01,1,adoption_domestic
857073,2009-01-01,1,adoption_domestic
863157,2009-01-01,1,adoption_domestic
864683,2009-01-01,1,adoption_domestic
884629,2009-01-01,1,adoption_domestic
899689,2009-01-01,1,adoption_domestic
917520,2009-01-01,1,adoption_domestic
1005010,2009-01-01,1,adoption_domestic
1005284,2009-01-01,1,adoption_domestic
1040765,2009-01-01,1,adoption_domestic
1040896,2009-01-01,1,adoption_domestic
1121484,2009-01-01,1,adoption_domestic
1171012,2009-01-01,1,adoption_domestic
1272830,2009-01-01,1,adoption_domestic
1306944,2009-01-01,1,adoption_domestic
1363829,2009-01-01,1,adoption_domestic
1375793,2009-01-01,1,adoption_domestic
1427092,2009-01-01,1,adoption_domestic
7431,2010-01-01,1,adoption_domestic
59440,2010-01-01,1,adoption_domestic
90721,2010-01-01,1,adoption_domestic
104169,2010-01-01,1,adoption_domestic
863157,2010-01-01,1,adoption_domestic
864683,2010-01-01,1,adoption_domestic
884629,2010-01-01,1,adoption_domestic
899689,2010-01-01,1,adoption_domestic
907471,2010-01-01,1,adoption_domestic
917520,2010-01-01,1,adoption_domestic
1005010,2010-01-01,1,adoption_domestic
1040765,2010-01-01,1,adoption_domestic
1040896,2010-01-01,1,adoption_domestic
1121484,2010-01-01,1,adoption_domestic
1171012,2010-01-01,1,adoption_domestic
1272830,2010-01-01,1,adoption_domestic
1375793,2010-01-01,1,adoption_domestic
59440,2011-01-01,1,adoption_domestic
77449,2011-01-01,1,adoption_domestic
82166,2011-01-01,1,adoption_domestic
104169,2011-01-01,1,adoption_domestic
863157,2011-01-01,1,adoption_domestic
864683,2011-01-01,1,adoption_domestic
874501,2011-01-01,1,adoption_domestic
884629,2011-01-01,1,adoption_domestic
899689,2011-01-01,1,adoption_domestic
907471,2011-01-01,1,adoption_domestic
915324,2011-01-01,1,adoption_domestic
917520,2011-01-01,1,adoption_domestic
1040765,2011-01-01,1,adoption_domestic
1040896,2011-01-01,1,adoption_domestic
1121484,2011-01-01,1,adoption_domestic
1171012,2011-01-01,1,adoption_domestic
1272830,2011-01-01,1,adoption_domestic
1366649,2011-01-01,1,adoption_domestic
1375793,2011-01-01,1,adoption_domestic
1427925,2011-01-01,1,adoption_domestic
59440,2012-01-01,1,adoption_domestic
104169,2012-01-01,1,adoption_domestic
354655,2012-01-01,1,adoption_domestic
859598,2012-01-01,1,adoption_domestic
864683,2012-01-01,1,adoption_domestic
874501,2012-01-01,1,adoption_domestic
879585,2012-01-01,1,adoption_domestic
884629,2012-01-01,1,adoption_domestic
915324,2012-01-01,1,adoption_domestic
919742,2012-01-01,1,adoption_domestic
921547,2012-01-01,1,adoption_domestic
1040896,2012-01-01,1,adoption_domestic
1115222,2012-01-01,1,adoption_domestic
1121484,2012-01-01,1,adoption_domestic
1171012,2012-01-01,1,adoption_domestic
1261694,2012-01-01,1,adoption_domestic
1274644,2012-01-01,1,adoption_domestic
1277856,2012-01-01,1,adoption_domestic
1366649,2012-01-01,1,adoption_domestic
1375793,2012-01-01,1,adoption_domestic
1427925,2012-01-01,1,adoption_domestic
104169,2013-01-01,1,adoption_domestic
354655,2013-01-01,1,adoption_domestic
711665,2013-01-01,1,adoption_domestic
792987,2013-01-01,1,adoption_domestic
859598,2013-01-01,1,adoption_domestic
864683,2013-01-01,1,adoption_domestic
874501,2013-01-01,1,adoption_domestic
875622,2013-01-01,1,adoption_domestic
879585,2013-01-01,1,adoption_domestic
884629,2013-01-01,1,adoption_domestic
919742,2013-01-01,1,adoption_domestic
1040896,2013-01-01,1,adoption_domestic
1115222,2013-01-01,1,adoption_domestic
1121484,2013-01-01,1,adoption_domestic
1135152,2013-01-01,1,adoption_domestic
1171012,2013-01-01,1,adoption_domestic
1261694,2013-01-01,1,adoption_domestic
1274644,2013-01-01,1,adoption_domestic
1375793,2013-01-01,1,adoption_domestic
1401257,2013-01-01,1,adoption_domestic
1427925,2013-01-01,1,adoption_domestic
1456189,2013-01-01,1,adoption_domestic
1476170,2013-01-01,1,adoption_domestic
1516887,2013-01-01,1,adoption_domestic
104169,2014-01-01,1,adoption_domestic
354655,2014-01-01,1,adoption_domestic
859598,2014-01-01,1,adoption_domestic
864683,2014-01-01,1,adoption_domestic
875622,2014-01-01,1,adoption_domestic
919742,2014-01-01,1,adoption_domestic
1040896,2014-01-01,1,adoption_domestic
1115222,2014-01-01,1,adoption_domestic
1120370,2014-01-01,1,adoption_domestic
1121484,2014-01-01,1,adoption_domestic
1135152,2014-01-01,1,adoption_domestic
1171012,2014-01-01,1,adoption_domestic
1324424,2014-01-01,1,adoption_domestic
1427925,2014-01-01,1,adoption_domestic
1438133,2014-01-01,1,adoption_domestic
1456189,2014-01-01,1,adoption_domestic
1516887,2014-01-01,1,adoption_domestic
1575574,2014-01-01,1,adoption_domestic
1578845,2014-01-01,1,adoption_domestic
8868,2015-01-01,1,adoption_domestic
104169,2015-01-01,1,adoption_domestic
763901,2015-01-01,1,adoption_domestic
859598,2015-01-01,1,adoption_domestic
864683,2015-01-01,1,adoption_domestic
875622,2015-01-01,1,adoption_domestic
1040896,2015-01-01,1,adoption_domestic
1077370,2015-01-01,1,adoption_domestic
1108109,2015-01-01,1,adoption_domestic
1120370,2015-01-01,1,adoption_domestic
1121484,2015-01-01,1,adoption_domestic
1135152,2015-01-01,1,adoption_domestic
1171012,2015-01-01,1,adoption_domestic
1178727,2015-01-01,1,adoption_domestic
1324424,2015-01-01,1,adoption_domestic
1336545,2015-01-01,1,adoption_domestic
1427925,2015-01-01,1,adoption_domestic
1438133,2015-01-01,1,adoption_domestic
1456189,2015-01-01,1,adoption_domestic
1498372,2015-01-01,1,adoption_domestic
1516887,2015-01-01,1,adoption_domestic
1578845,2015-01-01,1,adoption_domestic
1620602,2015-01-01,1,adoption_domestic
8868,2016-01-01,1,adoption_domestic
104169,2016-01-01,1,adoption_domestic
763901,2016-01-01,1,adoption_domestic
859598,2016-01-01,1,adoption_domestic
875622,2016-01-01,1,adoption_domestic
1012569,2016-01-01,1,adoption_domestic
1037131,2016-01-01,1,adoption_domestic
1040896,2016-01-01,1,adoption_domestic
1045942,2016-01-01,1,adoption_domestic
1077370,2016-01-01,1,adoption_domestic
1121484,2016-01-01,1,adoption_domestic
1135152,2016-01-01,1,adoption_domestic
1178727,2016-01-01,1,adoption_domestic
1276187,2016-01-01,1,adoption_domestic
1324424,2016-01-01,1,adoption_domestic
1427925,2016-01-01,1,adoption_domestic
1438133,2016-01-01,1,adoption_domestic
1449732,2016-01-01,1,adoption_domestic
1456189,2016-01-01,1,adoption_domestic
1516887,2016-01-01,1,adoption_domestic
5981,2017-01-01,1,adoption_domestic
8868,2017-01-01,1,adoption_domestic
104169,2017-01-01,1,adoption_domestic
763901,2017-01-01,1,adoption_domestic
837010,2017-01-01,1,adoption_domestic
859598,2017-01-01,1,adoption_domestic
875622,2017-01-01,1,adoption_domestic
1040896,2017-01-01,1,adoption_domestic
1045942,2017-01-01,1,adoption_domestic
1077370,2017-01-01,1,adoption_domestic
1121484,2017-01-01,1,adoption_domestic
1161706,2017-01-01,1,adoption_domestic
1178727,2017-01-01,1,adoption_domestic
1324424,2017-01-01,1,adoption_domestic
1427925,2017-01-01,1,adoption_domestic
1449732,2017-01-01,1,adoption_domestic
1456189,2017-01-01,1,adoption_domestic
1516887,2017-01-01,1,adoption_domestic
1535929,2017-01-01,1,adoption_domestic
1704795,2017-01-01,1,adoption_domestic
5981,2018-01-01,1,adoption_domestic
6955,2018-01-01,1,adoption_domestic
8868,2018-01-01,1,adoption_domestic
104169,2018-01-01,1,adoption_domestic
837010,2018-01-01,1,adoption_domestic
875622,2018-01-01,1,adoption_domestic
1040896,2018-01-01,1,adoption_domestic
1045942,2018-01-01,1,adoption_domestic
1048911,2018-01-01,1,adoption_domestic
1121484,2018-01-01,1,adoption_domestic
1178727,2018-01-01,1,adoption_domestic
1324424,2018-01-01,1,adoption_domestic
1397403,2018-01-01,1,adoption_domestic
1427925,2018-01-01,1,adoption_domestic
1449732,2018-01-01,1,adoption_domestic
1516887,2018-01-01,1,adoption_domestic
1520118,2018-01-01,1,adoption_domestic
1535929,2018-01-01,1,adoption_domestic
1681459,2018-01-01,1,adoption_domestic
1690334,2018-01-01,1,adoption_domestic
1702924,2018-01-01,1,adoption_domestic
1704795,2018-01-01,1,adoption_domestic
5981,2019-01-01,1,adoption_domestic
8868,2019-01-01,1,adoption_domestic
38777,2019-01-01,1,adoption_domestic
104169,2019-01-01,1,adoption_domestic
763901,2019-01-01,1,adoption_domestic
837010,2019-01-01,1,adoption_domestic
842013,2019-01-01,1,adoption_domestic
875622,2019-01-01,1,adoption_domestic
896622,2019-01-01,1,adoption_domestic
903651,2019-01-01,1,adoption_domestic
1014111,2019-01-01,1,adoption_domestic
1040896,2019-01-01,1,adoption_domestic
1082324,2019-01-01,1,adoption_domestic
1121484,2019-01-01,1,adoption_domestic
1178727,2019-01-01,1,adoption_domestic
1349436,2019-01-01,1,adoption_domestic
1403161,2019-01-01,1,adoption_domestic
1427925,2019-01-01,1,adoption_domestic
1515139,2019-01-01,1,adoption_domestic
1516887,2019-01-01,1,adoption_domestic
1520118,2019-01-01,1,adoption_domestic
1527531,2019-01-01,1,adoption_domestic
1528503,2019-01-01,1,adoption_domestic
1530219,2019-01-01,1,adoption_domestic
1532826,2019-01-01,1,adoption_domestic
1535929,2019-01-01,1,adoption_domestic
1542830,2019-01-01,1,adoption_domestic
1545018,2019-01-01,1,adoption_domestic
1548266,2019-01-01,1,adoption_domestic
1548599,2019-01-01,1,adoption_domestic
1550120,2019-01-01,1,adoption_domestic
1550221,2019-01-01,1,adoption_domestic
1552328,2019-01-01,1,adoption_domestic
1553817,2019-01-01,1,adoption_domestic
1554776,2019-01-01,1,adoption_domestic
1556601,2019-01-01,1,adoption_domestic
1556811,2019-01-01,1,adoption_domestic
1557805,2019-01-01,1,adoption_domestic
1558013,2019-01-01,1,adoption_domestic
1558546,2019-01-01,1,adoption_domestic
1559450,2019-01-01,1,adoption_domestic
1560456,2019-01-01,1,adoption_domestic
1561726,2019-01-01,1,adoption_domestic
1561727,2019-01-01,1,adoption_domestic
1566053,2019-01-01,1,adoption_domestic
1566543,2019-01-01,1,adoption_domestic
1567572,2019-01-01,1,adoption_domestic
1569414,2019-01-01,1,adoption_domestic
1572493,2019-01-01,1,adoption_domestic
1573946,2019-01-01,1,adoption_domestic
1575190,2019-01-01,1,adoption_domestic
1576047,2019-01-01,1,adoption_domestic
1578422,2019-01-01,1,adoption_domestic
1578423,2019-01-01,1,adoption_domestic
1580013,2019-01-01,1,adoption_domestic
1580891,2019-01-01,1,adoption_domestic
1581653,2019-01-01,1,adoption_domestic
1582037,2019-01-01,1,adoption_domestic
1585067,2019-01-01,1,adoption_domestic
1585673,2019-01-01,1,adoption_domestic
1587234,2019-01-01,1,adoption_domestic
1587497,2019-01-01,1,adoption_domestic
1587980,2019-01-01,1,adoption_domestic
1587981,2019-01-01,1,adoption_domestic
1588251,2019-01-01,1,adoption_domestic
1589802,2019-01-01,1,adoption_domestic
1589803,2019-01-01,1,adoption_domestic
1590058,2019-01-01,1,adoption_domestic
1590231,2019-01-01,1,adoption_domestic
1590757,2019-01-01,1,adoption_domestic
1593269,2019-01-01,1,adoption_domestic
1594136,2019-01-01,1,adoption_domestic
1595710,2019-01-01,1,adoption_domestic
1595726,2019-01-01,1,adoption_domestic
1596958,2019-01-01,1,adoption_domestic
1597339,2019-01-01,1,adoption_domestic
1600823,2019-01-01,1,adoption_domestic
1600824,2019-01-01,1,adoption_domestic
1600831,2019-01-01,1,adoption_domestic
1601617,2019-01-01,1,adoption_domestic
1601705,2019-01-01,1,adoption_domestic
1601744,2019-01-01,1,adoption_domestic
1603578,2019-01-01,1,adoption_domestic
1604083,2019-01-01,1,adoption_domestic
1604119,2019-01-01,1,adoption_domestic
1605257,2019-01-01,1,adoption_domestic
1606442,2019-01-01,1,adoption_domestic
1607484,2019-01-01,1,adoption_domestic
1607641,2019-01-01,1,adoption_domestic
1607865,2019-01-01,1,adoption_domestic
1609671,2019-01-01,1,adoption_domestic
1610486,2019-01-01,1,adoption_domestic
1610796,2019-01-01,1,adoption_domestic
1612124,2019-01-01,1,adoption_domestic
1612518,2019-01-01,1,adoption_domestic
1614033,2019-01-01,1,adoption_domestic
1616666,2019-01-01,1,adoption_domestic
1617760,2019-01-01,1,adoption_domestic
1617959,2019-01-01,1,adoption_domestic
1618150,2019-01-01,1,adoption_domestic
1618713,2019-01-01,1,adoption_domestic
1619511,2019-01-01,1,adoption_domestic
1619616,2019-01-01,1,adoption_domestic
1620305,2019-01-01,1,adoption_domestic
1621379,2019-01-01,1,adoption_domestic
1621466,2019-01-01,1,adoption_domestic
1622413,2019-01-01,1,adoption_domestic
1622765,2019-01-01,1,adoption_domestic
1623838,2019-01-01,1,adoption_domestic
1623916,2019-01-01,1,adoption_domestic
1625426,2019-01-01,1,adoption_domestic
1626941,2019-01-01,1,adoption_domestic
1628112,2019-01-01,1,adoption_domestic
1629069,2019-01-01,1,adoption_domestic
1629716,2019-01-01,1,adoption_domestic
1630477,2019-01-01,1,adoption_domestic
1630513,2019-01-01,1,adoption_domestic
1632814,2019-01-01,1,adoption_domestic
1633533,2019-01-01,1,adoption_domestic
1634172,2019-01-01,1,adoption_domestic
1636513,2019-01-01,1,adoption_domestic
1636708,2019-01-01,1,adoption_domestic
1637008,2019-01-01,1,adoption_domestic
1638227,2019-01-01,1,adoption_domestic
1638933,2019-01-01,1,adoption_domestic
1639353,2019-01-01,1,adoption_domestic
1640052,2019-01-01,1,adoption_domestic
1640584,2019-01-01,1,adoption_domestic
1640775,2019-01-01,1,adoption_domestic
1642727,2019-01-01,1,adoption_domestic
1643550,2019-01-01,1,adoption_domestic
1643661,2019-01-01,1,adoption_domestic
1644697,2019-01-01,1,adoption_domestic
1644943,2019-01-01,1,adoption_domestic
1645384,2019-01-01,1,adoption_domestic
1646736,2019-01-01,1,adoption_domestic
1646924,2019-01-01,1,adoption_domestic
1647587,2019-01-01,1,adoption_domestic
1647980,2019-01-01,1,adoption_domestic
1648439,2019-01-01,1,adoption_domestic
1648858,2019-01-01,1,adoption_domestic
1649184,2019-01-01,1,adoption_domestic
1651164,2019-01-01,1,adoption_domestic
1651588,2019-01-01,1,adoption_domestic
1651790,2019-01-01,1,adoption_domestic
1652031,2019-01-01,1,adoption_domestic
1652672,2019-01-01,1,adoption_domestic
1652884,2019-01-01,1,adoption_domestic
1652982,2019-01-01,1,adoption_domestic
1653542,2019-01-01,1,adoption_domestic
1654330,2019-01-01,1,adoption_domestic
1654734,2019-01-01,1,adoption_domestic
1655153,2019-01-01,1,adoption_domestic
1655591,2019-01-01,1,adoption_domestic
1656047,2019-01-01,1,adoption_domestic
1656088,2019-01-01,1,adoption_domestic
1656681,2019-01-01,1,adoption_domestic
1656839,2019-01-01,1,adoption_domestic
1657325,2019-01-01,1,adoption_domestic
1657889,2019-01-01,1,adoption_domestic
1659329,2019-01-01,1,adoption_domestic
1659981,2019-01-01,1,adoption_domestic
1661136,2019-01-01,1,adoption_domestic
1661589,2019-01-01,1,adoption_domestic
1662784,2019-01-01,1,adoption_domestic
1663239,2019-01-01,1,adoption_domestic
1663240,2019-01-01,1,adoption_domestic
1663645,2019-01-01,1,adoption_domestic
1664682,2019-01-01,1,adoption_domestic
1665081,2019-01-01,1,adoption_domestic
1666156,2019-01-01,1,adoption_domestic
1668738,2019-01-01,1,adoption_domestic
1668931,2019-01-01,1,adoption_domestic
1669393,2019-01-01,1,adoption_domestic
1669990,2019-01-01,1,adoption_domestic
1670601,2019-01-01,1,adoption_domestic
1671048,2019-01-01,1,adoption_domestic
1671520,2019-01-01,1,adoption_domestic
1671740,2019-01-01,1,adoption_domestic
1672587,2019-01-01,1,adoption_domestic
1672609,2019-01-01,1,adoption_domestic
1673255,2019-01-01,1,adoption_domestic
1673542,2019-01-01,1,adoption_domestic
1675928,2019-01-01,1,adoption_domestic
1676734,2019-01-01,1,adoption_domestic
1677913,2019-01-01,1,adoption_domestic
1678038,2019-01-01,1,adoption_domestic
1678740,2019-01-01,1,adoption_domestic
1679327,2019-01-01,1,adoption_domestic
1679420,2019-01-01,1,adoption_domestic
1681031,2019-01-01,1,adoption_domestic
1681459,2019-01-01,1,adoption_domestic
1681906,2019-01-01,1,adoption_domestic
1682405,2019-01-01,1,adoption_domestic
1682860,2019-01-01,1,adoption_domestic
1683300,2019-01-01,1,adoption_domestic
1683489,2019-01-01,1,adoption_domestic
1684093,2019-01-01,1,adoption_domestic
1685054,2019-01-01,1,adoption_domestic
1685212,2019-01-01,1,adoption_domestic
1685854,2019-01-01,1,adoption_domestic
1686150,2019-01-01,1,adoption_domestic
1687031,2019-01-01,1,adoption_domestic
1687202,2019-01-01,1,adoption_domestic
1687374,2019-01-01,1,adoption_domestic
1687605,2019-01-01,1,adoption_domestic
1687955,2019-01-01,1,adoption_domestic
1688149,2019-01-01,1,adoption_domestic
1688451,2019-01-01,1,adoption_domestic
1688957,2019-01-01,1,adoption_domestic
1689111,2019-01-01,1,adoption_domestic
1689417,2019-01-01,1,adoption_domestic
1690110,2019-01-01,1,adoption_domestic
1690255,2019-01-01,1,adoption_domestic
1690334,2019-01-01,1,adoption_domestic
1690577,2019-01-01,1,adoption_domestic
1691198,2019-01-01,1,adoption_domestic
1693368,2019-01-01,1,adoption_domestic
1693737,2019-01-01,1,adoption_domestic
1694649,2019-01-01,1,adoption_domestic
1695154,2019-01-01,1,adoption_domestic
1695924,2019-01-01,1,adoption_domestic
1696707,2019-01-01,1,adoption_domestic
1698685,2019-01-01,1,adoption_domestic
1699099,2019-01-01,1,adoption_domestic
1699462,2019-01-01,1,adoption_domestic
1700668,2019-01-01,1,adoption_domestic
1701638,2019-01-01,1,adoption_domestic
1702745,2019-01-01,1,adoption_domestic
1702746,2019-01-01,1,adoption_domestic
1702924,2019-01-01,1,adoption_domestic
1704459,2019-01-01,1,adoption_domestic
1705163,2019-01-01,1,adoption_domestic
1706060,2019-01-01,1,adoption_domestic
1706303,2019-01-01,1,adoption_domestic
1706403,2019-01-01,1,adoption_domestic
1707817,2019-01-01,1,adoption_domestic
1708131,2019-01-01,1,adoption_domestic
1709967,2019-01-01,1,adoption_domestic
1710261,2019-01-01,1,adoption_domestic
1710360,2019-01-01,1,adoption_domestic
1710765,2019-01-01,1,adoption_domestic
1710798,2019-01-01,1,adoption_domestic
1711142,2019-01-01,1,adoption_domestic
1713226,2019-01-01,1,adoption_domestic
1713393,2019-01-01,1,adoption_domestic
1714154,2019-01-01,1,adoption_domestic
1714679,2019-01-01,1,adoption_domestic
1715824,2019-01-01,1,adoption_domestic
1715846,2019-01-01,1,adoption_domestic
1716186,2019-01-01,1,adoption_domestic
1716187,2019-01-01,1,adoption_domestic
1716263,2019-01-01,1,adoption_domestic
1716602,2019-01-01,1,adoption_domestic
1718304,2019-01-01,1,adoption_domestic
1718322,2019-01-01,1,adoption_domestic
1718483,2019-01-01,1,adoption_domestic
1719195,2019-01-01,1,adoption_domestic
1719199,2019-01-01,1,adoption_domestic
1720474,2019-01-01,1,adoption_domestic
1720748,2019-01-01,1,adoption_domestic
1721373,2019-01-01,1,adoption_domestic
1721905,2019-01-01,1,adoption_domestic
1722194,2019-01-01,1,adoption_domestic
1723291,2019-01-01,1,adoption_domestic
1723306,2019-01-01,1,adoption_domestic
1724177,2019-01-01,1,adoption_domestic
1727196,2019-01-01,1,adoption_domestic
1728085,2019-01-01,1,adoption_domestic
1728339,2019-01-01,1,adoption_domestic
1729832,2019-01-01,1,adoption_domestic
1731044,2019-01-01,1,adoption_domestic
1731056,2019-01-01,1,adoption_domestic
1731627,2019-01-01,1,adoption_domestic
1732963,2019-01-01,1,adoption_domestic
1734103,2019-01-01,1,adoption_domestic
1735646,2019-01-01,1,adoption_domestic
1735733,2019-01-01,1,adoption_domestic
1736659,2019-01-01,1,adoption_domestic
1736862,2019-01-01,1,adoption_domestic
1739423,2019-01-01,1,adoption_domestic
1740040,2019-01-01,1,adoption_domestic
1740450,2019-01-01,1,adoption_domestic
1740849,2019-01-01,1,adoption_domestic
1741690,2019-01-01,1,adoption_domestic
1742373,2019-01-01,1,adoption_domestic
1742383,2019-01-01,1,adoption_domestic
1744707,2019-01-01,1,adoption_domestic
1744982,2019-01-01,1,adoption_domestic
1745511,2019-01-01,1,adoption_domestic
1745529,2019-01-01,1,adoption_domestic
1746406,2019-01-01,1,adoption_domestic
1748940,2019-01-01,1,adoption_domestic
1749360,2019-01-01,1,adoption_domestic
1749973,2019-01-01,1,adoption_domestic
1750019,2019-01-01,1,adoption_domestic
1751743,2019-01-01,1,adoption_domestic
1751874,2019-01-01,1,adoption_domestic
1752363,2019-01-01,1,adoption_domestic
1753233,2019-01-01,1,adoption_domestic
1754913,2019-01-01,1,adoption_domestic
1756271,2019-01-01,1,adoption_domestic
1757018,2019-01-01,1,adoption_domestic
1757925,2019-01-01,1,adoption_domestic
1757928,2019-01-01,1,adoption_domestic
1758292,2019-01-01,1,adoption_domestic
1758882,2019-01-01,1,adoption_domestic
1758901,2019-01-01,1,adoption_domestic
1760337,2019-01-01,1,adoption_domestic
5981,2020-01-01,1,adoption_domestic
8868,2020-01-01,1,adoption_domestic
38777,2020-01-01,1,adoption_domestic
837010,2020-01-01,1,adoption_domestic
875622,2020-01-01,1,adoption_domestic
896622,2020-01-01,1,adoption_domestic
903651,2020-01-01,1,adoption_domestic
1040896,2020-01-01,1,adoption_domestic
1045942,2020-01-01,1,adoption_domestic
1069183,2020-01-01,1,adoption_domestic
1082324,2020-01-01,1,adoption_domestic
1097864,2020-01-01,1,adoption_domestic
1121484,2020-01-01,1,adoption_domestic
1178727,2020-01-01,1,adoption_domestic
1312109,2020-01-01,1,adoption_domestic
1349436,2020-01-01,1,adoption_domestic
1403161,2020-01-01,1,adoption_domestic
1427925,2020-01-01,1,adoption_domestic
1515139,2020-01-01,1,adoption_domestic
1516887,2020-01-01,1,adoption_domestic
1520118,2020-01-01,1,adoption_domestic
1527531,2020-01-01,1,adoption_domestic
1528503,2020-01-01,1,adoption_domestic
1530219,2020-01-01,1,adoption_domestic
1532826,2020-01-01,1,adoption_domestic
1535929,2020-01-01,1,adoption_domestic
1536226,2020-01-01,1,adoption_domestic
1542830,2020-01-01,1,adoption_domestic
1543042,2020-01-01,1,adoption_domestic
1544629,2020-01-01,1,adoption_domestic
1545018,2020-01-01,1,adoption_domestic
1548266,2020-01-01,1,adoption_domestic
1548599,2020-01-01,1,adoption_domestic
1550120,2020-01-01,1,adoption_domestic
1550221,2020-01-01,1,adoption_domestic
1552328,2020-01-01,1,adoption_domestic
1553817,2020-01-01,1,adoption_domestic
1554776,2020-01-01,1,adoption_domestic
1556487,2020-01-01,1,adoption_domestic
1556601,2020-01-01,1,adoption_domestic
1556811,2020-01-01,1,adoption_domestic
1557805,2020-01-01,1,adoption_domestic
1558013,2020-01-01,1,adoption_domestic
1558546,2020-01-01,1,adoption_domestic
1559450,2020-01-01,1,adoption_domestic
1560456,2020-01-01,1,adoption_domestic
1561726,2020-01-01,1,adoption_domestic
1561727,2020-01-01,1,adoption_domestic
1566053,2020-01-01,1,adoption_domestic
1566140,2020-01-01,1,adoption_domestic
1566543,2020-01-01,1,adoption_domestic
1567572,2020-01-01,1,adoption_domestic
1569414,2020-01-01,1,adoption_domestic
1572493,2020-01-01,1,adoption_domestic
1573946,2020-01-01,1,adoption_domestic
1575190,2020-01-01,1,adoption_domestic
1575686,2020-01-01,1,adoption_domestic
1576047,2020-01-01,1,adoption_domestic
1578422,2020-01-01,1,adoption_domestic
1578423,2020-01-01,1,adoption_domestic
1580013,2020-01-01,1,adoption_domestic
1580891,2020-01-01,1,adoption_domestic
1581653,2020-01-01,1,adoption_domestic
1582037,2020-01-01,1,adoption_domestic
1585067,2020-01-01,1,adoption_domestic
1585673,2020-01-01,1,adoption_domestic
1586883,2020-01-01,1,adoption_domestic
1587234,2020-01-01,1,adoption_domestic
1587497,2020-01-01,1,adoption_domestic
1587980,2020-01-01,1,adoption_domestic
1587981,2020-01-01,1,adoption_domestic
1588251,2020-01-01,1,adoption_domestic
1589802,2020-01-01,1,adoption_domestic
1589803,2020-01-01,1,adoption_domestic
1589804,2020-01-01,1,adoption_domestic
1590058,2020-01-01,1,adoption_domestic
1590231,2020-01-01,1,adoption_domestic
1590757,2020-01-01,1,adoption_domestic
1593269,2020-01-01,1,adoption_domestic
1594100,2020-01-01,1,adoption_domestic
1594136,2020-01-01,1,adoption_domestic
1595710,2020-01-01,1,adoption_domestic
1595726,2020-01-01,1,adoption_domestic
1596958,2020-01-01,1,adoption_domestic
1597339,2020-01-01,1,adoption_domestic
1599714,2020-01-01,1,adoption_domestic
1600823,2020-01-01,1,adoption_domestic
1600824,2020-01-01,1,adoption_domestic
1600831,2020-01-01,1,adoption_domestic
1601617,2020-01-01,1,adoption_domestic
1601705,2020-01-01,1,adoption_domestic
1603578,2020-01-01,1,adoption_domestic
1604083,2020-01-01,1,adoption_domestic
1604119,2020-01-01,1,adoption_domestic
1605257,2020-01-01,1,adoption_domestic
1606442,2020-01-01,1,adoption_domestic
1607484,2020-01-01,1,adoption_domestic
1607641,2020-01-01,1,adoption_domestic
1607865,2020-01-01,1,adoption_domestic
1609671,2020-01-01,1,adoption_domestic
1610486,2020-01-01,1,adoption_domestic
1610796,2020-01-01,1,adoption_domestic
1612124,2020-01-01,1,adoption_domestic
1612126,2020-01-01,1,adoption_domestic
1612518,2020-01-01,1,adoption_domestic
1614033,2020-01-01,1,adoption_domestic
1616666,2020-01-01,1,adoption_domestic
1617760,2020-01-01,1,adoption_domestic
1617959,2020-01-01,1,adoption_domestic
1618150,2020-01-01,1,adoption_domestic
1618713,2020-01-01,1,adoption_domestic
1619511,2020-01-01,1,adoption_domestic
1619616,2020-01-01,1,adoption_domestic
1620305,2020-01-01,1,adoption_domestic
1621379,2020-01-01,1,adoption_domestic
1621466,2020-01-01,1,adoption_domestic
1622413,2020-01-01,1,adoption_domestic
1622765,2020-01-01,1,adoption_domestic
1623838,2020-01-01,1,adoption_domestic
1623916,2020-01-01,1,adoption_domestic
1625426,2020-01-01,1,adoption_domestic
1626941,2020-01-01,1,adoption_domestic
1628112,2020-01-01,1,adoption_domestic
1629069,2020-01-01,1,adoption_domestic
1629716,2020-01-01,1,adoption_domestic
1630477,2020-01-01,1,adoption_domestic
1630513,2020-01-01,1,adoption_domestic
1632814,2020-01-01,1,adoption_domestic
1633533,2020-01-01,1,adoption_domestic
1634172,2020-01-01,1,adoption_domestic
1634976,2020-01-01,1,adoption_domestic
1635569,2020-01-01,1,adoption_domestic
1636513,2020-01-01,1,adoption_domestic
1636708,2020-01-01,1,adoption_domestic
1637008,2020-01-01,1,adoption_domestic
1638227,2020-01-01,1,adoption_domestic
1639353,2020-01-01,1,adoption_domestic
1640052,2020-01-01,1,adoption_domestic
1640584,2020-01-01,1,adoption_domestic
1640775,2020-01-01,1,adoption_domestic
1642727,2020-01-01,1,adoption_domestic
1643550,2020-01-01,1,adoption_domestic
1643661,2020-01-01,1,adoption_domestic
1643873,2020-01-01,1,adoption_domestic
1644697,2020-01-01,1,adoption_domestic
1644943,2020-01-01,1,adoption_domestic
1645384,2020-01-01,1,adoption_domestic
1646736,2020-01-01,1,adoption_domestic
1646924,2020-01-01,1,adoption_domestic
1647587,2020-01-01,1,adoption_domestic
1647980,2020-01-01,1,adoption_domestic
1648195,2020-01-01,1,adoption_domestic
1648439,2020-01-01,1,adoption_domestic
1648858,2020-01-01,1,adoption_domestic
1649184,2020-01-01,1,adoption_domestic
1651164,2020-01-01,1,adoption_domestic
1651588,2020-01-01,1,adoption_domestic
1651790,2020-01-01,1,adoption_domestic
1652031,2020-01-01,1,adoption_domestic
1652672,2020-01-01,1,adoption_domestic
1652884,2020-01-01,1,adoption_domestic
1652982,2020-01-01,1,adoption_domestic
1653542,2020-01-01,1,adoption_domestic
1654330,2020-01-01,1,adoption_domestic
1654734,2020-01-01,1,adoption_domestic
1655153,2020-01-01,1,adoption_domestic
1655591,2020-01-01,1,adoption_domestic
1656047,2020-01-01,1,adoption_domestic
1656088,2020-01-01,1,adoption_domestic
1656681,2020-01-01,1,adoption_domestic
1656839,2020-01-01,1,adoption_domestic
1657325,2020-01-01,1,adoption_domestic
1657889,2020-01-01,1,adoption_domestic
1659329,2020-01-01,1,adoption_domestic
1659981,2020-01-01,1,adoption_domestic
1661136,2020-01-01,1,adoption_domestic
1661589,2020-01-01,1,adoption_domestic
1662784,2020-01-01,1,adoption_domestic
1663239,2020-01-01,1,adoption_domestic
1663240,2020-01-01,1,adoption_domestic
1663244,2020-01-01,1,adoption_domestic
1663645,2020-01-01,1,adoption_domestic
1664682,2020-01-01,1,adoption_domestic
1665081,2020-01-01,1,adoption_domestic
1666156,2020-01-01,1,adoption_domestic
1668738,2020-01-01,1,adoption_domestic
1668931,2020-01-01,1,adoption_domestic
1669393,2020-01-01,1,adoption_domestic
1669990,2020-01-01,1,adoption_domestic
1670601,2020-01-01,1,adoption_domestic
1671048,2020-01-01,1,adoption_domestic
1671520,2020-01-01,1,adoption_domestic
1671740,2020-01-01,1,adoption_domestic
1672587,2020-01-01,1,adoption_domestic
1672609,2020-01-01,1,adoption_domestic
1673255,2020-01-01,1,adoption_domestic
1673542,2020-01-01,1,adoption_domestic
1675928,2020-01-01,1,adoption_domestic
1676734,2020-01-01,1,adoption_domestic
1677390,2020-01-01,1,adoption_domestic
1677913,2020-01-01,1,adoption_domestic
1678038,2020-01-01,1,adoption_domestic
1678740,2020-01-01,1,adoption_domestic
1679327,2020-01-01,1,adoption_domestic
1679420,2020-01-01,1,adoption_domestic
1681031,2020-01-01,1,adoption_domestic
1681459,2020-01-01,1,adoption_domestic
1681906,2020-01-01,1,adoption_domestic
1682405,2020-01-01,1,adoption_domestic
1682860,2020-01-01,1,adoption_domestic
1683300,2020-01-01,1,adoption_domestic
1683489,2020-01-01,1,adoption_domestic
1684093,2020-01-01,1,adoption_domestic
1685054,2020-01-01,1,adoption_domestic
1685212,2020-01-01,1,adoption_domestic
1685854,2020-01-01,1,adoption_domestic
1686150,2020-01-01,1,adoption_domestic
1687031,2020-01-01,1,adoption_domestic
1687202,2020-01-01,1,adoption_domestic
1687374,2020-01-01,1,adoption_domestic
1687605,2020-01-01,1,adoption_domestic
1687955,2020-01-01,1,adoption_domestic
1688149,2020-01-01,1,adoption_domestic
1688451,2020-01-01,1,adoption_domestic
1688957,2020-01-01,1,adoption_domestic
1689111,2020-01-01,1,adoption_domestic
1689417,2020-01-01,1,adoption_domestic
1690110,2020-01-01,1,adoption_domestic
1690255,2020-01-01,1,adoption_domestic
1690334,2020-01-01,1,adoption_domestic
1690577,2020-01-01,1,adoption_domestic
1691198,2020-01-01,1,adoption_domestic
1693368,2020-01-01,1,adoption_domestic
1693737,2020-01-01,1,adoption_domestic
1694649,2020-01-01,1,adoption_domestic
1695154,2020-01-01,1,adoption_domestic
1695924,2020-01-01,1,adoption_domestic
1696707,2020-01-01,1,adoption_domestic
1698685,2020-01-01,1,adoption_domestic
1699099,2020-01-01,1,adoption_domestic
1699462,2020-01-01,1,adoption_domestic
1700668,2020-01-01,1,adoption_domestic
1701638,2020-01-01,1,adoption_domestic
1702745,2020-01-01,1,adoption_domestic
1702746,2020-01-01,1,adoption_domestic
1702924,2020-01-01,1,adoption_domestic
1703075,2020-01-01,1,adoption_domestic
1704459,2020-01-01,1,adoption_domestic
1705163,2020-01-01,1,adoption_domestic
1706060,2020-01-01,1,adoption_domestic
1706303,2020-01-01,1,adoption_domestic
1706403,2020-01-01,1,adoption_domestic
1707817,2020-01-01,1,adoption_domestic
1708131,2020-01-01,1,adoption_domestic
1709967,2020-01-01,1,adoption_domestic
1710261,2020-01-01,1,adoption_domestic
1710360,2020-01-01,1,adoption_domestic
1710765,2020-01-01,1,adoption_domestic
1710798,2020-01-01,1,adoption_domestic
1711142,2020-01-01,1,adoption_domestic
1713226,2020-01-01,1,adoption_domestic
1713393,2020-01-01,1,adoption_domestic
1714154,2020-01-01,1,adoption_domestic
1714679,2020-01-01,1,adoption_domestic
1715824,2020-01-01,1,adoption_domestic
1715846,2020-01-01,1,adoption_domestic
1716186,2020-01-01,1,adoption_domestic
1716187,2020-01-01,1,adoption_domestic
1716263,2020-01-01,1,adoption_domestic
1716602,2020-01-01,1,adoption_domestic
1718304,2020-01-01,1,adoption_domestic
1718322,2020-01-01,1,adoption_domestic
1718483,2020-01-01,1,adoption_domestic
1719195,2020-01-01,1,adoption_domestic
1719199,2020-01-01,1,adoption_domestic
1719959,2020-01-01,1,adoption_domestic
1720474,2020-01-01,1,adoption_domestic
1720748,2020-01-01,1,adoption_domestic
1721373,2020-01-01,1,adoption_domestic
1721905,2020-01-01,1,adoption_domestic
1722194,2020-01-01,1,adoption_domestic
1723291,2020-01-01,1,adoption_domestic
1723306,2020-01-01,1,adoption_domestic
1724177,2020-01-01,1,adoption_domestic
1727196,2020-01-01,1,adoption_domestic
1728085,2020-01-01,1,adoption_domestic
1728339,2020-01-01,1,adoption_domestic
1729832,2020-01-01,1,adoption_domestic
1731044,2020-01-01,1,adoption_domestic
1731056,2020-01-01,1,adoption_domestic
1731627,2020-01-01,1,adoption_domestic
1732963,2020-01-01,1,adoption_domestic
1734103,2020-01-01,1,adoption_domestic
1735646,2020-01-01,1,adoption_domestic
1735733,2020-01-01,1,adoption_domestic
1736659,2020-01-01,1,adoption_domestic
1736862,2020-01-01,1,adoption_domestic
1739423,2020-01-01,1,adoption_domestic
1740040,2020-01-01,1,adoption_domestic
1740450,2020-01-01,1,adoption_domestic
1740849,2020-01-01,1,adoption_domestic
1741690,2020-01-01,1,adoption_domestic
1742373,2020-01-01,1,adoption_domestic
1742383,2020-01-01,1,adoption_domestic
1744707,2020-01-01,1,adoption_domestic
1744982,2020-01-01,1,adoption_domestic
1745511,2020-01-01,1,adoption_domestic
1745529,2020-01-01,1,adoption_domestic
1746406,2020-01-01,1,adoption_domestic
1748940,2020-01-01,1,adoption_domestic
1749360,2020-01-01,1,adoption_domestic
1749973,2020-01-01,1,adoption_domestic
1751743,2020-01-01,1,adoption_domestic
1751874,2020-01-01,1,adoption_domestic
1752363,2020-01-01,1,adoption_domestic
1752594,2020-01-01,1,adoption_domestic
1753233,2020-01-01,1,adoption_domestic
1754913,2020-01-01,1,adoption_domestic
1756271,2020-01-01,1,adoption_domestic
1757018,2020-01-01,1,adoption_domestic
1757925,2020-01-01,1,adoption_domestic
1757928,2020-01-01,1,adoption_domestic
1758292,2020-01-01,1,adoption_domestic
1758882,2020-01-01,1,adoption_domestic
1758901,2020-01-01,1,adoption_domestic
1760337,2020-01-01,1,adoption_domestic
1763001,2020-01-01,1,adoption_domestic
1763207,2020-01-01,1,adoption_domestic
1763501,2020-01-01,1,adoption_domestic
1763502,2020-01-01,1,adoption_domestic
1764759,2020-01-01,1,adoption_domestic
1766367,2020-01-01,1,adoption_domestic
1766660,2020-01-01,1,adoption_domestic
1769961,2020-01-01,1,adoption_domestic
1770572,2020-01-01,1,adoption_domestic
1771501,2020-01-01,1,adoption_domestic
1772527,2020-01-01,1,adoption_domestic
1773339,2020-01-01,1,adoption_domestic
1774962,2020-01-01,1,adoption_domestic
1775756,2020-01-01,1,adoption_domestic
1776086,2020-01-01,1,adoption_domestic
1776721,2020-01-01,1,adoption_domestic
1778232,2020-01-01,1,adoption_domestic
1778749,2020-01-01,1,adoption_domestic
1780131,2020-01-01,1,adoption_domestic
1780678,2020-01-01,1,adoption_domestic
1780859,2020-01-01,1,adoption_domestic
1783287,2020-01-01,1,adoption_domestic
1784958,2020-01-01,1,adoption_domestic
1785812,2020-01-01,1,adoption_domestic
1785881,2020-01-01,1,adoption_domestic
1786008,2020-01-01,1,adoption_domestic
1787000,2020-01-01,1,adoption_domestic
1787001,2020-01-01,1,adoption_domestic
1787490,2020-01-01,1,adoption_domestic
1789307,2020-01-01,1,adoption_domestic
1789356,2020-01-01,1,adoption_domestic
1790441,2020-01-01,1,adoption_domestic
1791183,2020-01-01,1,adoption_domestic
1791239,2020-01-01,1,adoption_domestic
1791295,2020-01-01,1,adoption_domestic
1792157,2020-01-01,1,adoption_domestic
1792158,2020-01-01,1,adoption_domestic
1792414,2020-01-01,1,adoption_domestic
1792905,2020-01-01,1,adoption_domestic
1793165,2020-01-01,1,adoption_domestic
1793651,2020-01-01,1,adoption_domestic
1793744,2020-01-01,1,adoption_domestic
1793856,2020-01-01,1,adoption_domestic
1794303,2020-01-01,1,adoption_domestic
5981,2021-01-01,1,adoption_domestic
38777,2021-01-01,1,adoption_domestic
104169,2021-01-01,1,adoption_domestic
896622,2021-01-01,1,adoption_domestic
903651,2021-01-01,1,adoption_domestic
1045942,2021-01-01,1,adoption_domestic
1069183,2021-01-01,1,adoption_domestic
1082324,2021-01-01,1,adoption_domestic
1121484,2021-01-01,1,adoption_domestic
1136869,2021-01-01,1,adoption_domestic
1178727,2021-01-01,1,adoption_domestic
1349436,2021-01-01,1,adoption_domestic
1392694,2021-01-01,1,adoption_domestic
1403161,2021-01-01,1,adoption_domestic
1419275,2021-01-01,1,adoption_domestic
1425450,2021-01-01,1,adoption_domestic
1427925,2021-01-01,1,adoption_domestic
1515139,2021-01-01,1,adoption_domestic
1516887,2021-01-01,1,adoption_domestic
1525852,2021-01-01,1,adoption_domestic
1527531,2021-01-01,1,adoption_domestic
1528503,2021-01-01,1,adoption_domestic
1530219,2021-01-01,1,adoption_domestic
1532826,2021-01-01,1,adoption_domestic
1535929,2021-01-01,1,adoption_domestic
1536226,2021-01-01,1,adoption_domestic
1542830,2021-01-01,1,adoption_domestic
1543042,2021-01-01,1,adoption_domestic
1544629,2021-01-01,1,adoption_domestic
1545018,2021-01-01,1,adoption_domestic
1548266,2021-01-01,1,adoption_domestic
1548599,2021-01-01,1,adoption_domestic
1550120,2021-01-01,1,adoption_domestic
1550221,2021-01-01,1,adoption_domestic
1552328,2021-01-01,1,adoption_domestic
1553817,2021-01-01,1,adoption_domestic
1554776,2021-01-01,1,adoption_domestic
1556487,2021-01-01,1,adoption_domestic
1556601,2021-01-01,1,adoption_domestic
1556811,2021-01-01,1,adoption_domestic
1557805,2021-01-01,1,adoption_domestic
1558013,2021-01-01,1,adoption_domestic
1558546,2021-01-01,1,adoption_domestic
1559450,2021-01-01,1,adoption_domestic
1560456,2021-01-01,1,adoption_domestic
1561726,2021-01-01,1,adoption_domestic
1561727,2021-01-01,1,adoption_domestic
1566053,2021-01-01,1,adoption_domestic
1566140,2021-01-01,1,adoption_domestic
1566543,2021-01-01,1,adoption_domestic
1567572,2021-01-01,1,adoption_domestic
1569414,2021-01-01,1,adoption_domestic
1572493,2021-01-01,1,adoption_domestic
1573946,2021-01-01,1,adoption_domestic
1575190,2021-01-01,1,adoption_domestic
1575686,2021-01-01,1,adoption_domestic
1576047,2021-01-01,1,adoption_domestic
1578422,2021-01-01,1,adoption_domestic
1578423,2021-01-01,1,adoption_domestic
1580013,2021-01-01,1,adoption_domestic
1580891,2021-01-01,1,adoption_domestic
1581653,2021-01-01,1,adoption_domestic
1582037,2021-01-01,1,adoption_domestic
1584492,2021-01-01,1,adoption_domestic
1585067,2021-01-01,1,adoption_domestic
1585673,2021-01-01,1,adoption_domestic
1586883,2021-01-01,1,adoption_domestic
1587234,2021-01-01,1,adoption_domestic
1587497,2021-01-01,1,adoption_domestic
1587980,2021-01-01,1,adoption_domestic
1587981,2021-01-01,1,adoption_domestic
1588251,2021-01-01,1,adoption_domestic
1589802,2021-01-01,1,adoption_domestic
1589803,2021-01-01,1,adoption_domestic
1589804,2021-01-01,1,adoption_domestic
1590058,2021-01-01,1,adoption_domestic
1590231,2021-01-01,1,adoption_domestic
1590757,2021-01-01,1,adoption_domestic
1591913,2021-01-01,1,adoption_domestic
1593269,2021-01-01,1,adoption_domestic
1594100,2021-01-01,1,adoption_domestic
1594136,2021-01-01,1,adoption_domestic
1595710,2021-01-01,1,adoption_domestic
1595726,2021-01-01,1,adoption_domestic
1596958,2021-01-01,1,adoption_domestic
1597339,2021-01-01,1,adoption_domestic
1599714,2021-01-01,1,adoption_domestic
1600823,2021-01-01,1,adoption_domestic
1600824,2021-01-01,1,adoption_domestic
1600831,2021-01-01,1,adoption_domestic
1601617,2021-01-01,1,adoption_domestic
1601705,2021-01-01,1,adoption_domestic
1603578,2021-01-01,1,adoption_domestic
1604083,2021-01-01,1,adoption_domestic
1604119,2021-01-01,1,adoption_domestic
1605257,2021-01-01,1,adoption_domestic
1606442,2021-01-01,1,adoption_domestic
1607484,2021-01-01,1,adoption_domestic
1607641,2021-01-01,1,adoption_domestic
1607865,2021-01-01,1,adoption_domestic
1609671,2021-01-01,1,adoption_domestic
1610486,2021-01-01,1,adoption_domestic
1610796,2021-01-01,1,adoption_domestic
1612124,2021-01-01,1,adoption_domestic
1612126,2021-01-01,1,adoption_domestic
1612518,2021-01-01,1,adoption_domestic
1614033,2021-01-01,1,adoption_domestic
1616666,2021-01-01,1,adoption_domestic
1617760,2021-01-01,1,adoption_domestic
1617959,2021-01-01,1,adoption_domestic
1618150,2021-01-01,1,adoption_domestic
1618713,2021-01-01,1,adoption_domestic
1619511,2021-01-01,1,adoption_domestic
1619616,2021-01-01,1,adoption_domestic
1620305,2021-01-01,1,adoption_domestic
1621379,2021-01-01,1,adoption_domestic
1621466,2021-01-01,1,adoption_domestic
1622413,2021-01-01,1,adoption_domestic
1622765,2021-01-01,1,adoption_domestic
1623838,2021-01-01,1,adoption_domestic
1623916,2021-01-01,1,adoption_domestic
1625426,2021-01-01,1,adoption_domestic
1626941,2021-01-01,1,adoption_domestic
1628112,2021-01-01,1,adoption_domestic
1629069,2021-01-01,1,adoption_domestic
1629716,2021-01-01,1,adoption_domestic
1630477,2021-01-01,1,adoption_domestic
1630513,2021-01-01,1,adoption_domestic
1632814,2021-01-01,1,adoption_domestic
1633533,2021-01-01,1,adoption_domestic
1634172,2021-01-01,1,adoption_domestic
1634976,2021-01-01,1,adoption_domestic
1635569,2021-01-01,1,adoption_domestic
1636513,2021-01-01,1,adoption_domestic
1636708,2021-01-01,1,adoption_domestic
1637008,2021-01-01,1,adoption_domestic
1638227,2021-01-01,1,adoption_domestic
1638933,2021-01-01,1,adoption_domestic
1639353,2021-01-01,1,adoption_domestic
1640052,2021-01-01,1,adoption_domestic
1640584,2021-01-01,1,adoption_domestic
1640775,2021-01-01,1,adoption_domestic
1642727,2021-01-01,1,adoption_domestic
1643154,2021-01-01,1,adoption_domestic
1643550,2021-01-01,1,adoption_domestic
1643661,2021-01-01,1,adoption_domestic
1643873,2021-01-01,1,adoption_domestic
1644697,2021-01-01,1,adoption_domestic
1644943,2021-01-01,1,adoption_domestic
1645384,2021-01-01,1,adoption_domestic
1646736,2021-01-01,1,adoption_domestic
1646924,2021-01-01,1,adoption_domestic
1647587,2021-01-01,1,adoption_domestic
1647980,2021-01-01,1,adoption_domestic
1648195,2021-01-01,1,adoption_domestic
1648439,2021-01-01,1,adoption_domestic
1648858,2021-01-01,1,adoption_domestic
1649184,2021-01-01,1,adoption_domestic
1651164,2021-01-01,1,adoption_domestic
1651588,2021-01-01,1,adoption_domestic
1651790,2021-01-01,1,adoption_domestic
1652031,2021-01-01,1,adoption_domestic
1652672,2021-01-01,1,adoption_domestic
1652884,2021-01-01,1,adoption_domestic
1652982,2021-01-01,1,adoption_domestic
1653542,2021-01-01,1,adoption_domestic
1654330,2021-01-01,1,adoption_domestic
1654734,2021-01-01,1,adoption_domestic
1655153,2021-01-01,1,adoption_domestic
1655591,2021-01-01,1,adoption_domestic
1656047,2021-01-01,1,adoption_domestic
1656088,2021-01-01,1,adoption_domestic
1656681,2021-01-01,1,adoption_domestic
1656839,2021-01-01,1,adoption_domestic
1657325,2021-01-01,1,adoption_domestic
1657889,2021-01-01,1,adoption_domestic
1659329,2021-01-01,1,adoption_domestic
1659981,2021-01-01,1,adoption_domestic
1661136,2021-01-01,1,adoption_domestic
1661589,2021-01-01,1,adoption_domestic
1662784,2021-01-01,1,adoption_domestic
1663239,2021-01-01,1,adoption_domestic
1663240,2021-01-01,1,adoption_domestic
1663244,2021-01-01,1,adoption_domestic
1663645,2021-01-01,1,adoption_domestic
1664682,2021-01-01,1,adoption_domestic
1665081,2021-01-01,1,adoption_domestic
1666156,2021-01-01,1,adoption_domestic
1668738,2021-01-01,1,adoption_domestic
1668931,2021-01-01,1,adoption_domestic
1669393,2021-01-01,1,adoption_domestic
1669990,2021-01-01,1,adoption_domestic
1670601,2021-01-01,1,adoption_domestic
1671048,2021-01-01,1,adoption_domestic
1671520,2021-01-01,1,adoption_domestic
1671740,2021-01-01,1,adoption_domestic
1672587,2021-01-01,1,adoption_domestic
1672609,2021-01-01,1,adoption_domestic
1673255,2021-01-01,1,adoption_domestic
1673542,2021-01-01,1,adoption_domestic
1675928,2021-01-01,1,adoption_domestic
1676734,2021-01-01,1,adoption_domestic
1677390,2021-01-01,1,adoption_domestic
1677913,2021-01-01,1,adoption_domestic
1678038,2021-01-01,1,adoption_domestic
1678740,2021-01-01,1,adoption_domestic
1679327,2021-01-01,1,adoption_domestic
1679420,2021-01-01,1,adoption_domestic
1681031,2021-01-01,1,adoption_domestic
1681459,2021-01-01,1,adoption_domestic
1681906,2021-01-01,1,adoption_domestic
1682405,2021-01-01,1,adoption_domestic
1682860,2021-01-01,1,adoption_domestic
1683300,2021-01-01,1,adoption_domestic
1683489,2021-01-01,1,adoption_domestic
1684093,2021-01-01,1,adoption_domestic
1685054,2021-01-01,1,adoption_domestic
1685212,2021-01-01,1,adoption_domestic
1685854,2021-01-01,1,adoption_domestic
1686150,2021-01-01,1,adoption_domestic
1687031,2021-01-01,1,adoption_domestic
1687202,2021-01-01,1,adoption_domestic
1687374,2021-01-01,1,adoption_domestic
1687605,2021-01-01,1,adoption_domestic
1687955,2021-01-01,1,adoption_domestic
1688149,2021-01-01,1,adoption_domestic
1688451,2021-01-01,1,adoption_domestic
1688957,2021-01-01,1,adoption_domestic
1689111,2021-01-01,1,adoption_domestic
1689417,2021-01-01,1,adoption_domestic
1690110,2021-01-01,1,adoption_domestic
1690255,2021-01-01,1,adoption_domestic
1690334,2021-01-01,1,adoption_domestic
1690577,2021-01-01,1,adoption_domestic
1691198,2021-01-01,1,adoption_domestic
1693368,2021-01-01,1,adoption_domestic
1693737,2021-01-01,1,adoption_domestic
1694649,2021-01-01,1,adoption_domestic
1695154,2021-01-01,1,adoption_domestic
1695924,2021-01-01,1,adoption_domestic
1696707,2021-01-01,1,adoption_domestic
1698685,2021-01-01,1,adoption_domestic
1699099,2021-01-01,1,adoption_domestic
1699462,2021-01-01,1,adoption_domestic
1700668,2021-01-01,1,adoption_domestic
1701638,2021-01-01,1,adoption_domestic
1702745,2021-01-01,1,adoption_domestic
1702746,2021-01-01,1,adoption_domestic
1702924,2021-01-01,1,adoption_domestic
1703075,2021-01-01,1,adoption_domestic
1704459,2021-01-01,1,adoption_domestic
1705163,2021-01-01,1,adoption_domestic
1706060,2021-01-01,1,adoption_domestic
1706303,2021-01-01,1,adoption_domestic
1706403,2021-01-01,1,adoption_domestic
1707817,2021-01-01,1,adoption_domestic
1708131,2021-01-01,1,adoption_domestic
1709967,2021-01-01,1,adoption_domestic
1710261,2021-01-01,1,adoption_domestic
1710360,2021-01-01,1,adoption_domestic
1710765,2021-01-01,1,adoption_domestic
1710798,2021-01-01,1,adoption_domestic
1711142,2021-01-01,1,adoption_domestic
1713226,2021-01-01,1,adoption_domestic
1713393,2021-01-01,1,adoption_domestic
1714154,2021-01-01,1,adoption_domestic
1714679,2021-01-01,1,adoption_domestic
1715824,2021-01-01,1,adoption_domestic
1715846,2021-01-01,1,adoption_domestic
1716186,2021-01-01,1,adoption_domestic
1716187,2021-01-01,1,adoption_domestic
1716263,2021-01-01,1,adoption_domestic
1716602,2021-01-01,1,adoption_domestic
1718304,2021-01-01,1,adoption_domestic
1718322,2021-01-01,1,adoption_domestic
1718483,2021-01-01,1,adoption_domestic
1719195,2021-01-01,1,adoption_domestic
1719199,2021-01-01,1,adoption_domestic
1719959,2021-01-01,1,adoption_domestic
1720474,2021-01-01,1,adoption_domestic
1720748,2021-01-01,1,adoption_domestic
1721373,2021-01-01,1,adoption_domestic
1721905,2021-01-01,1,adoption_domestic
1722194,2021-01-01,1,adoption_domestic
1723291,2021-01-01,1,adoption_domestic
1723306,2021-01-01,1,adoption_domestic
1724177,2021-01-01,1,adoption_domestic
1727196,2021-01-01,1,adoption_domestic
1728085,2021-01-01,1,adoption_domestic
1728339,2021-01-01,1,adoption_domestic
1729832,2021-01-01,1,adoption_domestic
1729997,2021-01-01,1,adoption_domestic
1731044,2021-01-01,1,adoption_domestic
1731056,2021-01-01,1,adoption_domestic
1731627,2021-01-01,1,adoption_domestic
1732963,2021-01-01,1,adoption_domestic
1734103,2021-01-01,1,adoption_domestic
1735646,2021-01-01,1,adoption_domestic
1735733,2021-01-01,1,adoption_domestic
1736659,2021-01-01,1,adoption_domestic
1736862,2021-01-01,1,adoption_domestic
1739423,2021-01-01,1,adoption_domestic
1740040,2021-01-01,1,adoption_domestic
1740450,2021-01-01,1,adoption_domestic
1740849,2021-01-01,1,adoption_domestic
1741690,2021-01-01,1,adoption_domestic
1742373,2021-01-01,1,adoption_domestic
1742383,2021-01-01,1,adoption_domestic
1744707,2021-01-01,1,adoption_domestic
1744982,2021-01-01,1,adoption_domestic
1745511,2021-01-01,1,adoption_domestic
1745529,2021-01-01,1,adoption_domestic
1746406,2021-01-01,1,adoption_domestic
1748940,2021-01-01,1,adoption_domestic
1749360,2021-01-01,1,adoption_domestic
1749973,2021-01-01,1,adoption_domestic
1750106,2021-01-01,1,adoption_domestic
1751743,2021-01-01,1,adoption_domestic
1751874,2021-01-01,1,adoption_domestic
1752363,2021-01-01,1,adoption_domestic
1752594,2021-01-01,1,adoption_domestic
1753233,2021-01-01,1,adoption_domestic
1754913,2021-01-01,1,adoption_domestic
1756271,2021-01-01,1,adoption_domestic
1757018,2021-01-01,1,adoption_domestic
1757925,2021-01-01,1,adoption_domestic
1757928,2021-01-01,1,adoption_domestic
1758292,2021-01-01,1,adoption_domestic
1758882,2021-01-01,1,adoption_domestic
1758901,2021-01-01,1,adoption_domestic
1760337,2021-01-01,1,adoption_domestic
1763001,2021-01-01,1,adoption_domestic
1763207,2021-01-01,1,adoption_domestic
1763333,2021-01-01,1,adoption_domestic
1763501,2021-01-01,1,adoption_domestic
1763502,2021-01-01,1,adoption_domestic
1764759,2021-01-01,1,adoption_domestic
1766367,2021-01-01,1,adoption_domestic
1766660,2021-01-01,1,adoption_domestic
1769961,2021-01-01,1,adoption_domestic
1770572,2021-01-01,1,adoption_domestic
1771501,2021-01-01,1,adoption_domestic
1772527,2021-01-01,1,adoption_domestic
1773339,2021-01-01,1,adoption_domestic
1774962,2021-01-01,1,adoption_domestic
1775756,2021-01-01,1,adoption_domestic
1776086,2021-01-01,1,adoption_domestic
1776721,2021-01-01,1,adoption_domestic
1778232,2021-01-01,1,adoption_domestic
1778749,2021-01-01,1,adoption_domestic
1780131,2021-01-01,1,adoption_domestic
1780678,2021-01-01,1,adoption_domestic
1780859,2021-01-01,1,adoption_domestic
1781089,2021-01-01,1,adoption_domestic
1783287,2021-01-01,1,adoption_domestic
1784958,2021-01-01,1,adoption_domestic
1785812,2021-01-01,1,adoption_domestic
1785881,2021-01-01,1,adoption_domestic
1786008,2021-01-01,1,adoption_domestic
1787000,2021-01-01,1,adoption_domestic
1787001,2021-01-01,1,adoption_domestic
1787490,2021-01-01,1,adoption_domestic
1789307,2021-01-01,1,adoption_domestic
1789356,2021-01-01,1,adoption_domestic
1790013,2021-01-01,1,adoption_domestic
1790441,2021-01-01,1,adoption_domestic
1791183,2021-01-01,1,adoption_domestic
1791239,2021-01-01,1,adoption_domestic
1791295,2021-01-01,1,adoption_domestic
1792157,2021-01-01,1,adoption_domestic
1792158,2021-01-01,1,adoption_domestic
1792414,2021-01-01,1,adoption_domestic
1792905,2021-01-01,1,adoption_domestic
1793165,2021-01-01,1,adoption_domestic
1793651,2021-01-01,1,adoption_domestic
1793744,2021-01-01,1,adoption_domestic
1793856,2021-01-01,1,adoption_domestic
1794303,2021-01-01,1,adoption_domestic
1797056,2021-01-01,1,adoption_domestic
1797288,2021-01-01,1,adoption_domestic
1797679,2021-01-01,1,adoption_domestic
1799385,2021-01-01,1,adoption_domestic
1799463,2021-01-01,1,adoption_domestic
1800294,2021-01-01,1,adoption_domestic
1801338,2021-01-01,1,adoption_domestic
1801661,2021-01-01,1,adoption_domestic
1802215,2021-01-01,1,adoption_domestic
1803308,2021-01-01,1,adoption_domestic
1803858,2021-01-01,1,adoption_domestic
1806944,2021-01-01,1,adoption_domestic
1807901,2021-01-01,1,adoption_domestic
1810050,2021-01-01,1,adoption_domestic
1812604,2021-01-01,1,adoption_domestic
1813793,2021-01-01,1,adoption_domestic
1814389,2021-01-01,1,adoption_domestic
1816114,2021-01-01,1,adoption_domestic
1816147,2021-01-01,1,adoption_domestic
1816861,2021-01-01,1,adoption_domestic
1818254,2021-01-01,1,adoption_domestic
1818654,2021-01-01,1,adoption_domestic
1821946,2021-01-01,1,adoption_domestic
1822166,2021-01-01,1,adoption_domestic
1823722,2021-01-01,1,adoption_domestic
1824482,2021-01-01,1,adoption_domestic
1827054,2021-01-01,1,adoption_domestic
1827183,2021-01-01,1,adoption_domestic
1830315,2021-01-01,1,adoption_domestic
1832874,2021-01-01,1,adoption_domestic
1833522,2021-01-01,1,adoption_domestic
1833563,2021-01-01,1,adoption_domestic
5981,2022-01-01,1,adoption_domestic
38777,2022-01-01,1,adoption_domestic
104169,2022-01-01,1,adoption_domestic
356590,2022-01-01,1,adoption_domestic
706129,2022-01-01,1,adoption_domestic
750574,2022-01-01,1,adoption_domestic
837010,2022-01-01,1,adoption_domestic
896622,2022-01-01,1,adoption_domestic
903651,2022-01-01,1,adoption_domestic
910073,2022-01-01,1,adoption_domestic
924095,2022-01-01,1,adoption_domestic
924396,2022-01-01,1,adoption_domestic
1045942,2022-01-01,1,adoption_domestic
1056288,2022-01-01,1,adoption_domestic
1058290,2022-01-01,1,adoption_domestic
1069183,2022-01-01,1,adoption_domestic
1082324,2022-01-01,1,adoption_domestic
1121484,2022-01-01,1,adoption_domestic
1136869,2022-01-01,1,adoption_domestic
1178727,2022-01-01,1,adoption_domestic
1273931,2022-01-01,1,adoption_domestic
1299709,2022-01-01,1,adoption_domestic
1312109,2022-01-01,1,adoption_domestic
1326801,2022-01-01,1,adoption_domestic
1349436,2022-01-01,1,adoption_domestic
1403161,2022-01-01,1,adoption_domestic
1419275,2022-01-01,1,adoption_domestic
1425450,2022-01-01,1,adoption_domestic
1427925,2022-01-01,1,adoption_domestic
1439264,2022-01-01,1,adoption_domestic
1456189,2022-01-01,1,adoption_domestic
1498372,2022-01-01,1,adoption_domestic
1503658,2022-01-01,1,adoption_domestic
1515139,2022-01-01,1,adoption_domestic
1516887,2022-01-01,1,adoption_domestic
1523486,2022-01-01,1,adoption_domestic
1527102,2022-01-01,1,adoption_domestic
1535929,2022-01-01,1,adoption_domestic
1536226,2022-01-01,1,adoption_domestic
1543042,2022-01-01,1,adoption_domestic
1544629,2022-01-01,1,adoption_domestic
1545018,2022-01-01,1,adoption_domestic
1548266,2022-01-01,1,adoption_domestic
1548599,2022-01-01,1,adoption_domestic
1550120,2022-01-01,1,adoption_domestic
1550221,2022-01-01,1,adoption_domestic
1552328,2022-01-01,1,adoption_domestic
1553817,2022-01-01,1,adoption_domestic
1554776,2022-01-01,1,adoption_domestic
1556487,2022-01-01,1,adoption_domestic
1556601,2022-01-01,1,adoption_domestic
1556811,2022-01-01,1,adoption_domestic
1557805,2022-01-01,1,adoption_domestic
1558013,2022-01-01,1,adoption_domestic
1558546,2022-01-01,1,adoption_domestic
1559450,2022-01-01,1,adoption_domestic
1560456,2022-01-01,1,adoption_domestic
1561726,2022-01-01,1,adoption_domestic
1561727,2022-01-01,1,adoption_domestic
1566053,2022-01-01,1,adoption_domestic
1566140,2022-01-01,1,adoption_domestic
1566543,2022-01-01,1,adoption_domestic
1567572,2022-01-01,1,adoption_domestic
1569414,2022-01-01,1,adoption_domestic
1572493,2022-01-01,1,adoption_domestic
1573946,2022-01-01,1,adoption_domestic
1575190,2022-01-01,1,adoption_domestic
1575686,2022-01-01,1,adoption_domestic
1576047,2022-01-01,1,adoption_domestic
1578422,2022-01-01,1,adoption_domestic
1578423,2022-01-01,1,adoption_domestic
1580013,2022-01-01,1,adoption_domestic
1580891,2022-01-01,1,adoption_domestic
1581653,2022-01-01,1,adoption_domestic
1582037,2022-01-01,1,adoption_domestic
1584492,2022-01-01,1,adoption_domestic
1585067,2022-01-01,1,adoption_domestic
1585673,2022-01-01,1,adoption_domestic
1586883,2022-01-01,1,adoption_domestic
1587234,2022-01-01,1,adoption_domestic
1587497,2022-01-01,1,adoption_domestic
1587980,2022-01-01,1,adoption_domestic
1587981,2022-01-01,1,adoption_domestic
1588251,2022-01-01,1,adoption_domestic
1589802,2022-01-01,1,adoption_domestic
1589803,2022-01-01,1,adoption_domestic
1589804,2022-01-01,1,adoption_domestic
1590058,2022-01-01,1,adoption_domestic
1590231,2022-01-01,1,adoption_domestic
1590757,2022-01-01,1,adoption_domestic
1593269,2022-01-01,1,adoption_domestic
1594100,2022-01-01,1,adoption_domestic
1594136,2022-01-01,1,adoption_domestic
1595710,2022-01-01,1,adoption_domestic
1595726,2022-01-01,1,adoption_domestic
1596958,2022-01-01,1,adoption_domestic
1597339,2022-01-01,1,adoption_domestic
1599714,2022-01-01,1,adoption_domestic
1600347,2022-01-01,1,adoption_domestic
1600823,2022-01-01,1,adoption_domestic
1600824,2022-01-01,1,adoption_domestic
1600831,2022-01-01,1,adoption_domestic
1601617,2022-01-01,1,adoption_domestic
1601705,2022-01-01,1,adoption_domestic
1603578,2022-01-01,1,adoption_domestic
1604083,2022-01-01,1,adoption_domestic
1604119,2022-01-01,1,adoption_domestic
1605057,2022-01-01,1,adoption_domestic
1605257,2022-01-01,1,adoption_domestic
1606442,2022-01-01,1,adoption_domestic
1607484,2022-01-01,1,adoption_domestic
1607641,2022-01-01,1,adoption_domestic
1607865,2022-01-01,1,adoption_domestic
1609671,2022-01-01,1,adoption_domestic
1610486,2022-01-01,1,adoption_domestic
1610796,2022-01-01,1,adoption_domestic
1612124,2022-01-01,1,adoption_domestic
1612126,2022-01-01,1,adoption_domestic
1612518,2022-01-01,1,adoption_domestic
1614033,2022-01-01,1,adoption_domestic
1616666,2022-01-01,1,adoption_domestic
1617760,2022-01-01,1,adoption_domestic
1617959,2022-01-01,1,adoption_domestic
1618150,2022-01-01,1,adoption_domestic
1618713,2022-01-01,1,adoption_domestic
1619511,2022-01-01,1,adoption_domestic
1619616,2022-01-01,1,adoption_domestic
1620305,2022-01-01,1,adoption_domestic
1621379,2022-01-01,1,adoption_domestic
1621466,2022-01-01,1,adoption_domestic
1622413,2022-01-01,1,adoption_domestic
1622765,2022-01-01,1,adoption_domestic
1623838,2022-01-01,1,adoption_domestic
1623916,2022-01-01,1,adoption_domestic
1625426,2022-01-01,1,adoption_domestic
1626941,2022-01-01,1,adoption_domestic
1628112,2022-01-01,1,adoption_domestic
1629069,2022-01-01,1,adoption_domestic
1629716,2022-01-01,1,adoption_domestic
1630477,2022-01-01,1,adoption_domestic
1630513,2022-01-01,1,adoption_domestic
1632814,2022-01-01,1,adoption_domestic
1633533,2022-01-01,1,adoption_domestic
1634172,2022-01-01,1,adoption_domestic
1634976,2022-01-01,1,adoption_domestic
1635569,2022-01-01,1,adoption_domestic
1636513,2022-01-01,1,adoption_domestic
1636708,2022-01-01,1,adoption_domestic
1637008,2022-01-01,1,adoption_domestic
1638227,2022-01-01,1,adoption_domestic
1638933,2022-01-01,1,adoption_domestic
1639353,2022-01-01,1,adoption_domestic
1640052,2022-01-01,1,adoption_domestic
1640584,2022-01-01,1,adoption_domestic
1640775,2022-01-01,1,adoption_domestic
1642727,2022-01-01,1,adoption_domestic
1643550,2022-01-01,1,adoption_domestic
1643661,2022-01-01,1,adoption_domestic
1643873,2022-01-01,1,adoption_domestic
1644697,2022-01-01,1,adoption_domestic
1644943,2022-01-01,1,adoption_domestic
1645384,2022-01-01,1,adoption_domestic
1646736,2022-01-01,1,adoption_domestic
1646924,2022-01-01,1,adoption_domestic
1647587,2022-01-01,1,adoption_domestic
1647980,2022-01-01,1,adoption_domestic
1648195,2022-01-01,1,adoption_domestic
1648439,2022-01-01,1,adoption_domestic
1648858,2022-01-01,1,adoption_domestic
1649184,2022-01-01,1,adoption_domestic
1651164,2022-01-01,1,adoption_domestic
1651588,2022-01-01,1,adoption_domestic
1651790,2022-01-01,1,adoption_domestic
1652031,2022-01-01,1,adoption_domestic
1652672,2022-01-01,1,adoption_domestic
1652884,2022-01-01,1,adoption_domestic
1652982,2022-01-01,1,adoption_domestic
1653542,2022-01-01,1,adoption_domestic
1654330,2022-01-01,1,adoption_domestic
1654734,2022-01-01,1,adoption_domestic
1655153,2022-01-01,1,adoption_domestic
1655591,2022-01-01,1,adoption_domestic
1656047,2022-01-01,1,adoption_domestic
1656088,2022-01-01,1,adoption_domestic
1656681,2022-01-01,1,adoption_domestic
1656839,2022-01-01,1,adoption_domestic
1657325,2022-01-01,1,adoption_domestic
1657889,2022-01-01,1,adoption_domestic
1659329,2022-01-01,1,adoption_domestic
1659981,2022-01-01,1,adoption_domestic
1661136,2022-01-01,1,adoption_domestic
1661589,2022-01-01,1,adoption_domestic
1662784,2022-01-01,1,adoption_domestic
1663239,2022-01-01,1,adoption_domestic
1663240,2022-01-01,1,adoption_domestic
1663244,2022-01-01,1,adoption_domestic
1663645,2022-01-01,1,adoption_domestic
1664682,2022-01-01,1,adoption_domestic
1665081,2022-01-01,1,adoption_domestic
1666156,2022-01-01,1,adoption_domestic
1668738,2022-01-01,1,adoption_domestic
1668931,2022-01-01,1,adoption_domestic
1669393,2022-01-01,1,adoption_domestic
1669990,2022-01-01,1,adoption_domestic
1670601,2022-01-01,1,adoption_domestic
1671048,2022-01-01,1,adoption_domestic
1671520,2022-01-01,1,adoption_domestic
1672587,2022-01-01,1,adoption_domestic
1672609,2022-01-01,1,adoption_domestic
1673255,2022-01-01,1,adoption_domestic
1673542,2022-01-01,1,adoption_domestic
1675928,2022-01-01,1,adoption_domestic
1676734,2022-01-01,1,adoption_domestic
1677390,2022-01-01,1,adoption_domestic
1677913,2022-01-01,1,adoption_domestic
1678038,2022-01-01,1,adoption_domestic
1678740,2022-01-01,1,adoption_domestic
1679327,2022-01-01,1,adoption_domestic
1679420,2022-01-01,1,adoption_domestic
1679788,2022-01-01,1,adoption_domestic
1681031,2022-01-01,1,adoption_domestic
1681906,2022-01-01,1,adoption_domestic
1682405,2022-01-01,1,adoption_domestic
1682860,2022-01-01,1,adoption_domestic
1683300,2022-01-01,1,adoption_domestic
1683489,2022-01-01,1,adoption_domestic
1684093,2022-01-01,1,adoption_domestic
1685054,2022-01-01,1,adoption_domestic
1685212,2022-01-01,1,adoption_domestic
1685854,2022-01-01,1,adoption_domestic
1686150,2022-01-01,1,adoption_domestic
1686400,2022-01-01,1,adoption_domestic
1687031,2022-01-01,1,adoption_domestic
1687202,2022-01-01,1,adoption_domestic
1687374,2022-01-01,1,adoption_domestic
1687605,2022-01-01,1,adoption_domestic
1687955,2022-01-01,1,adoption_domestic
1688149,2022-01-01,1,adoption_domestic
1688451,2022-01-01,1,adoption_domestic
1688957,2022-01-01,1,adoption_domestic
1689111,2022-01-01,1,adoption_domestic
1689417,2022-01-01,1,adoption_domestic
1690110,2022-01-01,1,adoption_domestic
1690255,2022-01-01,1,adoption_domestic
1690334,2022-01-01,1,adoption_domestic
1690577,2022-01-01,1,adoption_domestic
1691198,2022-01-01,1,adoption_domestic
1693368,2022-01-01,1,adoption_domestic
1693737,2022-01-01,1,adoption_domestic
1694649,2022-01-01,1,adoption_domestic
1695154,2022-01-01,1,adoption_domestic
1695924,2022-01-01,1,adoption_domestic
1696707,2022-01-01,1,adoption_domestic
1698685,2022-01-01,1,adoption_domestic
1699099,2022-01-01,1,adoption_domestic
1699462,2022-01-01,1,adoption_domestic
1700668,2022-01-01,1,adoption_domestic
1701638,2022-01-01,1,adoption_domestic
1702745,2022-01-01,1,adoption_domestic
1702746,2022-01-01,1,adoption_domestic
1702924,2022-01-01,1,adoption_domestic
1703075,2022-01-01,1,adoption_domestic
1704459,2022-01-01,1,adoption_domestic
1705163,2022-01-01,1,adoption_domestic
1706060,2022-01-01,1,adoption_domestic
1706303,2022-01-01,1,adoption_domestic
1706403,2022-01-01,1,adoption_domestic
1706509,2022-01-01,1,adoption_domestic
1707817,2022-01-01,1,adoption_domestic
1708131,2022-01-01,1,adoption_domestic
1709967,2022-01-01,1,adoption_domestic
1710261,2022-01-01,1,adoption_domestic
1710360,2022-01-01,1,adoption_domestic
1710765,2022-01-01,1,adoption_domestic
1710798,2022-01-01,1,adoption_domestic
1711142,2022-01-01,1,adoption_domestic
1713226,2022-01-01,1,adoption_domestic
1713393,2022-01-01,1,adoption_domestic
1714154,2022-01-01,1,adoption_domestic
1714679,2022-01-01,1,adoption_domestic
1715824,2022-01-01,1,adoption_domestic
1715846,2022-01-01,1,adoption_domestic
1716186,2022-01-01,1,adoption_domestic
1716187,2022-01-01,1,adoption_domestic
1716263,2022-01-01,1,adoption_domestic
1716602,2022-01-01,1,adoption_domestic
1718304,2022-01-01,1,adoption_domestic
1718322,2022-01-01,1,adoption_domestic
1718483,2022-01-01,1,adoption_domestic
1719195,2022-01-01,1,adoption_domestic
1719199,2022-01-01,1,adoption_domestic
1719959,2022-01-01,1,adoption_domestic
1720474,2022-01-01,1,adoption_domestic
1720748,2022-01-01,1,adoption_domestic
1721373,2022-01-01,1,adoption_domestic
1721905,2022-01-01,1,adoption_domestic
1722194,2022-01-01,1,adoption_domestic
1723291,2022-01-01,1,adoption_domestic
1723306,2022-01-01,1,adoption_domestic
1723788,2022-01-01,1,adoption_domestic
1724177,2022-01-01,1,adoption_domestic
1727196,2022-01-01,1,adoption_domestic
1728085,2022-01-01,1,adoption_domestic
1728339,2022-01-01,1,adoption_domestic
1729832,2022-01-01,1,adoption_domestic
1729997,2022-01-01,1,adoption_domestic
1730869,2022-01-01,1,adoption_domestic
1731044,2022-01-01,1,adoption_domestic
1731056,2022-01-01,1,adoption_domestic
1731627,2022-01-01,1,adoption_domestic
1732406,2022-01-01,1,adoption_domestic
1732409,2022-01-01,1,adoption_domestic
1732963,2022-01-01,1,adoption_domestic
1734103,2022-01-01,1,adoption_domestic
1735646,2022-01-01,1,adoption_domestic
1735733,2022-01-01,1,adoption_domestic
1736659,2022-01-01,1,adoption_domestic
1736862,2022-01-01,1,adoption_domestic
1739423,2022-01-01,1,adoption_domestic
1740040,2022-01-01,1,adoption_domestic
1740450,2022-01-01,1,adoption_domestic
1740742,2022-01-01,1,adoption_domestic
1740849,2022-01-01,1,adoption_domestic
1741690,2022-01-01,1,adoption_domestic
1742373,2022-01-01,1,adoption_domestic
1742383,2022-01-01,1,adoption_domestic
1744707,2022-01-01,1,adoption_domestic
1744982,2022-01-01,1,adoption_domestic
1745511,2022-01-01,1,adoption_domestic
1745529,2022-01-01,1,adoption_domestic
1746406,2022-01-01,1,adoption_domestic
1748940,2022-01-01,1,adoption_domestic
1748945,2022-01-01,1,adoption_domestic
1749360,2022-01-01,1,adoption_domestic
1749973,2022-01-01,1,adoption_domestic
1750106,2022-01-01,1,adoption_domestic
1751743,2022-01-01,1,adoption_domestic
1751874,2022-01-01,1,adoption_domestic
1752363,2022-01-01,1,adoption_domestic
1752594,2022-01-01,1,adoption_domestic
1753233,2022-01-01,1,adoption_domestic
1754913,2022-01-01,1,adoption_domestic
1756271,2022-01-01,1,adoption_domestic
1757018,2022-01-01,1,adoption_domestic
1757925,2022-01-01,1,adoption_domestic
1757928,2022-01-01,1,adoption_domestic
1758292,2022-01-01,1,adoption_domestic
1758882,2022-01-01,1,adoption_domestic
1758901,2022-01-01,1,adoption_domestic
1760337,2022-01-01,1,adoption_domestic
1761325,2022-01-01,1,adoption_domestic
1763001,2022-01-01,1,adoption_domestic
1763207,2022-01-01,1,adoption_domestic
1763333,2022-01-01,1,adoption_domestic
1763501,2022-01-01,1,adoption_domestic
1763502,2022-01-01,1,adoption_domestic
1764759,2022-01-01,1,adoption_domestic
1766367,2022-01-01,1,adoption_domestic
1766660,2022-01-01,1,adoption_domestic
1769961,2022-01-01,1,adoption_domestic
1770572,2022-01-01,1,adoption_domestic
1771501,2022-01-01,1,adoption_domestic
1772527,2022-01-01,1,adoption_domestic
1773339,2022-01-01,1,adoption_domestic
1774962,2022-01-01,1,adoption_domestic
1775756,2022-01-01,1,adoption_domestic
1776086,2022-01-01,1,adoption_domestic
1776721,2022-01-01,1,adoption_domestic
1778232,2022-01-01,1,adoption_domestic
1778749,2022-01-01,1,adoption_domestic
1780131,2022-01-01,1,adoption_domestic
1780678,2022-01-01,1,adoption_domestic
1780859,2022-01-01,1,adoption_domestic
1781089,2022-01-01,1,adoption_domestic
1783287,2022-01-01,1,adoption_domestic
1784958,2022-01-01,1,adoption_domestic
1785812,2022-01-01,1,adoption_domestic
1785881,2022-01-01,1,adoption_domestic
1786008,2022-01-01,1,adoption_domestic
1787000,2022-01-01,1,adoption_domestic
1787001,2022-01-01,1,adoption_domestic
1787490,2022-01-01,1,adoption_domestic
1789307,2022-01-01,1,adoption_domestic
1789356,2022-01-01,1,adoption_domestic
1790013,2022-01-01,1,adoption_domestic
1790441,2022-01-01,1,adoption_domestic
1791183,2022-01-01,1,adoption_domestic
1791239,2022-01-01,1,adoption_domestic
1791295,2022-01-01,1,adoption_domestic
1792157,2022-01-01,1,adoption_domestic
1792158,2022-01-01,1,adoption_domestic
1792414,2022-01-01,1,adoption_domestic
1792905,2022-01-01,1,adoption_domestic
1793165,2022-01-01,1,adoption_domestic
1793651,2022-01-01,1,adoption_domestic
1793744,2022-01-01,1,adoption_domestic
1793856,2022-01-01,1,adoption_domestic
1794303,2022-01-01,1,adoption_domestic
1797056,2022-01-01,1,adoption_domestic
1797288,2022-01-01,1,adoption_domestic
1797679,2022-01-01,1,adoption_domestic
1799385,2022-01-01,1,adoption_domestic
1799463,2022-01-01,1,adoption_domestic
1800294,2022-01-01,1,adoption_domestic
1801338,2022-01-01,1,adoption_domestic
1801661,2022-01-01,1,adoption_domestic
1802215,2022-01-01,1,adoption_domestic
1803308,2022-01-01,1,adoption_domestic
1803858,2022-01-01,1,adoption_domestic
1806944,2022-01-01,1,adoption_domestic
1810050,2022-01-01,1,adoption_domestic
1812604,2022-01-01,1,adoption_domestic
1813793,2022-01-01,1,adoption_domestic
1814389,2022-01-01,1,adoption_domestic
1816147,2022-01-01,1,adoption_domestic
1816861,2022-01-01,1,adoption_domestic
1818254,2022-01-01,1,adoption_domestic
1818654,2022-01-01,1,adoption_domestic
1821946,2022-01-01,1,adoption_domestic
1822166,2022-01-01,1,adoption_domestic
1823722,2022-01-01,1,adoption_domestic
1824301,2022-01-01,1,adoption_domestic
1824482,2022-01-01,1,adoption_domestic
1827054,2022-01-01,1,adoption_domestic
1827183,2022-01-01,1,adoption_domestic
1830315,2022-01-01,1,adoption_domestic
1832161,2022-01-01,1,adoption_domestic
1832873,2022-01-01,1,adoption_domestic
1832874,2022-01-01,1,adoption_domestic
1833522,2022-01-01,1,adoption_domestic
1833563,2022-01-01,1,adoption_domestic
1840121,2022-01-01,1,adoption_domestic
1840644,2022-01-01,1,adoption_domestic
1843823,2022-01-01,1,adoption_domestic
1844998,2022-01-01,1,adoption_domestic
1848411,2022-01-01,1,adoption_domestic
1851817,2022-01-01,1,adoption_domestic
1852407,2022-01-01,1,adoption_domestic
1858865,2022-01-01,1,adoption_domestic
1862080,2022-01-01,1,adoption_domestic
1863688,2022-01-01,1,adoption_domestic
1864196,2022-01-01,1,adoption_domestic
1866493,2022-01-01,1,adoption_domestic
1867467,2022-01-01,1,adoption_domestic
1867757,2022-01-01,1,adoption_domestic
1871630,2022-01-01,1,adoption_domestic
1872347,2022-01-01,1,adoption_domestic
1876588,2022-01-01,1,adoption_domestic
1880187,2022-01-01,1,adoption_domestic
1880921,2022-01-01,1,adoption_domestic
1881326,2022-01-01,1,adoption_domestic
1889297,2022-01-01,1,adoption_domestic
1891774,2022-01-01,1,adoption_domestic
1891818,2022-01-01,1,adoption_domestic
1895116,2022-01-01,1,adoption_domestic
1895567,2022-01-01,1,adoption_domestic
5981,2023-01-01,1,adoption_domestic
38777,2023-01-01,1,adoption_domestic
104169,2023-01-01,1,adoption_domestic
356590,2023-01-01,1,adoption_domestic
706129,2023-01-01,1,adoption_domestic
750574,2023-01-01,1,adoption_domestic
823546,2023-01-01,1,adoption_domestic
837010,2023-01-01,1,adoption_domestic
896622,2023-01-01,1,adoption_domestic
903651,2023-01-01,1,adoption_domestic
924095,2023-01-01,1,adoption_domestic
1036848,2023-01-01,1,adoption_domestic
1045942,2023-01-01,1,adoption_domestic
1050446,2023-01-01,1,adoption_domestic
1056288,2023-01-01,1,adoption_domestic
1058290,2023-01-01,1,adoption_domestic
1064728,2023-01-01,1,adoption_domestic
1069183,2023-01-01,1,adoption_domestic
1082324,2023-01-01,1,adoption_domestic
1099590,2023-01-01,1,adoption_domestic
1102993,2023-01-01,1,adoption_domestic
1119190,2023-01-01,1,adoption_domestic
1178727,2023-01-01,1,adoption_domestic
1273931,2023-01-01,1,adoption_domestic
1349436,2023-01-01,1,adoption_domestic
1374310,2023-01-01,1,adoption_domestic
1403161,2023-01-01,1,adoption_domestic
1419275,2023-01-01,1,adoption_domestic
1425450,2023-01-01,1,adoption_domestic
1439264,2023-01-01,1,adoption_domestic
1456189,2023-01-01,1,adoption_domestic
1471824,2023-01-01,1,adoption_domestic
1498372,2023-01-01,1,adoption_domestic
1535929,2023-01-01,1,adoption_domestic
1536226,2023-01-01,1,adoption_domestic
1543042,2023-01-01,1,adoption_domestic
1545018,2023-01-01,1,adoption_domestic
1548599,2023-01-01,1,adoption_domestic
1550120,2023-01-01,1,adoption_domestic
1552328,2023-01-01,1,adoption_domestic
1554776,2023-01-01,1,adoption_domestic
1556487,2023-01-01,1,adoption_domestic
1556811,2023-01-01,1,adoption_domestic
1558013,2023-01-01,1,adoption_domestic
1558546,2023-01-01,1,adoption_domestic
1559450,2023-01-01,1,adoption_domestic
1560456,2023-01-01,1,adoption_domestic
1561726,2023-01-01,1,adoption_domestic
1561727,2023-01-01,1,adoption_domestic
1566053,2023-01-01,1,adoption_domestic
1566140,2023-01-01,1,adoption_domestic
1566543,2023-01-01,1,adoption_domestic
1567572,2023-01-01,1,adoption_domestic
1569414,2023-01-01,1,adoption_domestic
1572493,2023-01-01,1,adoption_domestic
1573946,2023-01-01,1,adoption_domestic
1575190,2023-01-01,1,adoption_domestic
1575686,2023-01-01,1,adoption_domestic
1576047,2023-01-01,1,adoption_domestic
1578422,2023-01-01,1,adoption_domestic
1578423,2023-01-01,1,adoption_domestic
1580013,2023-01-01,1,adoption_domestic
1580891,2023-01-01,1,adoption_domestic
1581653,2023-01-01,1,adoption_domestic
1582037,2023-01-01,1,adoption_domestic
1584492,2023-01-01,1,adoption_domestic
1585067,2023-01-01,1,adoption_domestic
1585673,2023-01-01,1,adoption_domestic
1586883,2023-01-01,1,adoption_domestic
1587234,2023-01-01,1,adoption_domestic
1587497,2023-01-01,1,adoption_domestic
1587980,2023-01-01,1,adoption_domestic
1587981,2023-01-01,1,adoption_domestic
1588251,2023-01-01,1,adoption_domestic
1588489,2023-01-01,1,adoption_domestic
1589802,2023-01-01,1,adoption_domestic
1589803,2023-01-01,1,adoption_domestic
1589804,2023-01-01,1,adoption_domestic
1590058,2023-01-01,1,adoption_domestic
1590231,2023-01-01,1,adoption_domestic
1590757,2023-01-01,1,adoption_domestic
1592782,2023-01-01,1,adoption_domestic
1593269,2023-01-01,1,adoption_domestic
1594100,2023-01-01,1,adoption_domestic
1594136,2023-01-01,1,adoption_domestic
1595710,2023-01-01,1,adoption_domestic
1595726,2023-01-01,1,adoption_domestic
1596958,2023-01-01,1,adoption_domestic
1597339,2023-01-01,1,adoption_domestic
1599714,2023-01-01,1,adoption_domestic
1600347,2023-01-01,1,adoption_domestic
1600823,2023-01-01,1,adoption_domestic
1600824,2023-01-01,1,adoption_domestic
1600831,2023-01-01,1,adoption_domestic
1601617,2023-01-01,1,adoption_domestic
1601705,2023-01-01,1,adoption_domestic
1603578,2023-01-01,1,adoption_domestic
1604083,2023-01-01,1,adoption_domestic
1604119,2023-01-01,1,adoption_domestic
1605057,2023-01-01,1,adoption_domestic
1605257,2023-01-01,1,adoption_domestic
1606442,2023-01-01,1,adoption_domestic
1607484,2023-01-01,1,adoption_domestic
1607641,2023-01-01,1,adoption_domestic
1607865,2023-01-01,1,adoption_domestic
1609671,2023-01-01,1,adoption_domestic
1610486,2023-01-01,1,adoption_domestic
1610796,2023-01-01,1,adoption_domestic
1612124,2023-01-01,1,adoption_domestic
1612126,2023-01-01,1,adoption_domestic
1612518,2023-01-01,1,adoption_domestic
1614033,2023-01-01,1,adoption_domestic
1616666,2023-01-01,1,adoption_domestic
1617760,2023-01-01,1,adoption_domestic
1617959,2023-01-01,1,adoption_domestic
1618150,2023-01-01,1,adoption_domestic
1618713,2023-01-01,1,adoption_domestic
1619511,2023-01-01,1,adoption_domestic
1619616,2023-01-01,1,adoption_domestic
1620305,2023-01-01,1,adoption_domestic
1621379,2023-01-01,1,adoption_domestic
1621466,2023-01-01,1,adoption_domestic
1622413,2023-01-01,1,adoption_domestic
1622765,2023-01-01,1,adoption_domestic
1623838,2023-01-01,1,adoption_domestic
1623916,2023-01-01,1,adoption_domestic
1625426,2023-01-01,1,adoption_domestic
1626941,2023-01-01,1,adoption_domestic
1628112,2023-01-01,1,adoption_domestic
1629069,2023-01-01,1,adoption_domestic
1629716,2023-01-01,1,adoption_domestic
1630477,2023-01-01,1,adoption_domestic
1630513,2023-01-01,1,adoption_domestic
1632814,2023-01-01,1,adoption_domestic
1633533,2023-01-01,1,adoption_domestic
1634172,2023-01-01,1,adoption_domestic
1634976,2023-01-01,1,adoption_domestic
1635569,2023-01-01,1,adoption_domestic
1636513,2023-01-01,1,adoption_domestic
1636708,2023-01-01,1,adoption_domestic
1637008,2023-01-01,1,adoption_domestic
1638227,2023-01-01,1,adoption_domestic
1638933,2023-01-01,1,adoption_domestic
1639353,2023-01-01,1,adoption_domestic
1640052,2023-01-01,1,adoption_domestic
1640384,2023-01-01,1,adoption_domestic
1640584,2023-01-01,1,adoption_domestic
1640775,2023-01-01,1,adoption_domestic
1642727,2023-01-01,1,adoption_domestic
1643550,2023-01-01,1,adoption_domestic
1643661,2023-01-01,1,adoption_domestic
1643873,2023-01-01,1,adoption_domestic
1644697,2023-01-01,1,adoption_domestic
1644943,2023-01-01,1,adoption_domestic
1645384,2023-01-01,1,adoption_domestic
1646736,2023-01-01,1,adoption_domestic
1646924,2023-01-01,1,adoption_domestic
1647587,2023-01-01,1,adoption_domestic
1647980,2023-01-01,1,adoption_domestic
1648195,2023-01-01,1,adoption_domestic
1648439,2023-01-01,1,adoption_domestic
1648858,2023-01-01,1,adoption_domestic
1649184,2023-01-01,1,adoption_domestic
1651164,2023-01-01,1,adoption_domestic
1651588,2023-01-01,1,adoption_domestic
1651790,2023-01-01,1,adoption_domestic
1652031,2023-01-01,1,adoption_domestic
1652672,2023-01-01,1,adoption_domestic
1652884,2023-01-01,1,adoption_domestic
1652982,2023-01-01,1,adoption_domestic
1653542,2023-01-01,1,adoption_domestic
1654330,2023-01-01,1,adoption_domestic
1654734,2023-01-01,1,adoption_domestic
1655153,2023-01-01,1,adoption_domestic
1655591,2023-01-01,1,adoption_domestic
1656047,2023-01-01,1,adoption_domestic
1656088,2023-01-01,1,adoption_domestic
1656681,2023-01-01,1,adoption_domestic
1656839,2023-01-01,1,adoption_domestic
1657325,2023-01-01,1,adoption_domestic
1657889,2023-01-01,1,adoption_domestic
1659329,2023-01-01,1,adoption_domestic
1659981,2023-01-01,1,adoption_domestic
1661136,2023-01-01,1,adoption_domestic
1661589,2023-01-01,1,adoption_domestic
1662784,2023-01-01,1,adoption_domestic
1663239,2023-01-01,1,adoption_domestic
1663240,2023-01-01,1,adoption_domestic
1663244,2023-01-01,1,adoption_domestic
1663645,2023-01-01,1,adoption_domestic
1664682,2023-01-01,1,adoption_domestic
1665081,2023-01-01,1,adoption_domestic
1666156,2023-01-01,1,adoption_domestic
1668738,2023-01-01,1,adoption_domestic
1668931,2023-01-01,1,adoption_domestic
1669393,2023-01-01,1,adoption_domestic
1669990,2023-01-01,1,adoption_domestic
1670601,2023-01-01,1,adoption_domestic
1671048,2023-01-01,1,adoption_domestic
1671520,2023-01-01,1,adoption_domestic
1672587,2023-01-01,1,adoption_domestic
1672609,2023-01-01,1,adoption_domestic
1673255,2023-01-01,1,adoption_domestic
1673542,2023-01-01,1,adoption_domestic
1675928,2023-01-01,1,adoption_domestic
1676734,2023-01-01,1,adoption_domestic
1677390,2023-01-01,1,adoption_domestic
1677913,2023-01-01,1,adoption_domestic
1678038,2023-01-01,1,adoption_domestic
1678740,2023-01-01,1,adoption_domestic
1679327,2023-01-01,1,adoption_domestic
1679420,2023-01-01,1,adoption_domestic
1679788,2023-01-01,1,adoption_domestic
1681031,2023-01-01,1,adoption_domestic
1681906,2023-01-01,1,adoption_domestic
1682405,2023-01-01,1,adoption_domestic
1682860,2023-01-01,1,adoption_domestic
1683300,2023-01-01,1,adoption_domestic
1683489,2023-01-01,1,adoption_domestic
1684093,2023-01-01,1,adoption_domestic
1685054,2023-01-01,1,adoption_domestic
1685212,2023-01-01,1,adoption_domestic
1685854,2023-01-01,1,adoption_domestic
1686150,2023-01-01,1,adoption_domestic
1687031,2023-01-01,1,adoption_domestic
1687202,2023-01-01,1,adoption_domestic
1687374,2023-01-01,1,adoption_domestic
1687605,2023-01-01,1,adoption_domestic
1687955,2023-01-01,1,adoption_domestic
1688149,2023-01-01,1,adoption_domestic
1688451,2023-01-01,1,adoption_domestic
1688957,2023-01-01,1,adoption_domestic
1689111,2023-01-01,1,adoption_domestic
1689417,2023-01-01,1,adoption_domestic
1690110,2023-01-01,1,adoption_domestic
1690255,2023-01-01,1,adoption_domestic
1690577,2023-01-01,1,adoption_domestic
1691198,2023-01-01,1,adoption_domestic
1693368,2023-01-01,1,adoption_domestic
1693737,2023-01-01,1,adoption_domestic
1694649,2023-01-01,1,adoption_domestic
1695154,2023-01-01,1,adoption_domestic
1695924,2023-01-01,1,adoption_domestic
1696707,2023-01-01,1,adoption_domestic
1698685,2023-01-01,1,adoption_domestic
1699099,2023-01-01,1,adoption_domestic
1699462,2023-01-01,1,adoption_domestic
1700668,2023-01-01,1,adoption_domestic
1701638,2023-01-01,1,adoption_domestic
1702745,2023-01-01,1,adoption_domestic
1702746,2023-01-01,1,adoption_domestic
1702924,2023-01-01,1,adoption_domestic
1703075,2023-01-01,1,adoption_domestic
1704459,2023-01-01,1,adoption_domestic
1705163,2023-01-01,1,adoption_domestic
1705181,2023-01-01,1,adoption_domestic
1706060,2023-01-01,1,adoption_domestic
1706303,2023-01-01,1,adoption_domestic
1706403,2023-01-01,1,adoption_domestic
1706509,2023-01-01,1,adoption_domestic
1707817,2023-01-01,1,adoption_domestic
1708131,2023-01-01,1,adoption_domestic
1709967,2023-01-01,1,adoption_domestic
1710261,2023-01-01,1,adoption_domestic
1710360,2023-01-01,1,adoption_domestic
1710765,2023-01-01,1,adoption_domestic
1710798,2023-01-01,1,adoption_domestic
1711142,2023-01-01,1,adoption_domestic
1713226,2023-01-01,1,adoption_domestic
1713393,2023-01-01,1,adoption_domestic
1714154,2023-01-01,1,adoption_domestic
1714679,2023-01-01,1,adoption_domestic
1715824,2023-01-01,1,adoption_domestic
1715846,2023-01-01,1,adoption_domestic
1716186,2023-01-01,1,adoption_domestic
1716187,2023-01-01,1,adoption_domestic
1716263,2023-01-01,1,adoption_domestic
1716602,2023-01-01,1,adoption_domestic
1718304,2023-01-01,1,adoption_domestic
1718322,2023-01-01,1,adoption_domestic
1718483,2023-01-01,1,adoption_domestic
1719195,2023-01-01,1,adoption_domestic
1719199,2023-01-01,1,adoption_domestic
1719959,2023-01-01,1,adoption_domestic
1720265,2023-01-01,1,adoption_domestic
1720474,2023-01-01,1,adoption_domestic
1720748,2023-01-01,1,adoption_domestic
1721373,2023-01-01,1,adoption_domestic
1721905,2023-01-01,1,adoption_domestic
1722194,2023-01-01,1,adoption_domestic
1723291,2023-01-01,1,adoption_domestic
1723306,2023-01-01,1,adoption_domestic
1723788,2023-01-01,1,adoption_domestic
1724177,2023-01-01,1,adoption_domestic
1725210,2023-01-01,1,adoption_domestic
1727196,2023-01-01,1,adoption_domestic
1728085,2023-01-01,1,adoption_domestic
1728339,2023-01-01,1,adoption_domestic
1729832,2023-01-01,1,adoption_domestic
1729997,2023-01-01,1,adoption_domestic
1730869,2023-01-01,1,adoption_domestic
1731044,2023-01-01,1,adoption_domestic
1731056,2023-01-01,1,adoption_domestic
1731627,2023-01-01,1,adoption_domestic
1732406,2023-01-01,1,adoption_domestic
1732409,2023-01-01,1,adoption_domestic
1732963,2023-01-01,1,adoption_domestic
1734103,2023-01-01,1,adoption_domestic
1735646,2023-01-01,1,adoption_domestic
1735733,2023-01-01,1,adoption_domestic
1736659,2023-01-01,1,adoption_domestic
1736862,2023-01-01,1,adoption_domestic
1739423,2023-01-01,1,adoption_domestic
1740040,2023-01-01,1,adoption_domestic
1740450,2023-01-01,1,adoption_domestic
1740742,2023-01-01,1,adoption_domestic
1740849,2023-01-01,1,adoption_domestic
1741690,2023-01-01,1,adoption_domestic
1742373,2023-01-01,1,adoption_domestic
1742383,2023-01-01,1,adoption_domestic
1744707,2023-01-01,1,adoption_domestic
1744982,2023-01-01,1,adoption_domestic
1745511,2023-01-01,1,adoption_domestic
1745529,2023-01-01,1,adoption_domestic
1746406,2023-01-01,1,adoption_domestic
1748940,2023-01-01,1,adoption_domestic
1748945,2023-01-01,1,adoption_domestic
1749360,2023-01-01,1,adoption_domestic
1749973,2023-01-01,1,adoption_domestic
1750106,2023-01-01,1,adoption_domestic
1751743,2023-01-01,1,adoption_domestic
1751874,2023-01-01,1,adoption_domestic
1752363,2023-01-01,1,adoption_domestic
1752594,2023-01-01,1,adoption_domestic
1753233,2023-01-01,1,adoption_domestic
1754913,2023-01-01,1,adoption_domestic
1756271,2023-01-01,1,adoption_domestic
1757018,2023-01-01,1,adoption_domestic
1757925,2023-01-01,1,adoption_domestic
1757928,2023-01-01,1,adoption_domestic
1758292,2023-01-01,1,adoption_domestic
1758882,2023-01-01,1,adoption_domestic
1758901,2023-01-01,1,adoption_domestic
1760337,2023-01-01,1,adoption_domestic
1761325,2023-01-01,1,adoption_domestic
1763001,2023-01-01,1,adoption_domestic
1763207,2023-01-01,1,adoption_domestic
1763333,2023-01-01,1,adoption_domestic
1763501,2023-01-01,1,adoption_domestic
1763502,2023-01-01,1,adoption_domestic
1764759,2023-01-01,1,adoption_domestic
1766367,2023-01-01,1,adoption_domestic
1766660,2023-01-01,1,adoption_domestic
1767057,2023-01-01,1,adoption_domestic
1769961,2023-01-01,1,adoption_domestic
1770572,2023-01-01,1,adoption_domestic
1771501,2023-01-01,1,adoption_domestic
1772527,2023-01-01,1,adoption_domestic
1773339,2023-01-01,1,adoption_domestic
1774962,2023-01-01,1,adoption_domestic
1775756,2023-01-01,1,adoption_domestic
1776086,2023-01-01,1,adoption_domestic
1776721,2023-01-01,1,adoption_domestic
1778232,2023-01-01,1,adoption_domestic
1778749,2023-01-01,1,adoption_domestic
1780131,2023-01-01,1,adoption_domestic
1780678,2023-01-01,1,adoption_domestic
1780859,2023-01-01,1,adoption_domestic
1781089,2023-01-01,1,adoption_domestic
1783287,2023-01-01,1,adoption_domestic
1783879,2023-01-01,1,adoption_domestic
1784958,2023-01-01,1,adoption_domestic
1785812,2023-01-01,1,adoption_domestic
1785881,2023-01-01,1,adoption_domestic
1786008,2023-01-01,1,adoption_domestic
1787000,2023-01-01,1,adoption_domestic
1787001,2023-01-01,1,adoption_domestic
1787490,2023-01-01,1,adoption_domestic
1789307,2023-01-01,1,adoption_domestic
1789356,2023-01-01,1,adoption_domestic
1790013,2023-01-01,1,adoption_domestic
1790441,2023-01-01,1,adoption_domestic
1791183,2023-01-01,1,adoption_domestic
1791239,2023-01-01,1,adoption_domestic
1791295,2023-01-01,1,adoption_domestic
1792157,2023-01-01,1,adoption_domestic
1792158,2023-01-01,1,adoption_domestic
1792414,2023-01-01,1,adoption_domestic
1792905,2023-01-01,1,adoption_domestic
1793165,2023-01-01,1,adoption_domestic
1793651,2023-01-01,1,adoption_domestic
1793744,2023-01-01,1,adoption_domestic
1793856,2023-01-01,1,adoption_domestic
1794303,2023-01-01,1,adoption_domestic
1797056,2023-01-01,1,adoption_domestic
1797288,2023-01-01,1,adoption_domestic
1797679,2023-01-01,1,adoption_domestic
1799385,2023-01-01,1,adoption_domestic
1799463,2023-01-01,1,adoption_domestic
1800294,2023-01-01,1,adoption_domestic
1801338,2023-01-01,1,adoption_domestic
1801661,2023-01-01,1,adoption_domestic
1802215,2023-01-01,1,adoption_domestic
1803308,2023-01-01,1,adoption_domestic
1803858,2023-01-01,1,adoption_domestic
1806944,2023-01-01,1,adoption_domestic
1810050,2023-01-01,1,adoption_domestic
1812604,2023-01-01,1,adoption_domestic
1814389,2023-01-01,1,adoption_domestic
1816147,2023-01-01,1,adoption_domestic
1816861,2023-01-01,1,adoption_domestic
1818254,2023-01-01,1,adoption_domestic
1818654,2023-01-01,1,adoption_domestic
1820302,2023-01-01,1,adoption_domestic
1821946,2023-01-01,1,adoption_domestic
1822166,2023-01-01,1,adoption_domestic
1823722,2023-01-01,1,adoption_domestic
1824482,2023-01-01,1,adoption_domestic
1827054,2023-01-01,1,adoption_domestic
1827183,2023-01-01,1,adoption_domestic
1830315,2023-01-01,1,adoption_domestic
1832873,2023-01-01,1,adoption_domestic
1832874,2023-01-01,1,adoption_domestic
1833522,2023-01-01,1,adoption_domestic
1833563,2023-01-01,1,adoption_domestic
1835022,2023-01-01,1,adoption_domestic
1840121,2023-01-01,1,adoption_domestic
1840644,2023-01-01,1,adoption_domestic
1843823,2023-01-01,1,adoption_domestic
1844998,2023-01-01,1,adoption_domestic
1848411,2023-01-01,1,adoption_domestic
1849820,2023-01-01,1,adoption_domestic
1851817,2023-01-01,1,adoption_domestic
1852407,2023-01-01,1,adoption_domestic
1858865,2023-01-01,1,adoption_domestic
1862080,2023-01-01,1,adoption_domestic
1863688,2023-01-01,1,adoption_domestic
1864196,2023-01-01,1,adoption_domestic
1865127,2023-01-01,1,adoption_domestic
1866493,2023-01-01,1,adoption_domestic
1867467,2023-01-01,1,adoption_domestic
1867757,2023-01-01,1,adoption_domestic
1871630,2023-01-01,1,adoption_domestic
1872347,2023-01-01,1,adoption_domestic
1876588,2023-01-01,1,adoption_domestic
1880187,2023-01-01,1,adoption_domestic
1880921,2023-01-01,1,adoption_domestic
1881326,2023-01-01,1,adoption_domestic
1889297,2023-01-01,1,adoption_domestic
1891774,2023-01-01,1,adoption_domestic
1891818,2023-01-01,1,adoption_domestic
1895116,2023-01-01,1,adoption_domestic
1895567,2023-01-01,1,adoption_domestic
1900454,2023-01-01,1,adoption_domestic
1902565,2023-01-01,1,adoption_domestic
1903688,2023-01-01,1,adoption_domestic
1907059,2023-01-01,1,adoption_domestic
1907569,2023-01-01,1,adoption_domestic
1912509,2023-01-01,1,adoption_domestic
1912724,2023-01-01,1,adoption_domestic
1916018,2023-01-01,1,adoption_domestic
1920442,2023-01-01,1,adoption_domestic
1926900,2023-01-01,1,adoption_domestic
1937096,2023-01-01,1,adoption_domestic
1946375,2023-01-01,1,adoption_domestic
1948175,2023-01-01,1,adoption_domestic
1950141,2023-01-01,1,adoption_domestic
5981,2024-01-01,1,adoption_domestic
7789,2024-01-01,1,adoption_domestic
38777,2024-01-01,1,adoption_domestic
104169,2024-01-01,1,adoption_domestic
320017,2024-01-01,1,adoption_domestic
706129,2024-01-01,1,adoption_domestic
811589,2024-01-01,1,adoption_domestic
827876,2024-01-01,1,adoption_domestic
837010,2024-01-01,1,adoption_domestic
896622,2024-01-01,1,adoption_domestic
903651,2024-01-01,1,adoption_domestic
1036848,2024-01-01,1,adoption_domestic
1045942,2024-01-01,1,adoption_domestic
1050446,2024-01-01,1,adoption_domestic
1056288,2024-01-01,1,adoption_domestic
1058290,2024-01-01,1,adoption_domestic
1069183,2024-01-01,1,adoption_domestic
1082324,2024-01-01,1,adoption_domestic
1099590,2024-01-01,1,adoption_domestic
1119190,2024-01-01,1,adoption_domestic
1349436,2024-01-01,1,adoption_domestic
1374310,2024-01-01,1,adoption_domestic
1403161,2024-01-01,1,adoption_domestic
1436229,2024-01-01,1,adoption_domestic
1439264,2024-01-01,1,adoption_domestic
1459188,2024-01-01,1,adoption_domestic
1471824,2024-01-01,1,adoption_domestic
1498372,2024-01-01,1,adoption_domestic
1521951,2024-01-01,1,adoption_domestic
1535929,2024-01-01,1,adoption_domestic
1538217,2024-01-01,1,adoption_domestic
1543042,2024-01-01,1,adoption_domestic
1545018,2024-01-01,1,adoption_domestic
1556487,2024-01-01,1,adoption_domestic
1556811,2024-01-01,1,adoption_domestic
1558013,2024-01-01,1,adoption_domestic
1558546,2024-01-01,1,adoption_domestic
1561726,2024-01-01,1,adoption_domestic
1566543,2024-01-01,1,adoption_domestic
1572493,2024-01-01,1,adoption_domestic
1573946,2024-01-01,1,adoption_domestic
1576047,2024-01-01,1,adoption_domestic
1578422,2024-01-01,1,adoption_domestic
1578423,2024-01-01,1,adoption_domestic
1580013,2024-01-01,1,adoption_domestic
1582037,2024-01-01,1,adoption_domestic
1585673,2024-01-01,1,adoption_domestic
1587234,2024-01-01,1,adoption_domestic
1587497,2024-01-01,1,adoption_domestic
1587980,2024-01-01,1,adoption_domestic
1587981,2024-01-01,1,adoption_domestic
1588251,2024-01-01,1,adoption_domestic
1588489,2024-01-01,1,adoption_domestic
1589804,2024-01-01,1,adoption_domestic
1590058,2024-01-01,1,adoption_domestic
1590231,2024-01-01,1,adoption_domestic
1593269,2024-01-01,1,adoption_domestic
1594100,2024-01-01,1,adoption_domestic
1594136,2024-01-01,1,adoption_domestic
1595710,2024-01-01,1,adoption_domestic
1595726,2024-01-01,1,adoption_domestic
1596958,2024-01-01,1,adoption_domestic
1597339,2024-01-01,1,adoption_domestic
1599714,2024-01-01,1,adoption_domestic
1600347,2024-01-01,1,adoption_domestic
1600823,2024-01-01,1,adoption_domestic
1600824,2024-01-01,1,adoption_domestic
1600831,2024-01-01,1,adoption_domestic
1601617,2024-01-01,1,adoption_domestic
1601705,2024-01-01,1,adoption_domestic
1603578,2024-01-01,1,adoption_domestic
1604083,2024-01-01,1,adoption_domestic
1604119,2024-01-01,1,adoption_domestic
1605057,2024-01-01,1,adoption_domestic
1605257,2024-01-01,1,adoption_domestic
1606442,2024-01-01,1,adoption_domestic
1607484,2024-01-01,1,adoption_domestic
1607641,2024-01-01,1,adoption_domestic
1607865,2024-01-01,1,adoption_domestic
1609671,2024-01-01,1,adoption_domestic
1610486,2024-01-01,1,adoption_domestic
1610796,2024-01-01,1,adoption_domestic
1612124,2024-01-01,1,adoption_domestic
1612126,2024-01-01,1,adoption_domestic
1612518,2024-01-01,1,adoption_domestic
1614033,2024-01-01,1,adoption_domestic
1616666,2024-01-01,1,adoption_domestic
1617760,2024-01-01,1,adoption_domestic
1617959,2024-01-01,1,adoption_domestic
1618150,2024-01-01,1,adoption_domestic
1618713,2024-01-01,1,adoption_domestic
1619511,2024-01-01,1,adoption_domestic
1619616,2024-01-01,1,adoption_domestic
1620305,2024-01-01,1,adoption_domestic
1621379,2024-01-01,1,adoption_domestic
1621466,2024-01-01,1,adoption_domestic
1622413,2024-01-01,1,adoption_domestic
1622765,2024-01-01,1,adoption_domestic
1623838,2024-01-01,1,adoption_domestic
1623916,2024-01-01,1,adoption_domestic
1625426,2024-01-01,1,adoption_domestic
1626941,2024-01-01,1,adoption_domestic
1628112,2024-01-01,1,adoption_domestic
1629069,2024-01-01,1,adoption_domestic
1629716,2024-01-01,1,adoption_domestic
1630477,2024-01-01,1,adoption_domestic
1630513,2024-01-01,1,adoption_domestic
1632814,2024-01-01,1,adoption_domestic
1633533,2024-01-01,1,adoption_domestic
1633917,2024-01-01,1,adoption_domestic
1634172,2024-01-01,1,adoption_domestic
1634976,2024-01-01,1,adoption_domestic
1635569,2024-01-01,1,adoption_domestic
1636513,2024-01-01,1,adoption_domestic
1637008,2024-01-01,1,adoption_domestic
1638227,2024-01-01,1,adoption_domestic
1638933,2024-01-01,1,adoption_domestic
1639353,2024-01-01,1,adoption_domestic
1640052,2024-01-01,1,adoption_domestic
1640384,2024-01-01,1,adoption_domestic
1640584,2024-01-01,1,adoption_domestic
1640775,2024-01-01,1,adoption_domestic
1642727,2024-01-01,1,adoption_domestic
1643550,2024-01-01,1,adoption_domestic
1643661,2024-01-01,1,adoption_domestic
1643873,2024-01-01,1,adoption_domestic
1644697,2024-01-01,1,adoption_domestic
1644943,2024-01-01,1,adoption_domestic
1645384,2024-01-01,1,adoption_domestic
1646736,2024-01-01,1,adoption_domestic
1646924,2024-01-01,1,adoption_domestic
1647587,2024-01-01,1,adoption_domestic
1647980,2024-01-01,1,adoption_domestic
1648195,2024-01-01,1,adoption_domestic
1648439,2024-01-01,1,adoption_domestic
1648858,2024-01-01,1,adoption_domestic
1651164,2024-01-01,1,adoption_domestic
1651588,2024-01-01,1,adoption_domestic
1651790,2024-01-01,1,adoption_domestic
1652031,2024-01-01,1,adoption_domestic
1652672,2024-01-01,1,adoption_domestic
1652884,2024-01-01,1,adoption_domestic
1652982,2024-01-01,1,adoption_domestic
1653542,2024-01-01,1,adoption_domestic
1654330,2024-01-01,1,adoption_domestic
1654734,2024-01-01,1,adoption_domestic
1655153,2024-01-01,1,adoption_domestic
1655591,2024-01-01,1,adoption_domestic
1656047,2024-01-01,1,adoption_domestic
1656088,2024-01-01,1,adoption_domestic
1656681,2024-01-01,1,adoption_domestic
1656839,2024-01-01,1,adoption_domestic
1657325,2024-01-01,1,adoption_domestic
1657889,2024-01-01,1,adoption_domestic
1659329,2024-01-01,1,adoption_domestic
1659981,2024-01-01,1,adoption_domestic
1661136,2024-01-01,1,adoption_domestic
1661589,2024-01-01,1,adoption_domestic
1662784,2024-01-01,1,adoption_domestic
1663239,2024-01-01,1,adoption_domestic
1663240,2024-01-01,1,adoption_domestic
1663244,2024-01-01,1,adoption_domestic
1663645,2024-01-01,1,adoption_domestic
1664682,2024-01-01,1,adoption_domestic
1665081,2024-01-01,1,adoption_domestic
1666156,2024-01-01,1,adoption_domestic
1668738,2024-01-01,1,adoption_domestic
1668931,2024-01-01,1,adoption_domestic
1669393,2024-01-01,1,adoption_domestic
1669990,2024-01-01,1,adoption_domestic
1670601,2024-01-01,1,adoption_domestic
1671048,2024-01-01,1,adoption_domestic
1671520,2024-01-01,1,adoption_domestic
1672587,2024-01-01,1,adoption_domestic
1672609,2024-01-01,1,adoption_domestic
1673255,2024-01-01,1,adoption_domestic
1673542,2024-01-01,1,adoption_domestic
1675928,2024-01-01,1,adoption_domestic
1676734,2024-01-01,1,adoption_domestic
1677390,2024-01-01,1,adoption_domestic
1677913,2024-01-01,1,adoption_domestic
1678038,2024-01-01,1,adoption_domestic
1678740,2024-01-01,1,adoption_domestic
1679327,2024-01-01,1,adoption_domestic
1679420,2024-01-01,1,adoption_domestic
1679788,2024-01-01,1,adoption_domestic
1681031,2024-01-01,1,adoption_domestic
1681906,2024-01-01,1,adoption_domestic
1682405,2024-01-01,1,adoption_domestic
1682860,2024-01-01,1,adoption_domestic
1683300,2024-01-01,1,adoption_domestic
1683489,2024-01-01,1,adoption_domestic
1684093,2024-01-01,1,adoption_domestic
1685054,2024-01-01,1,adoption_domestic
1685212,2024-01-01,1,adoption_domestic
1685854,2024-01-01,1,adoption_domestic
1686150,2024-01-01,1,adoption_domestic
1687031,2024-01-01,1,adoption_domestic
1687202,2024-01-01,1,adoption_domestic
1687374,2024-01-01,1,adoption_domestic
1687605,2024-01-01,1,adoption_domestic
1687955,2024-01-01,1,adoption_domestic
1688149,2024-01-01,1,adoption_domestic
1688451,2024-01-01,1,adoption_domestic
1688957,2024-01-01,1,adoption_domestic
1689111,2024-01-01,1,adoption_domestic
1689417,2024-01-01,1,adoption_domestic
1690110,2024-01-01,1,adoption_domestic
1690255,2024-01-01,1,adoption_domestic
1690577,2024-01-01,1,adoption_domestic
1691198,2024-01-01,1,adoption_domestic
1693368,2024-01-01,1,adoption_domestic
1693737,2024-01-01,1,adoption_domestic
1694649,2024-01-01,1,adoption_domestic
1695154,2024-01-01,1,adoption_domestic
1695924,2024-01-01,1,adoption_domestic
1696707,2024-01-01,1,adoption_domestic
1698685,2024-01-01,1,adoption_domestic
1699099,2024-01-01,1,adoption_domestic
1699462,2024-01-01,1,adoption_domestic
1700668,2024-01-01,1,adoption_domestic
1701638,2024-01-01,1,adoption_domestic
1702745,2024-01-01,1,adoption_domestic
1702746,2024-01-01,1,adoption_domestic
1702924,2024-01-01,1,adoption_domestic
1703075,2024-01-01,1,adoption_domestic
1704459,2024-01-01,1,adoption_domestic
1705163,2024-01-01,1,adoption_domestic
1705181,2024-01-01,1,adoption_domestic
1706060,2024-01-01,1,adoption_domestic
1706303,2024-01-01,1,adoption_domestic
1706403,2024-01-01,1,adoption_domestic
1706509,2024-01-01,1,adoption_domestic
1707817,2024-01-01,1,adoption_domestic
1708131,2024-01-01,1,adoption_domestic
1709967,2024-01-01,1,adoption_domestic
1710261,2024-01-01,1,adoption_domestic
1710360,2024-01-01,1,adoption_domestic
1710765,2024-01-01,1,adoption_domestic
1710798,2024-01-01,1,adoption_domestic
1711142,2024-01-01,1,adoption_domestic
1713226,2024-01-01,1,adoption_domestic
1713393,2024-01-01,1,adoption_domestic
1714154,2024-01-01,1,adoption_domestic
1714679,2024-01-01,1,adoption_domestic
1715824,2024-01-01,1,adoption_domestic
1715846,2024-01-01,1,adoption_domestic
1716186,2024-01-01,1,adoption_domestic
1716187,2024-01-01,1,adoption_domestic
1716263,2024-01-01,1,adoption_domestic
1716602,2024-01-01,1,adoption_domestic
1718304,2024-01-01,1,adoption_domestic
1718322,2024-01-01,1,adoption_domestic
1718483,2024-01-01,1,adoption_domestic
1719195,2024-01-01,1,adoption_domestic
1719199,2024-01-01,1,adoption_domestic
1719959,2024-01-01,1,adoption_domestic
1720265,2024-01-01,1,adoption_domestic
1720474,2024-01-01,1,adoption_domestic
1720748,2024-01-01,1,adoption_domestic
1721373,2024-01-01,1,adoption_domestic
1721905,2024-01-01,1,adoption_domestic
1722194,2024-01-01,1,adoption_domestic
1723291,2024-01-01,1,adoption_domestic
1723306,2024-01-01,1,adoption_domestic
1723788,2024-01-01,1,adoption_domestic
1724177,2024-01-01,1,adoption_domestic
1725210,2024-01-01,1,adoption_domestic
1727196,2024-01-01,1,adoption_domestic
1728085,2024-01-01,1,adoption_domestic
1728339,2024-01-01,1,adoption_domestic
1729832,2024-01-01,1,adoption_domestic
1729997,2024-01-01,1,adoption_domestic
1731044,2024-01-01,1,adoption_domestic
1731056,2024-01-01,1,adoption_domestic
1731627,2024-01-01,1,adoption_domestic
1732406,2024-01-01,1,adoption_domestic
1732409,2024-01-01,1,adoption_domestic
1732963,2024-01-01,1,adoption_domestic
1734103,2024-01-01,1,adoption_domestic
1735646,2024-01-01,1,adoption_domestic
1735733,2024-01-01,1,adoption_domestic
1736659,2024-01-01,1,adoption_domestic
1736862,2024-01-01,1,adoption_domestic
1739423,2024-01-01,1,adoption_domestic
1740040,2024-01-01,1,adoption_domestic
1740450,2024-01-01,1,adoption_domestic
1740742,2024-01-01,1,adoption_domestic
1740849,2024-01-01,1,adoption_domestic
1741690,2024-01-01,1,adoption_domestic
1742373,2024-01-01,1,adoption_domestic
1742383,2024-01-01,1,adoption_domestic
1744707,2024-01-01,1,adoption_domestic
1744982,2024-01-01,1,adoption_domestic
1745511,2024-01-01,1,adoption_domestic
1745529,2024-01-01,1,adoption_domestic
1746406,2024-01-01,1,adoption_domestic
1748940,2024-01-01,1,adoption_domestic
1748945,2024-01-01,1,adoption_domestic
1749360,2024-01-01,1,adoption_domestic
1749973,2024-01-01,1,adoption_domestic
1750106,2024-01-01,1,adoption_domestic
1751743,2024-01-01,1,adoption_domestic
1751874,2024-01-01,1,adoption_domestic
1752363,2024-01-01,1,adoption_domestic
1752594,2024-01-01,1,adoption_domestic
1753233,2024-01-01,1,adoption_domestic
1754913,2024-01-01,1,adoption_domestic
1756271,2024-01-01,1,adoption_domestic
1757018,2024-01-01,1,adoption_domestic
1757925,2024-01-01,1,adoption_domestic
1757928,2024-01-01,1,adoption_domestic
1758292,2024-01-01,1,adoption_domestic
1758882,2024-01-01,1,adoption_domestic
1758901,2024-01-01,1,adoption_domestic
1760337,2024-01-01,1,adoption_domestic
1761325,2024-01-01,1,adoption_domestic
1763001,2024-01-01,1,adoption_domestic
1763207,2024-01-01,1,adoption_domestic
1763333,2024-01-01,1,adoption_domestic
1763501,2024-01-01,1,adoption_domestic
1763502,2024-01-01,1,adoption_domestic
1764759,2024-01-01,1,adoption_domestic
1766367,2024-01-01,1,adoption_domestic
1766660,2024-01-01,1,adoption_domestic
1769961,2024-01-01,1,adoption_domestic
1770572,2024-01-01,1,adoption_domestic
1771501,2024-01-01,1,adoption_domestic
1772527,2024-01-01,1,adoption_domestic
1773339,2024-01-01,1,adoption_domestic
1774962,2024-01-01,1,adoption_domestic
1775756,2024-01-01,1,adoption_domestic
1776086,2024-01-01,1,adoption_domestic
1776721,2024-01-01,1,adoption_domestic
1778232,2024-01-01,1,adoption_domestic
1778749,2024-01-01,1,adoption_domestic
1780131,2024-01-01,1,adoption_domestic
1780678,2024-01-01,1,adoption_domestic
1780859,2024-01-01,1,adoption_domestic
1781089,2024-01-01,1,adoption_domestic
1783287,2024-01-01,1,adoption_domestic
1783879,2024-01-01,1,adoption_domestic
1784958,2024-01-01,1,adoption_domestic
1785812,2024-01-01,1,adoption_domestic
1785881,2024-01-01,1,adoption_domestic
1786008,2024-01-01,1,adoption_domestic
1787000,2024-01-01,1,adoption_domestic
1787001,2024-01-01,1,adoption_domestic
1787490,2024-01-01,1,adoption_domestic
1787518,2024-01-01,1,adoption_domestic
1789307,2024-01-01,1,adoption_domestic
1789356,2024-01-01,1,adoption_domestic
1790013,2024-01-01,1,adoption_domestic
1790441,2024-01-01,1,adoption_domestic
1791183,2024-01-01,1,adoption_domestic
1791239,2024-01-01,1,adoption_domestic
1791295,2024-01-01,1,adoption_domestic
1792157,2024-01-01,1,adoption_domestic
1792158,2024-01-01,1,adoption_domestic
1792414,2024-01-01,1,adoption_domestic
1792905,2024-01-01,1,adoption_domestic
1793165,2024-01-01,1,adoption_domestic
1793651,2024-01-01,1,adoption_domestic
1793744,2024-01-01,1,adoption_domestic
1793856,2024-01-01,1,adoption_domestic
1794303,2024-01-01,1,adoption_domestic
1796514,2024-01-01,1,adoption_domestic
1797056,2024-01-01,1,adoption_domestic
1797288,2024-01-01,1,adoption_domestic
1797679,2024-01-01,1,adoption_domestic
1799385,2024-01-01,1,adoption_domestic
1799463,2024-01-01,1,adoption_domestic
1800294,2024-01-01,1,adoption_domestic
1801338,2024-01-01,1,adoption_domestic
1801661,2024-01-01,1,adoption_domestic
1802215,2024-01-01,1,adoption_domestic
1803308,2024-01-01,1,adoption_domestic
1803858,2024-01-01,1,adoption_domestic
1806944,2024-01-01,1,adoption_domestic
1810050,2024-01-01,1,adoption_domestic
1812604,2024-01-01,1,adoption_domestic
1814389,2024-01-01,1,adoption_domestic
1816147,2024-01-01,1,adoption_domestic
1816861,2024-01-01,1,adoption_domestic
1818254,2024-01-01,1,adoption_domestic
1818654,2024-01-01,1,adoption_domestic
1819989,2024-01-01,1,adoption_domestic
1820302,2024-01-01,1,adoption_domestic
1821946,2024-01-01,1,adoption_domestic
1822166,2024-01-01,1,adoption_domestic
1823144,2024-01-01,1,adoption_domestic
1823722,2024-01-01,1,adoption_domestic
1824482,2024-01-01,1,adoption_domestic
1827054,2024-01-01,1,adoption_domestic
1827183,2024-01-01,1,adoption_domestic
1830315,2024-01-01,1,adoption_domestic
1832873,2024-01-01,1,adoption_domestic
1832874,2024-01-01,1,adoption_domestic
1833522,2024-01-01,1,adoption_domestic
1833563,2024-01-01,1,adoption_domestic
1835022,2024-01-01,1,adoption_domestic
1838028,2024-01-01,1,adoption_domestic
1840121,2024-01-01,1,adoption_domestic
1840644,2024-01-01,1,adoption_domestic
1841175,2024-01-01,1,adoption_domestic
1843823,2024-01-01,1,adoption_domestic
1844998,2024-01-01,1,adoption_domestic
1848411,2024-01-01,1,adoption_domestic
1849820,2024-01-01,1,adoption_domestic
1850391,2024-01-01,1,adoption_domestic
1851817,2024-01-01,1,adoption_domestic
1855781,2024-01-01,1,adoption_domestic
1858865,2024-01-01,1,adoption_domestic
1862080,2024-01-01,1,adoption_domestic
1863688,2024-01-01,1,adoption_domestic
1864196,2024-01-01,1,adoption_domestic
1866493,2024-01-01,1,adoption_domestic
1867467,2024-01-01,1,adoption_domestic
1869699,2024-01-01,1,adoption_domestic
1870404,2024-01-01,1,adoption_domestic
1871630,2024-01-01,1,adoption_domestic
1872347,2024-01-01,1,adoption_domestic
1876588,2024-01-01,1,adoption_domestic
1880187,2024-01-01,1,adoption_domestic
1880921,2024-01-01,1,adoption_domestic
1881326,2024-01-01,1,adoption_domestic
1889297,2024-01-01,1,adoption_domestic
1891774,2024-01-01,1,adoption_domestic
1891818,2024-01-01,1,adoption_domestic
1895116,2024-01-01,1,adoption_domestic
1895567,2024-01-01,1,adoption_domestic
1900454,2024-01-01,1,adoption_domestic
1902565,2024-01-01,1,adoption_domestic
1903688,2024-01-01,1,adoption_domestic
1907059,2024-01-01,1,adoption_domestic
1907569,2024-01-01,1,adoption_domestic
1912509,2024-01-01,1,adoption_domestic
1912724,2024-01-01,1,adoption_domestic
1916018,2024-01-01,1,adoption_domestic
1920442,2024-01-01,1,adoption_domestic
1926900,2024-01-01,1,adoption_domestic
1937096,2024-01-01,1,adoption_domestic
1946375,2024-01-01,1,adoption_domestic
1948175,2024-01-01,1,adoption_domestic
1950140,2024-01-01,1,adoption_domestic
1950141,2024-01-01,1,adoption_domestic
1958501,2024-01-01,1,adoption_domestic
1961629,2024-01-01,1,adoption_domestic
1966002,2024-01-01,1,adoption_domestic
1966434,2024-01-01,1,adoption_domestic
1967945,2024-01-01,1,adoption_domestic
1970781,2024-01-01,1,adoption_domestic
1974587,2024-01-01,1,adoption_domestic
1979748,2024-01-01,1,adoption_domestic
1980994,2024-01-01,1,adoption_domestic
1981769,2024-01-01,1,adoption_domestic
1982178,2024-01-01,1,adoption_domestic
1984246,2024-01-01,1,adoption_domestic
1984262,2024-01-01,1,adoption_domestic
1985684,2024-01-01,1,adoption_domestic
1985840,2024-01-01,1,adoption_domestic
1987419,2024-01-01,1,adoption_domestic
1991192,2024-01-01,1,adoption_domestic
1991524,2024-01-01,1,adoption_domestic
1992870,2024-01-01,1,adoption_domestic
1994342,2024-01-01,1,adoption_domestic
1995500,2024-01-01,1,adoption_domestic
1996001,2024-01-01,1,adoption_domestic
2002215,2024-01-01,1,adoption_domestic
2016167,2024-01-01,1,adoption_domestic
5981,2025-01-01,1,adoption_domestic
104169,2025-01-01,1,adoption_domestic
320017,2025-01-01,1,adoption_domestic
706129,2025-01-01,1,adoption_domestic
837010,2025-01-01,1,adoption_domestic
862861,2025-01-01,1,adoption_domestic
896622,2025-01-01,1,adoption_domestic
903651,2025-01-01,1,adoption_domestic
1050446,2025-01-01,1,adoption_domestic
1056288,2025-01-01,1,adoption_domestic
1058290,2025-01-01,1,adoption_domestic
1069183,2025-01-01,1,adoption_domestic
1099590,2025-01-01,1,adoption_domestic
1326380,2025-01-01,1,adoption_domestic
1349436,2025-01-01,1,adoption_domestic
1374310,2025-01-01,1,adoption_domestic
1410384,2025-01-01,1,adoption_domestic
1425450,2025-01-01,1,adoption_domestic
1436229,2025-01-01,1,adoption_domestic
1454742,2025-01-01,1,adoption_domestic
1498372,2025-01-01,1,adoption_domestic
1521951,2025-01-01,1,adoption_domestic
1535929,2025-01-01,1,adoption_domestic
1543042,2025-01-01,1,adoption_domestic
1545018,2025-01-01,1,adoption_domestic
1554859,2025-01-01,1,adoption_domestic
1558013,2025-01-01,1,adoption_domestic
1558546,2025-01-01,1,adoption_domestic
1561726,2025-01-01,1,adoption_domestic
1566543,2025-01-01,1,adoption_domestic
1576047,2025-01-01,1,adoption_domestic
1578422,2025-01-01,1,adoption_domestic
1578423,2025-01-01,1,adoption_domestic
1580013,2025-01-01,1,adoption_domestic
1582037,2025-01-01,1,adoption_domestic
1587497,2025-01-01,1,adoption_domestic
1587981,2025-01-01,1,adoption_domestic
1588489,2025-01-01,1,adoption_domestic
1589804,2025-01-01,1,adoption_domestic
1590058,2025-01-01,1,adoption_domestic
1594100,2025-01-01,1,adoption_domestic
1595726,2025-01-01,1,adoption_domestic
1596958,2025-01-01,1,adoption_domestic
1597339,2025-01-01,1,adoption_domestic
1597846,2025-01-01,1,adoption_domestic
1600824,2025-01-01,1,adoption_domestic
1603578,2025-01-01,1,adoption_domestic
1604083,2025-01-01,1,adoption_domestic
1605257,2025-01-01,1,adoption_domestic
1606442,2025-01-01,1,adoption_domestic
1607484,2025-01-01,1,adoption_domestic
1607641,2025-01-01,1,adoption_domestic
1607865,2025-01-01,1,adoption_domestic
1609671,2025-01-01,1,adoption_domestic
1610796,2025-01-01,1,adoption_domestic
1612126,2025-01-01,1,adoption_domestic
1612518,2025-01-01,1,adoption_domestic
1614033,2025-01-01,1,adoption_domestic
1616666,2025-01-01,1,adoption_domestic
1617959,2025-01-01,1,adoption_domestic
1618150,2025-01-01,1,adoption_domestic
1618713,2025-01-01,1,adoption_domestic
1619511,2025-01-01,1,adoption_domestic
1619616,2025-01-01,1,adoption_domestic
1620305,2025-01-01,1,adoption_domestic
1621379,2025-01-01,1,adoption_domestic
1621466,2025-01-01,1,adoption_domestic
1622413,2025-01-01,1,adoption_domestic
1622765,2025-01-01,1,adoption_domestic
1623838,2025-01-01,1,adoption_domestic
1623916,2025-01-01,1,adoption_domestic
1625123,2025-01-01,1,adoption_domestic
1625426,2025-01-01,1,adoption_domestic
1626941,2025-01-01,1,adoption_domestic
1628112,2025-01-01,1,adoption_domestic
1629716,2025-01-01,1,adoption_domestic
1630477,2025-01-01,1,adoption_domestic
1630513,2025-01-01,1,adoption_domestic
1632814,2025-01-01,1,adoption_domestic
1633533,2025-01-01,1,adoption_domestic
1633917,2025-01-01,1,adoption_domestic
1634172,2025-01-01,1,adoption_domestic
1634976,2025-01-01,1,adoption_domestic
1635569,2025-01-01,1,adoption_domestic
1636513,2025-01-01,1,adoption_domestic
1637008,2025-01-01,1,adoption_domestic
1638227,2025-01-01,1,adoption_domestic
1638933,2025-01-01,1,adoption_domestic
1639353,2025-01-01,1,adoption_domestic
1640052,2025-01-01,1,adoption_domestic
1640384,2025-01-01,1,adoption_domestic
1640584,2025-01-01,1,adoption_domestic
1640775,2025-01-01,1,adoption_domestic
1642727,2025-01-01,1,adoption_domestic
1643550,2025-01-01,1,adoption_domestic
1643661,2025-01-01,1,adoption_domestic
1643873,2025-01-01,1,adoption_domestic
1644697,2025-01-01,1,adoption_domestic
1644943,2025-01-01,1,adoption_domestic
1645384,2025-01-01,1,adoption_domestic
1646736,2025-01-01,1,adoption_domestic
1646924,2025-01-01,1,adoption_domestic
1647587,2025-01-01,1,adoption_domestic
1647980,2025-01-01,1,adoption_domestic
1648195,2025-01-01,1,adoption_domestic
1648439,2025-01-01,1,adoption_domestic
1648858,2025-01-01,1,adoption_domestic
1651164,2025-01-01,1,adoption_domestic
1651588,2025-01-01,1,adoption_domestic
1651790,2025-01-01,1,adoption_domestic
1652031,2025-01-01,1,adoption_domestic
1652672,2025-01-01,1,adoption_domestic
1652884,2025-01-01,1,adoption_domestic
1652982,2025-01-01,1,adoption_domestic
1653542,2025-01-01,1,adoption_domestic
1654330,2025-01-01,1,adoption_domestic
1654734,2025-01-01,1,adoption_domestic
1655153,2025-01-01,1,adoption_domestic
1655591,2025-01-01,1,adoption_domestic
1656047,2025-01-01,1,adoption_domestic
1656088,2025-01-01,1,adoption_domestic
1656681,2025-01-01,1,adoption_domestic
1656839,2025-01-01,1,adoption_domestic
1657325,2025-01-01,1,adoption_domestic
1657889,2025-01-01,1,adoption_domestic
1659329,2025-01-01,1,adoption_domestic
1659981,2025-01-01,1,adoption_domestic
1661136,2025-01-01,1,adoption_domestic
1661589,2025-01-01,1,adoption_domestic
1662784,2025-01-01,1,adoption_domestic
1663239,2025-01-01,1,adoption_domestic
1663240,2025-01-01,1,adoption_domestic
1663244,2025-01-01,1,adoption_domestic
1663645,2025-01-01,1,adoption_domestic
1664682,2025-01-01,1,adoption_domestic
1665081,2025-01-01,1,adoption_domestic
1666156,2025-01-01,1,adoption_domestic
1668738,2025-01-01,1,adoption_domestic
1668931,2025-01-01,1,adoption_domestic
1669393,2025-01-01,1,adoption_domestic
1669990,2025-01-01,1,adoption_domestic
1670601,2025-01-01,1,adoption_domestic
1671048,2025-01-01,1,adoption_domestic
1671520,2025-01-01,1,adoption_domestic
1671941,2025-01-01,1,adoption_domestic
1672587,2025-01-01,1,adoption_domestic
1672609,2025-01-01,1,adoption_domestic
1673255,2025-01-01,1,adoption_domestic
1673542,2025-01-01,1,adoption_domestic
1675928,2025-01-01,1,adoption_domestic
1676734,2025-01-01,1,adoption_domestic
1677390,2025-01-01,1,adoption_domestic
1677913,2025-01-01,1,adoption_domestic
1678038,2025-01-01,1,adoption_domestic
1678740,2025-01-01,1,adoption_domestic
1679327,2025-01-01,1,adoption_domestic
1679420,2025-01-01,1,adoption_domestic
1679788,2025-01-01,1,adoption_domestic
1681031,2025-01-01,1,adoption_domestic
1681906,2025-01-01,1,adoption_domestic
1682405,2025-01-01,1,adoption_domestic
1682860,2025-01-01,1,adoption_domestic
1683300,2025-01-01,1,adoption_domestic
1683489,2025-01-01,1,adoption_domestic
1684093,2025-01-01,1,adoption_domestic
1685054,2025-01-01,1,adoption_domestic
1685212,2025-01-01,1,adoption_domestic
1685854,2025-01-01,1,adoption_domestic
1686150,2025-01-01,1,adoption_domestic
1687031,2025-01-01,1,adoption_domestic
1687202,2025-01-01,1,adoption_domestic
1687374,2025-01-01,1,adoption_domestic
1687605,2025-01-01,1,adoption_domestic
1687955,2025-01-01,1,adoption_domestic
1688149,2025-01-01,1,adoption_domestic
1688451,2025-01-01,1,adoption_domestic
1688957,2025-01-01,1,adoption_domestic
1689111,2025-01-01,1,adoption_domestic
1689417,2025-01-01,1,adoption_domestic
1690110,2025-01-01,1,adoption_domestic
1690255,2025-01-01,1,adoption_domestic
1690577,2025-01-01,1,adoption_domestic
1691198,2025-01-01,1,adoption_domestic
1693368,2025-01-01,1,adoption_domestic
1693737,2025-01-01,1,adoption_domestic
1694649,2025-01-01,1,adoption_domestic
1695154,2025-01-01,1,adoption_domestic
1695924,2025-01-01,1,adoption_domestic
1696707,2025-01-01,1,adoption_domestic
1698685,2025-01-01,1,adoption_domestic
1699099,2025-01-01,1,adoption_domestic
1699462,2025-01-01,1,adoption_domestic
1700668,2025-01-01,1,adoption_domestic
1701638,2025-01-01,1,adoption_domestic
1702745,2025-01-01,1,adoption_domestic
1702746,2025-01-01,1,adoption_domestic
1702924,2025-01-01,1,adoption_domestic
1703075,2025-01-01,1,adoption_domestic
1704459,2025-01-01,1,adoption_domestic
1705163,2025-01-01,1,adoption_domestic
1705181,2025-01-01,1,adoption_domestic
1706060,2025-01-01,1,adoption_domestic
1706303,2025-01-01,1,adoption_domestic
1706403,2025-01-01,1,adoption_domestic
1707817,2025-01-01,1,adoption_domestic
1708131,2025-01-01,1,adoption_domestic
1709967,2025-01-01,1,adoption_domestic
1710261,2025-01-01,1,adoption_domestic
1710350,2025-01-01,1,adoption_domestic
1710360,2025-01-01,1,adoption_domestic
1710765,2025-01-01,1,adoption_domestic
1710798,2025-01-01,1,adoption_domestic
1711142,2025-01-01,1,adoption_domestic
1713226,2025-01-01,1,adoption_domestic
1713393,2025-01-01,1,adoption_domestic
1714154,2025-01-01,1,adoption_domestic
1714679,2025-01-01,1,adoption_domestic
1715824,2025-01-01,1,adoption_domestic
1715846,2025-01-01,1,adoption_domestic
1716186,2025-01-01,1,adoption_domestic
1716187,2025-01-01,1,adoption_domestic
1716263,2025-01-01,1,adoption_domestic
1716602,2025-01-01,1,adoption_domestic
1718304,2025-01-01,1,adoption_domestic
1718322,2025-01-01,1,adoption_domestic
1718483,2025-01-01,1,adoption_domestic
1719195,2025-01-01,1,adoption_domestic
1719199,2025-01-01,1,adoption_domestic
1719959,2025-01-01,1,adoption_domestic
1720265,2025-01-01,1,adoption_domestic
1720474,2025-01-01,1,adoption_domestic
1720748,2025-01-01,1,adoption_domestic
1721373,2025-01-01,1,adoption_domestic
1721905,2025-01-01,1,adoption_domestic
1722194,2025-01-01,1,adoption_domestic
1723128,2025-01-01,1,adoption_domestic
1723291,2025-01-01,1,adoption_domestic
1723306,2025-01-01,1,adoption_domestic
1723788,2025-01-01,1,adoption_domestic
1724177,2025-01-01,1,adoption_domestic
1725210,2025-01-01,1,adoption_domestic
1727196,2025-01-01,1,adoption_domestic
1728085,2025-01-01,1,adoption_domestic
1728339,2025-01-01,1,adoption_domestic
1729832,2025-01-01,1,adoption_domestic
1731044,2025-01-01,1,adoption_domestic
1731056,2025-01-01,1,adoption_domestic
1731627,2025-01-01,1,adoption_domestic
1732963,2025-01-01,1,adoption_domestic
1734103,2025-01-01,1,adoption_domestic
1735646,2025-01-01,1,adoption_domestic
1735733,2025-01-01,1,adoption_domestic
1736659,2025-01-01,1,adoption_domestic
1736862,2025-01-01,1,adoption_domestic
1737523,2025-01-01,1,adoption_domestic
1739423,2025-01-01,1,adoption_domestic
1740040,2025-01-01,1,adoption_domestic
1740450,2025-01-01,1,adoption_domestic
1740742,2025-01-01,1,adoption_domestic
1740849,2025-01-01,1,adoption_domestic
1741690,2025-01-01,1,adoption_domestic
1742373,2025-01-01,1,adoption_domestic
1742383,2025-01-01,1,adoption_domestic
1744707,2025-01-01,1,adoption_domestic
1744982,2025-01-01,1,adoption_domestic
1745511,2025-01-01,1,adoption_domestic
1745529,2025-01-01,1,adoption_domestic
1746406,2025-01-01,1,adoption_domestic
1748940,2025-01-01,1,adoption_domestic
1749360,2025-01-01,1,adoption_domestic
1749973,2025-01-01,1,adoption_domestic
1751743,2025-01-01,1,adoption_domestic
1751874,2025-01-01,1,adoption_domestic
1752363,2025-01-01,1,adoption_domestic
1752594,2025-01-01,1,adoption_domestic
1753233,2025-01-01,1,adoption_domestic
1754913,2025-01-01,1,adoption_domestic
1755953,2025-01-01,1,adoption_domestic
1756271,2025-01-01,1,adoption_domestic
1757018,2025-01-01,1,adoption_domestic
1757925,2025-01-01,1,adoption_domestic
1757928,2025-01-01,1,adoption_domestic
1758292,2025-01-01,1,adoption_domestic
1758882,2025-01-01,1,adoption_domestic
1758901,2025-01-01,1,adoption_domestic
1760337,2025-01-01,1,adoption_domestic
1763001,2025-01-01,1,adoption_domestic
1763207,2025-01-01,1,adoption_domestic
1763333,2025-01-01,1,adoption_domestic
1763415,2025-01-01,1,adoption_domestic
1763501,2025-01-01,1,adoption_domestic
1763502,2025-01-01,1,adoption_domestic
1764759,2025-01-01,1,adoption_domestic
1766367,2025-01-01,1,adoption_domestic
1766660,2025-01-01,1,adoption_domestic
1769961,2025-01-01,1,adoption_domestic
1770572,2025-01-01,1,adoption_domestic
1771200,2025-01-01,1,adoption_domestic
1772527,2025-01-01,1,adoption_domestic
1773339,2025-01-01,1,adoption_domestic
1774962,2025-01-01,1,adoption_domestic
1775756,2025-01-01,1,adoption_domestic
1776086,2025-01-01,1,adoption_domestic
1776721,2025-01-01,1,adoption_domestic
1778232,2025-01-01,1,adoption_domestic
1778749,2025-01-01,1,adoption_domestic
1780131,2025-01-01,1,adoption_domestic
1780678,2025-01-01,1,adoption_domestic
1780859,2025-01-01,1,adoption_domestic
1781089,2025-01-01,1,adoption_domestic
1783287,2025-01-01,1,adoption_domestic
1783879,2025-01-01,1,adoption_domestic
1784958,2025-01-01,1,adoption_domestic
1785812,2025-01-01,1,adoption_domestic
1785881,2025-01-01,1,adoption_domestic
1786008,2025-01-01,1,adoption_domestic
1787000,2025-01-01,1,adoption_domestic
1787001,2025-01-01,1,adoption_domestic
1787490,2025-01-01,1,adoption_domestic
1787518,2025-01-01,1,adoption_domestic
1789307,2025-01-01,1,adoption_domestic
1789356,2025-01-01,1,adoption_domestic
1789954,2025-01-01,1,adoption_domestic
1790013,2025-01-01,1,adoption_domestic
1790441,2025-01-01,1,adoption_domestic
1791183,2025-01-01,1,adoption_domestic
1791239,2025-01-01,1,adoption_domestic
1791295,2025-01-01,1,adoption_domestic
1792157,2025-01-01,1,adoption_domestic
1792158,2025-01-01,1,adoption_domestic
1792414,2025-01-01,1,adoption_domestic
1792905,2025-01-01,1,adoption_domestic
1793165,2025-01-01,1,adoption_domestic
1793651,2025-01-01,1,adoption_domestic
1793744,2025-01-01,1,adoption_domestic
1793856,2025-01-01,1,adoption_domestic
1794303,2025-01-01,1,adoption_domestic
1797056,2025-01-01,1,adoption_domestic
1797288,2025-01-01,1,adoption_domestic
1797679,2025-01-01,1,adoption_domestic
1799385,2025-01-01,1,adoption_domestic
1799463,2025-01-01,1,adoption_domestic
1800294,2025-01-01,1,adoption_domestic
1801338,2025-01-01,1,adoption_domestic
1802215,2025-01-01,1,adoption_domestic
1803308,2025-01-01,1,adoption_domestic
1803858,2025-01-01,1,adoption_domestic
1806944,2025-01-01,1,adoption_domestic
1810050,2025-01-01,1,adoption_domestic
1812604,2025-01-01,1,adoption_domestic
1814389,2025-01-01,1,adoption_domestic
1816147,2025-01-01,1,adoption_domestic
1816861,2025-01-01,1,adoption_domestic
1818254,2025-01-01,1,adoption_domestic
1818654,2025-01-01,1,adoption_domestic
1820302,2025-01-01,1,adoption_domestic
1821534,2025-01-01,1,adoption_domestic
1821946,2025-01-01,1,adoption_domestic
1822166,2025-01-01,1,adoption_domestic
1823722,2025-01-01,1,adoption_domestic
1824482,2025-01-01,1,adoption_domestic
1827054,2025-01-01,1,adoption_domestic
1827183,2025-01-01,1,adoption_domestic
1830081,2025-01-01,1,adoption_domestic
1830315,2025-01-01,1,adoption_domestic
1832873,2025-01-01,1,adoption_domestic
1832874,2025-01-01,1,adoption_domestic
1833522,2025-01-01,1,adoption_domestic
1833563,2025-01-01,1,adoption_domestic
1835022,2025-01-01,1,adoption_domestic
1838028,2025-01-01,1,adoption_domestic
1840121,2025-01-01,1,adoption_domestic
1840644,2025-01-01,1,adoption_domestic
1841175,2025-01-01,1,adoption_domestic
1843823,2025-01-01,1,adoption_domestic
1844998,2025-01-01,1,adoption_domestic
1848411,2025-01-01,1,adoption_domestic
1849820,2025-01-01,1,adoption_domestic
1850391,2025-01-01,1,adoption_domestic
1851817,2025-01-01,1,adoption_domestic
1853825,2025-01-01,1,adoption_domestic
1855781,2025-01-01,1,adoption_domestic
1858865,2025-01-01,1,adoption_domestic
1860788,2025-01-01,1,adoption_domestic
1862080,2025-01-01,1,adoption_domestic
1863688,2025-01-01,1,adoption_domestic
1864196,2025-01-01,1,adoption_domestic
1866493,2025-01-01,1,adoption_domestic
1867467,2025-01-01,1,adoption_domestic
1869699,2025-01-01,1,adoption_domestic
1870404,2025-01-01,1,adoption_domestic
1871630,2025-01-01,1,adoption_domestic
1872347,2025-01-01,1,adoption_domestic
1874315,2025-01-01,1,adoption_domestic
1876588,2025-01-01,1,adoption_domestic
1880187,2025-01-01,1,adoption_domestic
1880921,2025-01-01,1,adoption_domestic
1881326,2025-01-01,1,adoption_domestic
1889297,2025-01-01,1,adoption_domestic
1891774,2025-01-01,1,adoption_domestic
1891818,2025-01-01,1,adoption_domestic
1895116,2025-01-01,1,adoption_domestic
1895567,2025-01-01,1,adoption_domestic
1900454,2025-01-01,1,adoption_domestic
1902565,2025-01-01,1,adoption_domestic
1903688,2025-01-01,1,adoption_domestic
1907059,2025-01-01,1,adoption_domestic
1907569,2025-01-01,1,adoption_domestic
1912509,2025-01-01,1,adoption_domestic
1912724,2025-01-01,1,adoption_domestic
1916018,2025-01-01,1,adoption_domestic
1920442,2025-01-01,1,adoption_domestic
1926900,2025-01-01,1,adoption_domestic
1937096,2025-01-01,1,adoption_domestic
1946375,2025-01-01,1,adoption_domestic
1948175,2025-01-01,1,adoption_domestic
1950140,2025-01-01,1,adoption_domestic
1950141,2025-01-01,1,adoption_domestic
1958501,2025-01-01,1,adoption_domestic
1961629,2025-01-01,1,adoption_domestic
1964789,2025-01-01,1,adoption_domestic
1966002,2025-01-01,1,adoption_domestic
1966434,2025-01-01,1,adoption_domestic
1967945,2025-01-01,1,adoption_domestic
1970781,2025-01-01,1,adoption_domestic
1974587,2025-01-01,1,adoption_domestic
1979748,2025-01-01,1,adoption_domestic
1980994,2025-01-01,1,adoption_domestic
1981769,2025-01-01,1,adoption_domestic
1982178,2025-01-01,1,adoption_domestic
1984246,2025-01-01,1,adoption_domestic
1984262,2025-01-01,1,adoption_domestic
1985684,2025-01-01,1,adoption_domestic
1987419,2025-01-01,1,adoption_domestic
1991192,2025-01-01,1,adoption_domestic
1991524,2025-01-01,1,adoption_domestic
1992508,2025-01-01,1,adoption_domestic
1992870,2025-01-01,1,adoption_domestic
1994342,2025-01-01,1,adoption_domestic
1995500,2025-01-01,1,adoption_domestic
1995569,2025-01-01,1,adoption_domestic
1996001,2025-01-01,1,adoption_domestic
2000638,2025-01-01,1,adoption_domestic
2002215,2025-01-01,1,adoption_domestic
2006016,2025-01-01,1,adoption_domestic
2006370,2025-01-01,1,adoption_domestic
2006440,2025-01-01,1,adoption_domestic
2011535,2025-01-01,1,adoption_domestic
2012263,2025-01-01,1,adoption_domestic
2012265,2025-01-01,1,adoption_domestic
2012481,2025-01-01,1,adoption_domestic
2013744,2025-01-01,1,adoption_domestic
2013825,2025-01-01,1,adoption_domestic
2015034,2025-01-01,1,adoption_domestic
2016125,2025-01-01,1,adoption_domestic
2017898,2025-01-01,1,adoption_domestic
2020017,2025-01-01,1,adoption_domestic
2020455,2025-01-01,1,adoption_domestic
2022503,2025-01-01,1,adoption_domestic
2022685,2025-01-01,1,adoption_domestic
2023106,2025-01-01,1,adoption_domestic
2024274,2025-01-01,1,adoption_domestic
2024812,2025-01-01,1,adoption_domestic
2027304,2025-01-01,1,adoption_domestic
2028411,2025-01-01,1,adoption_domestic
2029929,2025-01-01,1,adoption_domestic
2030072,2025-01-01,1,adoption_domestic
2032772,2025-01-01,1,adoption_domestic
2034419,2025-01-01,1,adoption_domestic
2034721,2025-01-01,1,adoption_domestic
2036193,2025-01-01,1,adoption_domestic
2037111,2025-01-01,1,adoption_domestic
2038432,2025-01-01,1,adoption_domestic
2038433,2025-01-01,1,adoption_domestic
2039535,2025-01-01,1,adoption_domestic
2039612,2025-01-01,1,adoption_domestic
2039768,2025-01-01,1,adoption_domestic
2041680,2025-01-01,1,adoption_domestic
2044180,2025-01-01,1,adoption_domestic
2044491,2025-01-01,1,adoption_domestic
2044614,2025-01-01,1,adoption_domestic
2044630,2025-01-01,1,adoption_domestic
1588489,2025-01-01,1,risk_domestic
1705181,2025-01-01,1,risk_domestic
1720265,2025-01-01,1,risk_domestic
1725210,2025-01-01,1,risk_domestic
2015034,2025-01-01,1,risk_domestic
2020455,2025-01-01,1,risk_domestic
